사고번호,사고일시,요일,시군구,사고내용,사망자수,중상자수,경상자수,부상신고자수,사고유형,법규위반,노면상태,기상상태,도로형태,가해운전자 차종,가해운전자 성별,가해운전자 연령,가해운전자 상해정도,피해운전자 차종,피해운전자 성별,피해운전자 연령,피해운전자 상해정도
2014012200100490,2014년 1월 22일 20시,수요일,대전광역시 유성구 노은동,경상사고,0,0,3,0,차대차 - 측면직각충돌,안전운전불이행,건조,맑음,단일로 - 기타,승용,남,47세,상해없음,승용,남,56세,경상
2014012200100525,2014년 1월 22일 21시,수요일,대전광역시 중구 대흥동,경상사고,0,0,1,0,차대차 - 기타,중앙선침범,건조,맑음,단일로 - 기타,승용,남,47세,상해없음,원동기,남,31세,경상
2014012200100568,2014년 1월 22일 22시,수요일,대전광역시 서구 탄방동,중상사고,0,1,0,0,차대차 - 정면충돌,중앙선침범,건조,맑음,단일로 - 기타,자전거,남,19세,중상,이륜,남,17세,상해없음
2014012200100598,2014년 1월 22일 23시,수요일,대전광역시 서구 둔산동,경상사고,0,0,2,0,차대차 - 추돌 - 주정차중,안전운전불이행,건조,맑음,교차로 - 교차로부근,승용,남,42세,상해없음,승용,남,21세,경상
2014012300100065,2014년 1월 23일 04시,목요일,대전광역시 서구 괴정동,경상사고,0,0,2,0,차대차 - 기타,안전운전불이행,건조,맑음,단일로 - 기타,승용,남,22세,상해없음,화물,남,19세,경상
2014012300100077,2014년 1월 23일 05시,목요일,대전광역시 서구 둔산동,경상사고,0,0,1,0,차대사람 - 기타,안전운전불이행,건조,맑음,단일로 - 기타,화물,남,58세,상해없음,보행자,남,22세,경상
2014012300100121,2014년 1월 23일 07시,목요일,대전광역시 동구 판암동,경상사고,0,0,2,0,차대차 - 추돌 - 주정차중,안전운전불이행,건조,맑음,단일로 - 기타,화물,남,64세,경상,승용,남,49세,경상
2014012300100213,2014년 1월 23일 10시,목요일,대전광역시 서구 갈마동,중상사고,0,1,0,0,차대사람 - 기타,신호위반,건조,맑음,교차로 - 교차로안,승용,여,59세,상해없음,보행자,여,21세,중상
2014012300100261,2014년 1월 23일 12시,목요일,대전광역시 유성구 봉명동,중상사고,0,1,0,0,차대차 - 기타,안전운전불이행,건조,맑음,기타 - 기타,승용,남,46세,상해없음,승용,남,46세,상해없음
2014012300100316,2014년 1월 23일 14시,목요일,대전광역시 서구 도마동,경상사고,0,0,1,0,차대사람 - 기타,안전운전불이행,건조,맑음,단일로 - 기타,승용,남,69세,상해없음,보행자,여,56세,경상
2014012300100379,2014년 1월 23일 16시,목요일,대전광역시 대덕구 신탄진동,중상사고,0,1,0,0,차대차 - 기타,교차로운행방법위반,건조,맑음,교차로 - 교차로안,화물,남,61세,상해없음,승용,남,29세,중상
2014012300100402,2014년 1월 23일 17시,목요일,대전광역시 서구 도안동,경상사고,0,0,3,1,차대차 - 측면직각충돌,안전운전불이행,건조,맑음,단일로 - 기타,승용,남,59세,상해없음,승합,남,47세,상해없음
2014012300100453,2014년 1월 23일 18시,목요일,대전광역시 서구 둔산동,경상사고,0,0,3,0,차대차 - 추돌 - 주정차중,안전거리미확보,건조,맑음,단일로 - 기타,승용,남,52세,상해없음,승용,여,38세,경상
2014012300100490,2014년 1월 23일 19시,목요일,대전광역시 유성구 송강동,경상사고,0,0,1,0,차대사람 - 횡단중,신호위반,건조,흐림,단일로 - 횡단보도상,승용,여,52세,상해없음,보행자,여,45세,경상
2014012300100521,2014년 1월 23일 20시,목요일,대전광역시 서구 정림동,경상사고,0,0,2,0,차대차 - 기타,안전운전불이행,건조,맑음,단일로 - 기타,승용,남,36세,상해없음,승용,남,39세,경상
2014012300100522,2014년 1월 23일 20시,목요일,대전광역시 서구 탄방동,경상사고,0,0,2,0,차대차 - 추돌 - 주정차중,안전거리미확보,건조,맑음,교차로 - 교차로부근,승용,남,21세,상해없음,승용,여,52세,경상
2014012300100597,2014년 1월 23일 22시,목요일,대전광역시 중구 중촌동,경상사고,0,0,1,0,차대사람 - 기타,안전운전불이행,건조,맑음,단일로 - 기타,승용,남,48세,상해없음,보행자,여,48세,경상
2014012400100027,2014년 1월 24일 00시,금요일,대전광역시 서구 갈마동,경상사고,0,0,1,0,차대사람 - 기타,안전운전불이행,건조,맑음,단일로 - 기타,승용,남,47세,상해없음,보행자,남,46세,경상
2014012400100061,2014년 1월 24일 02시,금요일,대전광역시 중구 대흥동,중상사고,0,1,0,0,차대차 - 기타,신호위반,건조,맑음,교차로 - 교차로안,승용,남,60세,상해없음,원동기,남,61세,중상
2014012400100062,2014년 1월 24일 02시,금요일,대전광역시 서구 복수동,경상사고,0,0,6,0,차대차 - 측면직각충돌,안전운전불이행,건조,맑음,단일로 - 기타,승용,남,30세,상해없음,승합,남,31세,경상
2014012400100084,2014년 1월 24일 04시,금요일,대전광역시 중구 대사동,중상사고,0,1,1,0,차량단독 - 공작물충돌,안전운전불이행,건조,맑음,단일로 - 기타,승용,여,24세,경상,,,,
2014012400100085,2014년 1월 24일 04시,금요일,대전광역시 중구 대흥동,중상사고,0,1,0,0,차대사람 - 기타,보행자보호의무위반,건조,맑음,단일로 - 횡단보도상,화물,남,20세,상해없음,보행자,남,18세,중상
2014012400100106,2014년 1월 24일 06시,금요일,대전광역시 대덕구 비래동,사망사고,1,0,0,0,차대사람 - 횡단중,안전운전불이행,건조,맑음,교차로 - 교차로안,화물,남,39세,상해없음,보행자,여,76세,사망
2014012400100107,2014년 1월 24일 06시,금요일,대전광역시 서구 둔산동,경상사고,0,0,2,0,차대차 - 측면직각충돌,안전운전불이행,건조,맑음,단일로 - 기타,화물,기타불명,기타불명,기타불명,승용,남,51세,경상
2014012400100108,2014년 1월 24일 06시,금요일,대전광역시 유성구 봉명동,경상사고,0,0,1,0,차대차 - 추돌 - 진행중,안전거리미확보,건조,흐림,단일로 - 교량,승용,남,60세,상해없음,화물,남,37세,경상
2014012400100157,2014년 1월 24일 08시,금요일,대전광역시 유성구 장대동,경상사고,0,0,1,0,차대차 - 측면직각충돌,안전운전불이행,건조,맑음,단일로 - 기타,승용,여,33세,상해없음,승용,남,63세,경상
2014012400100183,2014년 1월 24일 09시,금요일,대전광역시 유성구 방현동,경상사고,0,0,1,0,차량단독 - 공작물충돌,안전운전불이행,건조,맑음,단일로 - 기타,승용,남,66세,상해없음,,,,
2014012400100236,2014년 1월 24일 11시,금요일,대전광역시 대덕구 오정동,경상사고,0,0,1,0,차대사람 - 기타,안전운전불이행,건조,맑음,기타 - 기타,이륜,남,51세,상해없음,보행자,남,63세,경상
2014012400100364,2014년 1월 24일 16시,금요일,대전광역시 서구 둔산동,경상사고,0,0,2,0,차대차 - 추돌 - 주정차중,안전운전불이행,건조,흐림,단일로 - 기타,승용,남,30세,상해없음,승용,남,27세,경상
2014012400100449,2014년 1월 24일 18시,금요일,대전광역시 중구 대사동,중상사고,0,1,0,0,차대차 - 기타,안전운전불이행,건조,맑음,단일로 - 횡단보도상,승용,남,59세,상해없음,자전거,남,75세,중상
2014012400100450,2014년 1월 24일 18시,금요일,대전광역시 서구 탄방동,경상사고,0,0,1,0,차대차 - 측면직각충돌,안전운전불이행,건조,맑음,단일로 - 기타,화물,남,46세,상해없음,승용,남,24세,경상
2014012400100592,2014년 1월 24일 21시,금요일,대전광역시 서구 월평동,경상사고,0,0,2,0,차대차 - 추돌 - 진행중,안전운전불이행,건조,맑음,교차로 - 교차로부근,승용,남,45세,상해없음,승용,남,28세,경상
2014012400100633,2014년 1월 24일 22시,금요일,대전광역시 동구 원동,경상사고,0,0,2,0,차대차 - 측면직각충돌,교차로운행방법위반,건조,맑음,교차로 - 교차로안,승용,남,58세,상해없음,승용,남,59세,상해없음
2014012400100677,2014년 1월 24일 23시,금요일,대전광역시 유성구 장대동,중상사고,0,1,0,0,차대사람 - 기타,신호위반,건조,맑음,교차로 - 교차로안,승용,남,26세,상해없음,보행자,남,29세,중상
2014012500100072,2014년 1월 25일 02시,토요일,대전광역시 서구 둔산동,경상사고,0,0,1,0,차대차 - 기타,안전운전불이행,건조,맑음,기타 - 기타,승용,여,47세,상해없음,승용,남,66세,경상
2014012500100106,2014년 1월 25일 04시,토요일,대전광역시 중구 부사동,중상사고,0,1,0,0,차대사람 - 횡단중,안전운전불이행,건조,흐림,단일로 - 기타,승용,남,45세,상해없음,보행자,남,27세,중상
2014012500100107,2014년 1월 25일 04시,토요일,대전광역시 서구 갈마동,경상사고,0,0,2,0,차대차 - 기타,안전운전불이행,건조,맑음,교차로 - 교차로부근,화물,남,22세,상해없음,승용,여,65세,경상
2014012500100142,2014년 1월 25일 06시,토요일,대전광역시 동구 가양동,중상사고,0,1,0,0,차대사람 - 횡단중,안전운전불이행,건조,맑음,교차로 - 교차로안,승용,남,45세,상해없음,보행자,여,64세,중상
2014012500100143,2014년 1월 25일 06시,토요일,대전광역시 서구 갈마동,중상사고,0,1,0,0,차대차 - 기타,신호위반,습기,비,교차로 - 교차로안,승용,남,29세,상해없음,이륜,여,59세,중상
2014012500100162,2014년 1월 25일 07시,토요일,대전광역시 대덕구 오정동,중상사고,0,1,0,0,차대사람 - 기타,안전운전불이행,건조,흐림,교차로 - 교차로부근,승합,남,35세,상해없음,보행자,여,50세,중상
2014012500100190,2014년 1월 25일 08시,토요일,대전광역시 서구 용문동,경상사고,0,0,1,0,차대사람 - 길가장자리구역통행중,안전운전불이행,습기,비,단일로 - 기타,승용,남,74세,기타불명,보행자,여,46세,경상
2014012500100215,2014년 1월 25일 09시,토요일,대전광역시 동구 원동,중상사고,0,1,0,0,차량단독 - 기타,기타,건조,맑음,단일로 - 기타,승합,남,56세,상해없음,,,,
2014012500100364,2014년 1월 25일 15시,토요일,대전광역시 유성구 봉명동,중상사고,0,1,1,0,차대차 - 추돌 - 진행중,안전운전불이행,습기,비,단일로 - 기타,승용,남,34세,경상,승합,남,43세,중상
2014012500100415,2014년 1월 25일 17시,토요일,대전광역시 동구 정동,중상사고,0,1,0,0,차대사람 - 보도통행중,기타,건조,맑음,단일로 - 기타,화물,남,46세,상해없음,보행자,여,71세,중상
2014012500100458,2014년 1월 25일 18시,토요일,대전광역시 동구 대성동,경상사고,0,0,2,0,차대차 - 추돌 - 주정차중,안전거리미확보,건조,맑음,단일로 - 기타,화물,남,56세,상해없음,승용,남,76세,경상
2014012500100459,2014년 1월 25일 18시,토요일,대전광역시 유성구 봉명동,중상사고,0,1,0,0,차량단독 - 기타,기타,건조,맑음,단일로 - 기타,승합,남,50세,상해없음,,,,
2014012500100523,2014년 1월 25일 20시,토요일,대전광역시 중구 유천동,경상사고,0,0,1,0,차대차 - 정면충돌,중앙선침범,건조,맑음,단일로 - 기타,승용,남,63세,상해없음,승용,남,49세,경상
2014012500100554,2014년 1월 25일 21시,토요일,대전광역시 동구 대동,경상사고,0,0,1,0,차대차 - 정면충돌,신호위반,건조,맑음,교차로 - 교차로안,승용,남,56세,상해없음,승용,남,48세,경상
2014012500100555,2014년 1월 25일 21시,토요일,대전광역시 유성구 원내동,경상사고,0,0,6,0,차대차 - 정면충돌,중앙선침범,건조,맑음,단일로 - 기타,승용,남,52세,상해없음,승용,남,34세,경상
2014012500100587,2014년 1월 25일 22시,토요일,대전광역시 동구 용전동,경상사고,0,0,2,0,차대차 - 추돌 - 주정차중,안전운전불이행,건조,맑음,단일로 - 횡단보도부근,승용,남,50세,상해없음,승용,남,37세,경상
2014012500100588,2014년 1월 25일 22시,토요일,대전광역시 동구 대동,중상사고,0,1,0,0,차대사람 - 횡단중,보행자보호의무위반,건조,맑음,단일로 - 횡단보도상,승용,남,50세,상해없음,보행자,여,52세,중상
2014012500100607,2014년 1월 25일 23시,토요일,대전광역시 서구 둔산동,중상사고,0,1,0,0,차대사람 - 기타,안전운전불이행,건조,맑음,단일로 - 기타,승용,남,35세,상해없음,보행자,여,24세,중상
2014012600100045,2014년 1월 26일 03시,일요일,대전광역시 동구 원동,중상사고,0,1,0,0,차대사람 - 차도통행중,안전운전불이행,건조,맑음,단일로 - 터널,승용,남,56세,상해없음,보행자,남,48세,중상
2014012600100084,2014년 1월 26일 06시,일요일,대전광역시 중구 대흥동,사망사고,1,0,0,0,차대사람 - 횡단중,안전운전불이행,건조,맑음,단일로 - 기타,승용,남,62세,상해없음,보행자,여,73세,사망
2014012600100157,2014년 1월 26일 10시,일요일,대전광역시 서구 탄방동,경상사고,0,0,1,0,차대차 - 측면직각충돌,안전운전불이행,건조,맑음,단일로 - 기타,기타불명,기타불명,기타불명,기타불명,자전거,남,72세,경상
2014012600100224,2014년 1월 26일 13시,일요일,대전광역시 유성구 봉명동,경상사고,0,0,1,0,차대차 - 기타,안전거리미확보,건조,맑음,단일로 - 기타,화물,남,41세,상해없음,승용,여,32세,경상
2014012600100265,2014년 1월 26일 15시,일요일,대전광역시 중구 선화동,경상사고,0,0,2,0,차대차 - 측면직각충돌,안전거리미확보,건조,맑음,단일로 - 기타,승합,남,64세,상해없음,승용,여,35세,경상
2014012600100366,2014년 1월 26일 19시,일요일,대전광역시 동구 대동,사망사고,1,0,0,0,차대사람 - 횡단중,안전운전불이행,건조,맑음,단일로 - 기타,승용,남,25세,상해없음,보행자,남,84세,사망
2014012600100367,2014년 1월 26일 19시,일요일,대전광역시 대덕구 법동,경상사고,0,0,1,0,차대사람 - 기타,안전운전불이행,건조,맑음,단일로 - 기타,원동기,남,16세,상해없음,보행자,여,63세,경상
2014012600100389,2014년 1월 26일 20시,일요일,대전광역시 중구 목동,경상사고,0,0,1,0,차대차 - 측면직각충돌,안전운전불이행,건조,맑음,교차로 - 교차로부근,승용,남,46세,상해없음,승용,남,30세,경상
2014012600100390,2014년 1월 26일 20시,일요일,대전광역시 서구 도마동,중상사고,0,1,0,0,차량단독 - 기타,안전운전불이행,건조,맑음,교차로 - 교차로부근,승합,남,53세,상해없음,,,,
2014012600100422,2014년 1월 26일 22시,일요일,대전광역시 서구 내동,경상사고,0,0,4,0,차대차 - 측면직각충돌,중앙선침범,건조,맑음,단일로 - 횡단보도부근,승용,남,31세,상해없음,승용,여,27세,경상
2014012600100435,2014년 1월 26일 23시,일요일,대전광역시 동구 판암동,경상사고,0,0,1,0,차대차 - 측면직각충돌,안전운전불이행,건조,맑음,단일로 - 기타,승용,남,22세,상해없음,승용,남,52세,경상
2014012700100070,2014년 1월 27일 06시,월요일,대전광역시 중구 선화동,경상사고,0,0,2,0,차대차 - 측면직각충돌,신호위반,건조,맑음,교차로 - 교차로안,승용,남,53세,상해없음,승용,남,59세,경상
2014012700100090,2014년 1월 27일 07시,월요일,대전광역시 대덕구 문평동,경상사고,0,0,1,0,차대차 - 측면직각충돌,안전운전불이행,건조,맑음,교차로 - 교차로안,승용,남,61세,상해없음,승용,남,47세,경상
2014012700100144,2014년 1월 27일 09시,월요일,대전광역시 동구 자양동,경상사고,0,0,2,0,차대차 - 측면직각충돌,안전운전불이행,건조,맑음,교차로 - 교차로안,승용,여,33세,상해없음,화물,남,41세,경상
2014012700100145,2014년 1월 27일 09시,월요일,대전광역시 동구 판암동,경상사고,0,0,1,0,차대차 - 측면직각충돌,신호위반,건조,맑음,교차로 - 교차로안,화물,남,69세,상해없음,승용,여,41세,경상
2014012700100146,2014년 1월 27일 09시,월요일,대전광역시 서구 둔산동,경상사고,0,0,1,0,차대사람 - 횡단중,신호위반,건조,맑음,교차로 - 교차로안,승합,남,69세,상해없음,보행자,남,22세,경상
2014012700100195,2014년 1월 27일 11시,월요일,대전광역시 중구 문화동,경상사고,0,0,1,0,차대사람 - 기타,안전운전불이행,건조,맑음,단일로 - 기타,승용,기타불명,기타불명,기타불명,보행자,여,8세,경상
2014012700100228,2014년 1월 27일 12시,월요일,대전광역시 서구 도안동,중상사고,0,1,1,0,차대차 - 추돌 - 주정차중,안전운전불이행,건조,맑음,교차로 - 교차로부근,건설기계,남,52세,상해없음,승용,남,44세,중상
2014012700100259,2014년 1월 27일 13시,월요일,대전광역시 동구 용운동,경상사고,0,0,1,0,차대차 - 측면직각충돌,안전운전불이행,건조,맑음,교차로 - 교차로안,승용,남,53세,상해없음,승용,여,46세,경상
2014012700100260,2014년 1월 27일 13시,월요일,대전광역시 서구 갈마동,중상사고,0,1,0,0,차대차 - 기타,중앙선침범,건조,맑음,단일로 - 기타,승용,남,66세,상해없음,승용,남,51세,중상
2014012700100389,2014년 1월 27일 17시,월요일,대전광역시 동구 가양동,경상사고,0,0,1,0,차대차 - 추돌 - 진행중,안전운전불이행,건조,맑음,단일로 - 기타,승용,남,53세,상해없음,화물,남,64세,상해없음
2014012700100454,2014년 1월 27일 19시,월요일,대전광역시 중구 대흥동,경상사고,0,0,1,0,차대사람 - 기타,안전운전불이행,건조,맑음,단일로 - 기타,자전거,남,59세,상해없음,보행자,여,65세,경상
2014012700100485,2014년 1월 27일 20시,월요일,대전광역시 중구 오류동,경상사고,0,0,2,0,차대차 - 추돌 - 주정차중,안전운전불이행,건조,맑음,단일로 - 기타,화물,남,48세,상해없음,승용,여,40세,경상
2014012700100486,2014년 1월 27일 20시,월요일,대전광역시 서구 월평동,경상사고,0,0,3,0,차대차 - 기타,안전거리미확보,건조,맑음,단일로 - 기타,승용,남,55세,상해없음,승용,여,31세,경상
2014012700100525,2014년 1월 27일 21시,월요일,대전광역시 서구 관저동,중상사고,0,1,0,0,차대사람 - 기타,중앙선침범,건조,기타,단일로 - 기타,승용,남,44세,상해없음,보행자,남,50세,중상
2014012700100550,2014년 1월 27일 22시,월요일,대전광역시 유성구 봉명동,경상사고,0,0,2,0,차대차 - 기타,안전운전불이행,건조,맑음,단일로 - 기타,승용,남,41세,상해없음,승용,여,29세,경상
2014012700100575,2014년 1월 27일 23시,월요일,대전광역시 중구 문화동,경상사고,0,0,1,0,차대차 - 추돌 - 진행중,안전운전불이행,건조,맑음,단일로 - 기타,승용,남,45세,상해없음,원동기,남,51세,경상
2014012800100015,2014년 1월 28일 00시,화요일,대전광역시 서구 갈마동,경상사고,0,0,1,0,차대차 - 측면직각충돌,안전운전불이행,건조,맑음,단일로 - 기타,승용,기타불명,기타불명,기타불명,승용,남,34세,경상
2014012800100039,2014년 1월 28일 02시,화요일,대전광역시 동구 삼성동,중상사고,0,1,0,0,차대차 - 추돌 - 주정차중,안전운전불이행,건조,흐림,단일로 - 기타,승용,남,47세,상해없음,승용,남,26세,중상
2014012800100129,2014년 1월 28일 06시,화요일,대전광역시 중구 선화동,경상사고,0,0,2,0,차대차 - 측면직각충돌,신호위반,건조,맑음,교차로 - 교차로안,승합,남,38세,상해없음,승용,남,32세,경상
2014012800100169,2014년 1월 28일 07시,화요일,대전광역시 대덕구 문평동,중상사고,0,1,0,0,차대차 - 측면직각충돌,신호위반,건조,맑음,교차로 - 교차로안,승용,남,40세,상해없음,승용,남,28세,중상
2014012800100254,2014년 1월 28일 09시,화요일,대전광역시 대덕구 중리동,경상사고,0,0,2,0,차대차 - 추돌 - 주정차중,안전운전불이행,건조,맑음,교차로 - 교차로부근,승용,남,25세,상해없음,승용,여,48세,경상
2014012800100284,2014년 1월 28일 10시,화요일,대전광역시 동구 대동,경상사고,0,0,1,0,차대차 - 추돌 - 주정차중,안전운전불이행,건조,맑음,교차로 - 교차로부근,승용,남,74세,상해없음,승용,남,59세,경상
2014012800100345,2014년 1월 28일 12시,화요일,대전광역시 서구 도마동,경상사고,0,0,1,0,차량단독 - 기타,기타,건조,맑음,단일로 - 기타,승합,남,48세,상해없음,,,,
2014012800100419,2014년 1월 28일 14시,화요일,대전광역시 서구 둔산동,중상사고,0,1,0,0,차대사람 - 횡단중,안전운전불이행,건조,맑음,단일로 - 기타,승용,여,39세,상해없음,보행자,남,8세,중상
2014012800100462,2014년 1월 28일 15시,화요일,대전광역시 서구 둔산동,경상사고,0,0,1,0,차대사람 - 기타,안전운전불이행,건조,맑음,단일로 - 기타,승합,남,51세,상해없음,보행자,남,85세,경상
2014012800100495,2014년 1월 28일 16시,화요일,대전광역시 대덕구 신탄진동,경상사고,0,0,1,0,차대차 - 측면직각충돌,안전거리미확보,건조,맑음,교차로 - 교차로부근,특수,남,43세,상해없음,승용,남,34세,경상
2014012800100532,2014년 1월 28일 17시,화요일,대전광역시 서구 탄방동,중상사고,0,1,0,0,차대차 - 추돌 - 진행중,안전운전불이행,건조,맑음,교차로 - 교차로안,승용,남,61세,상해없음,원동기,남,46세,중상
2014012800100571,2014년 1월 28일 18시,화요일,대전광역시 유성구 전민동,경상사고,0,0,1,0,차대사람 - 차도통행중,안전운전불이행,건조,맑음,단일로 - 기타,승용,남,59세,상해없음,보행자,남,42세,경상
2014012800100572,2014년 1월 28일 18시,화요일,대전광역시 유성구 지족동,경상사고,0,0,2,0,차대차 - 기타,안전운전불이행,건조,맑음,교차로 - 교차로안,승용,남,28세,상해없음,승용,여,35세,경상
2014012800100638,2014년 1월 28일 20시,화요일,대전광역시 동구 신흥동,중상사고,0,1,0,0,차대차 - 측면직각충돌,교차로운행방법위반,건조,맑음,교차로 - 교차로안,원동기,남,22세,상해없음,원동기,남,43세,중상
2014012800100727,2014년 1월 28일 23시,화요일,대전광역시 대덕구 신일동,중상사고,0,1,0,0,차량단독 - 공작물충돌,안전운전불이행,건조,맑음,교차로 - 교차로부근,승합,남,30세,중상,,,,
2014012900100067,2014년 1월 29일 03시,수요일,대전광역시 중구 문화동,경상사고,0,0,1,0,차대차 - 측면직각충돌,신호위반,건조,맑음,교차로 - 교차로안,이륜,남,25세,상해없음,승용,남,31세,경상
2014012900100075,2014년 1월 29일 04시,수요일,대전광역시 서구 갈마동,중상사고,0,1,0,0,차대차 - 기타,신호위반,건조,맑음,교차로 - 교차로안,승용,남,31세,상해없음,승용,여,53세,중상
2014012900100085,2014년 1월 29일 05시,수요일,대전광역시 동구 대성동,경상사고,0,0,1,0,차대차 - 측면직각충돌,교차로운행방법위반,건조,맑음,교차로 - 교차로안,승용,남,58세,상해없음,승용,남,24세,경상
2014012900100108,2014년 1월 29일 07시,수요일,대전광역시 동구 성남동,경상사고,0,0,1,0,차대차 - 측면직각충돌,교차로운행방법위반,건조,기타,교차로 - 교차로안,승합,남,45세,상해없음,승용,남,67세,상해없음
2014012900100109,2014년 1월 29일 07시,수요일,대전광역시 대덕구 오정동,경상사고,0,0,1,0,차대차 - 측면직각충돌,안전운전불이행,건조,맑음,교차로 - 교차로부근,승용,남,33세,상해없음,승용,남,31세,경상
2014012900100151,2014년 1월 29일 08시,수요일,대전광역시 대덕구 석봉동,중상사고,0,1,0,0,차량단독 - 기타,기타,건조,맑음,단일로 - 기타,승합,남,64세,상해없음,,,,
2014012900100152,2014년 1월 29일 08시,수요일,대전광역시 유성구 대정동,중상사고,0,1,0,0,차대차 - 추돌 - 진행중,안전거리미확보,건조,맑음,교차로 - 교차로안,승합,남,55세,상해없음,승용,여,47세,중상
2014012900100244,2014년 1월 29일 11시,수요일,대전광역시 대덕구 법동,경상사고,0,0,1,0,차대사람 - 횡단중,보행자보호의무위반,건조,맑음,단일로 - 횡단보도상,승용,남,34세,상해없음,보행자,여,71세,경상
2014012900100347,2014년 1월 29일 15시,수요일,대전광역시 동구 가양동,경상사고,0,0,1,0,차대차 - 측면직각충돌,교차로운행방법위반,건조,맑음,교차로 - 교차로안,승용,남,56세,상해없음,원동기,남,54세,경상
2014012900100348,2014년 1월 29일 15시,수요일,대전광역시 서구 도마동,경상사고,0,0,1,0,차대사람 - 기타,안전운전불이행,건조,맑음,단일로 - 기타,승용,남,74세,상해없음,보행자,여,54세,경상
2014012900100349,2014년 1월 29일 15시,수요일,대전광역시 유성구 반석동,경상사고,0,0,2,0,차대차 - 측면직각충돌,안전거리미확보,건조,맑음,단일로 - 기타,승용,남,43세,상해없음,승합,남,50세,경상
2014012900100378,2014년 1월 29일 16시,수요일,대전광역시 동구 가오동,경상사고,0,0,1,0,차대차 - 측면직각충돌,교차로운행방법위반,건조,맑음,교차로 - 교차로안,승용,남,40세,상해없음,승용,남,53세,경상
2014012900100379,2014년 1월 29일 16시,수요일,대전광역시 대덕구 법동,경상사고,0,0,2,0,차대차 - 측면직각충돌,교차로운행방법위반,건조,맑음,교차로 - 교차로안,승용,여,55세,상해없음,화물,남,53세,경상
2014012900100408,2014년 1월 29일 17시,수요일,대전광역시 유성구 봉명동,경상사고,0,0,1,0,차대차 - 추돌 - 주정차중,안전거리미확보,건조,맑음,단일로 - 기타,승용,남,58세,상해없음,승용,남,33세,경상
2014012900100454,2014년 1월 29일 18시,수요일,대전광역시 서구 관저동,중상사고,0,1,0,0,차대사람 - 기타,신호위반,건조,맑음,교차로 - 교차로안,승용,여,48세,상해없음,보행자,여,52세,중상
2014012900100455,2014년 1월 29일 18시,수요일,대전광역시 대덕구 오정동,중상사고,0,1,0,0,차대차 - 측면직각충돌,중앙선침범,건조,맑음,단일로 - 기타,승용,남,30세,상해없음,승용,남,32세,중상
2014012900100456,2014년 1월 29일 18시,수요일,대전광역시 유성구 봉산동,경상사고,0,0,1,0,차대차 - 기타,신호위반,건조,맑음,단일로 - 횡단보도상,승용,여,35세,상해없음,자전거,남,40세,경상
2014012900100457,2014년 1월 29일 18시,수요일,대전광역시 서구 탄방동,경상사고,0,0,1,0,차대사람 - 기타,안전운전불이행,건조,맑음,단일로 - 기타,승용,남,34세,기타불명,보행자,남,33세,경상
2014012900100458,2014년 1월 29일 18시,수요일,대전광역시 유성구 원내동,경상사고,0,0,1,0,차대차 - 추돌 - 진행중,안전운전불이행,건조,맑음,교차로 - 교차로부근,승용,남,55세,상해없음,승용,여,56세,경상
2014013000100017,2014년 1월 30일 00시,목요일,대전광역시 대덕구 읍내동,중상사고,0,2,0,0,차대차 - 기타,안전운전불이행,건조,맑음,단일로 - 기타,승용,남,40세,상해없음,승용,여,31세,중상
2014013000100243,2014년 1월 30일 13시,목요일,대전광역시 동구 구도동,경상사고,0,0,4,0,차대차 - 추돌 - 주정차중,안전운전불이행,습기,흐림,교차로 - 교차로부근,화물,남,37세,상해없음,승용,남,37세,경상
2014013000100344,2014년 1월 30일 18시,목요일,대전광역시 중구 사정동,경상사고,0,0,1,0,차대사람 - 기타,안전운전불이행,건조,맑음,단일로 - 기타,승용,남,24세,상해없음,보행자,여,27세,경상
2014013000100345,2014년 1월 30일 18시,목요일,대전광역시 동구 낭월동,경상사고,0,0,1,0,차대차 - 추돌 - 주정차중,안전운전불이행,건조,맑음,단일로 - 기타,화물,남,63세,상해없음,승용,여,42세,경상
2014013000100371,2014년 1월 30일 19시,목요일,대전광역시 유성구 장대동,사망사고,1,0,0,0,차대사람 - 횡단중,안전운전불이행,건조,맑음,단일로 - 기타,승용,남,66세,상해없음,보행자,여,79세,사망
2014013000100372,2014년 1월 30일 19시,목요일,대전광역시 서구 둔산동,경상사고,0,0,1,0,차대차 - 측면직각충돌,안전운전불이행,습기,비,단일로 - 기타,승합,여,45세,상해없음,승용,남,57세,경상
2014013000100407,2014년 1월 30일 21시,목요일,대전광역시 중구 오류동,중상사고,0,1,0,0,차대사람 - 기타,보행자보호의무위반,건조,맑음,교차로 - 교차로부근,화물,남,50세,상해없음,보행자,남,58세,중상
2014013100100014,2014년 1월 31일 00시,금요일,대전광역시 중구 태평동,경상사고,0,0,1,0,차대사람 - 차도통행중,안전운전불이행,건조,맑음,단일로 - 기타,승용,남,32세,상해없음,보행자,남,52세,경상
2014013100100015,2014년 1월 31일 00시,금요일,대전광역시 서구 둔산동,중상사고,0,2,2,0,차대차 - 측면직각충돌,신호위반,건조,맑음,교차로 - 교차로안,승용,남,35세,상해없음,승용,남,51세,경상
2014013100100059,2014년 1월 31일 06시,금요일,대전광역시 중구 문화동,경상사고,0,0,1,0,차대차 - 기타,안전운전불이행,건조,맑음,단일로 - 기타,승용,여,44세,상해없음,승용,남,32세,경상
2014013100100092,2014년 1월 31일 08시,금요일,대전광역시 동구 용운동,경상사고,0,0,1,0,차량단독 - 기타,교차로운행방법위반,건조,맑음,교차로 - 교차로안,승합,남,45세,상해없음,,,,