사고번호,사고일시,요일,시군구,사고내용,사망자수,중상자수,경상자수,부상신고자수,사고유형,법규위반,노면상태,기상상태,도로형태,가해운전자 차종,가해운전자 성별,가해운전자 연령,가해운전자 상해정도,피해운전자 차종,피해운전자 성별,피해운전자 연령,피해운전자 상해정도
2014022300100282,2014년 2월 23일 18시,일요일,대전광역시 동구 비룡동,경상사고,0,0,4,0,차대차 - 기타,안전운전불이행,건조,맑음,단일로 - 기타,승용,남,31세,상해없음,화물,남,48세,경상
2014022300100357,2014년 2월 23일 21시,일요일,대전광역시 중구 태평동,경상사고,0,0,2,0,차대차 - 측면직각충돌,중앙선침범,건조,맑음,단일로 - 기타,승용,여,38세,상해없음,승용,남,28세,경상
2014022300100358,2014년 2월 23일 21시,일요일,대전광역시 동구 용전동,경상사고,0,0,1,0,차대차 - 측면직각충돌,안전운전불이행,건조,맑음,교차로 - 교차로안,승용,남,57세,상해없음,승용,여,51세,경상
2014022400100044,2014년 2월 24일 04시,월요일,대전광역시 대덕구 석봉동,경상사고,0,0,1,0,차대차 - 측면직각충돌,교차로운행방법위반,건조,맑음,교차로 - 교차로안,화물,남,58세,상해없음,승용,여,41세,경상
2014022400100164,2014년 2월 24일 10시,월요일,대전광역시 동구 가양동,경상사고,0,0,2,0,차대차 - 측면직각충돌,교차로운행방법위반,건조,맑음,교차로 - 교차로안,화물,남,64세,경상,승용,여,45세,경상
2014022400100165,2014년 2월 24일 10시,월요일,대전광역시 대덕구 대화동,부상신고사고,0,0,0,1,차대차 - 추돌 - 주정차중,안전거리미확보,건조,맑음,교차로 - 교차로부근,승용,남,52세,상해없음,화물,남,62세,상해없음
2014022400100166,2014년 2월 24일 10시,월요일,대전광역시 서구 갈마동,중상사고,0,1,0,0,차대사람 - 횡단중,보행자보호의무위반,건조,맑음,단일로 - 기타,화물,남,66세,상해없음,보행자,여,23세,중상
2014022400100167,2014년 2월 24일 10시,월요일,대전광역시 서구 탄방동,경상사고,0,0,1,0,차대차 - 기타,신호위반,건조,맑음,단일로 - 기타,승용,남,34세,상해없음,승용,남,27세,경상
2014022400100189,2014년 2월 24일 11시,월요일,대전광역시 유성구 화암동,중상사고,0,1,0,0,차대차 - 추돌 - 진행중,안전운전불이행,건조,맑음,단일로 - 기타,승합,남,45세,상해없음,이륜,남,52세,중상
2014022400100267,2014년 2월 24일 14시,월요일,대전광역시 중구 대사동,중상사고,0,1,0,0,차량단독 - 기타,기타,건조,맑음,교차로 - 교차로안,승합,남,52세,상해없음,,,,
2014022400100286,2014년 2월 24일 15시,월요일,대전광역시 동구 효동,부상신고사고,0,0,0,1,차대사람 - 횡단중,안전운전불이행,건조,맑음,단일로 - 기타,승용,남,64세,상해없음,보행자,여,80세,부상신고
2014022400100314,2014년 2월 24일 16시,월요일,대전광역시 서구 탄방동,경상사고,0,0,1,0,차대사람 - 차도통행중,안전운전불이행,건조,맑음,단일로 - 기타,승용,여,52세,상해없음,보행자,남,45세,경상
2014022400100342,2014년 2월 24일 17시,월요일,대전광역시 중구 문화동,경상사고,0,0,1,0,차대차 - 측면직각충돌,신호위반,건조,맑음,교차로 - 교차로안,승용,남,55세,상해없음,승용,남,49세,상해없음
2014022400100379,2014년 2월 24일 18시,월요일,대전광역시 서구 가장동,경상사고,0,0,1,0,차대차 - 추돌 - 주정차중,안전운전불이행,건조,맑음,교차로 - 교차로안,승용,남,33세,상해없음,이륜,남,32세,경상
2014022400100419,2014년 2월 24일 19시,월요일,대전광역시 중구 중촌동,경상사고,0,0,1,0,차대차 - 추돌 - 주정차중,안전운전불이행,건조,맑음,교차로 - 교차로부근,승용,여,39세,상해없음,승용,남,30세,경상
2014022400100420,2014년 2월 24일 19시,월요일,대전광역시 서구 둔산동,경상사고,0,0,1,0,차대차 - 추돌 - 주정차중,안전운전불이행,건조,맑음,교차로 - 교차로부근,승용,여,61세,상해없음,승용,남,40세,경상
2014022400100471,2014년 2월 24일 21시,월요일,대전광역시 대덕구 법동,중상사고,0,1,0,0,차대사람 - 횡단중,안전운전불이행,건조,맑음,단일로 - 횡단보도상,승용,남,46세,상해없음,보행자,남,76세,중상
2014022500100057,2014년 2월 25일 04시,화요일,대전광역시 대덕구 송촌동,경상사고,0,0,5,0,차대차 - 측면직각충돌,교차로운행방법위반,건조,맑음,교차로 - 교차로안,승용,남,46세,경상,승합,남,29세,경상
2014022500100114,2014년 2월 25일 08시,화요일,대전광역시 서구 둔산동,중상사고,0,2,0,0,차대차 - 추돌 - 진행중,중앙선침범,건조,맑음,단일로 - 기타,승용,남,44세,상해없음,승용,남,45세,중상
2014022500100306,2014년 2월 25일 16시,화요일,대전광역시 동구 대동,중상사고,0,1,0,0,차대사람 - 횡단중,신호위반,건조,맑음,단일로 - 횡단보도상,승용,남,53세,상해없음,보행자,남,11세,중상
2014022500100345,2014년 2월 25일 18시,화요일,대전광역시 동구 자양동,경상사고,0,0,1,0,차대차 - 측면직각충돌,안전운전불이행,건조,맑음,교차로 - 교차로안,승용,남,29세,상해없음,이륜,남,18세,경상
2014022500100378,2014년 2월 25일 19시,화요일,대전광역시 동구 원동,중상사고,0,1,0,0,차대차 - 측면직각충돌,교차로운행방법위반,건조,맑음,교차로 - 교차로안,승용,남,46세,상해없음,자전거,여,49세,중상
2014022500100404,2014년 2월 25일 20시,화요일,대전광역시 중구 선화동,경상사고,0,0,1,0,차대차 - 측면직각충돌,차로위반,건조,맑음,단일로 - 기타,승용,남,53세,상해없음,화물,남,40세,경상
2014022500100468,2014년 2월 25일 22시,화요일,대전광역시 중구 사정동,경상사고,0,0,4,0,차대차 - 추돌 - 진행중,안전운전불이행,건조,맑음,단일로 - 기타,승용,남,56세,상해없음,승용,남,21세,경상
2014022500100469,2014년 2월 25일 22시,화요일,대전광역시 서구 월평동,경상사고,0,0,2,0,차대차 - 기타,안전운전불이행,건조,맑음,단일로 - 기타,승합,남,63세,상해없음,승용,남,30세,경상
2014022600100022,2014년 2월 26일 00시,수요일,대전광역시 유성구 반석동,경상사고,0,0,1,0,차대차 - 기타,안전운전불이행,건조,맑음,단일로 - 기타,승용,남,18세,상해없음,승용,남,23세,경상
2014022600100047,2014년 2월 26일 02시,수요일,대전광역시 대덕구 오정동,중상사고,0,1,1,0,차대차 - 측면직각충돌,안전운전불이행,건조,맑음,단일로 - 기타,승용,여,46세,상해없음,승합,남,38세,상해없음
2014022600100156,2014년 2월 26일 09시,수요일,대전광역시 중구 산성동,경상사고,0,0,1,0,차대사람 - 횡단중,안전운전불이행,건조,맑음,교차로 - 교차로안,화물,남,43세,상해없음,보행자,남,88세,경상
2014022600100210,2014년 2월 26일 11시,수요일,대전광역시 유성구 봉명동,경상사고,0,0,2,0,차대차 - 추돌 - 진행중,안전거리미확보,건조,맑음,교차로 - 교차로부근,승용,남,41세,경상,승용,남,42세,경상
2014022600100234,2014년 2월 26일 12시,수요일,대전광역시 서구 정림동,중상사고,0,1,0,0,차대차 - 측면직각충돌,신호위반,건조,맑음,교차로 - 교차로안,승용,남,55세,상해없음,이륜,남,72세,중상
2014022600100235,2014년 2월 26일 12시,수요일,대전광역시 유성구 봉명동,경상사고,0,0,1,0,차대차 - 추돌 - 진행중,안전운전불이행,건조,맑음,교차로 - 교차로부근,승용,남,58세,상해없음,승용,여,36세,경상
2014022600100290,2014년 2월 26일 14시,수요일,대전광역시 서구 둔산동,중상사고,0,1,0,0,차대차 - 측면직각충돌,중앙선침범,건조,맑음,교차로 - 교차로부근,승용,남,51세,상해없음,승합,남,47세,상해없음
2014022600100411,2014년 2월 26일 18시,수요일,대전광역시 대덕구 와동,중상사고,0,2,0,0,차대차 - 추돌 - 진행중,안전운전불이행,건조,맑음,단일로 - 기타,화물,남,52세,상해없음,승용,남,20세,중상
2014022600100412,2014년 2월 26일 18시,수요일,대전광역시 서구 둔산동,경상사고,0,0,1,0,차대차 - 추돌 - 진행중,안전거리미확보,건조,맑음,단일로 - 기타,승용,여,34세,상해없음,승용,남,50세,경상
2014022600100454,2014년 2월 26일 19시,수요일,대전광역시 서구 둔산동,경상사고,0,0,1,0,차대사람 - 횡단중,보행자보호의무위반,건조,맑음,단일로 - 횡단보도상,승용,남,59세,상해없음,보행자,남,53세,경상
2014022600100486,2014년 2월 26일 20시,수요일,대전광역시 중구 산성동,중상사고,0,1,0,0,차대사람 - 횡단중,안전운전불이행,건조,맑음,단일로 - 횡단보도부근,승용,남,44세,상해없음,보행자,남,70세,중상
2014022600100524,2014년 2월 26일 21시,수요일,대전광역시 유성구 상대동,경상사고,0,0,4,0,차대차 - 추돌 - 진행중,안전운전불이행,건조,맑음,교차로 - 교차로부근,승용,남,44세,상해없음,승용,남,49세,경상
2014022600100557,2014년 2월 26일 22시,수요일,대전광역시 동구 가양동,경상사고,0,0,2,0,차대차 - 측면직각충돌,차로위반,건조,맑음,단일로 - 기타,승용,남,31세,상해없음,승용,여,39세,경상
2014022600100558,2014년 2월 26일 22시,수요일,대전광역시 서구 복수동,경상사고,0,0,1,0,차대차 - 추돌 - 진행중,안전운전불이행,건조,맑음,교차로 - 교차로부근,승용,남,51세,상해없음,승용,남,41세,경상
2014022700100044,2014년 2월 27일 01시,목요일,대전광역시 중구 호동,경상사고,0,0,2,0,차대차 - 기타,중앙선침범,건조,맑음,단일로 - 횡단보도부근,승용,남,52세,상해없음,승용,남,33세,경상
2014022700100081,2014년 2월 27일 05시,목요일,대전광역시 유성구 봉명동,중상사고,0,1,0,0,차대차 - 추돌 - 진행중,안전운전불이행,건조,맑음,단일로 - 기타,승용,남,44세,상해없음,승용,남,80세,중상
2014022700100169,2014년 2월 27일 09시,목요일,대전광역시 유성구 장대동,경상사고,0,0,1,0,차대차 - 추돌 - 진행중,신호위반,건조,맑음,교차로 - 교차로안,승용,여,50세,상해없음,승용,남,38세,경상
2014022700100228,2014년 2월 27일 12시,목요일,대전광역시 서구 둔산동,경상사고,0,0,1,0,차대차 - 추돌 - 진행중,안전운전불이행,건조,맑음,교차로 - 교차로부근,승용,여,47세,상해없음,원동기,남,57세,경상
2014022700100253,2014년 2월 27일 13시,목요일,대전광역시 동구 구도동,경상사고,0,0,1,0,차대차 - 기타,안전운전불이행,건조,맑음,단일로 - 기타,승용,여,55세,상해없음,승용,남,59세,상해없음
2014022700100305,2014년 2월 27일 15시,목요일,대전광역시 중구 산성동,경상사고,0,0,2,0,차대차 - 기타,교차로운행방법위반,건조,맑음,교차로 - 교차로안,승용,남,53세,경상,승용,여,54세,경상
2014022700100361,2014년 2월 27일 17시,목요일,대전광역시 서구 복수동,경상사고,0,0,1,0,차대사람 - 횡단중,안전운전불이행,건조,맑음,교차로 - 교차로안,승합,남,63세,상해없음,보행자,남,10세,경상
2014022700100362,2014년 2월 27일 17시,목요일,대전광역시 서구 둔산동,중상사고,0,1,0,0,차대차 - 기타,중앙선침범,건조,맑음,교차로 - 교차로부근,자전거,남,17세,상해없음,원동기,남,35세,중상
2014022700100396,2014년 2월 27일 18시,목요일,대전광역시 동구 성남동,중상사고,0,1,1,0,차대차 - 측면직각충돌,안전운전불이행,건조,맑음,단일로 - 기타,원동기,남,16세,경상,승용,남,40세,상해없음
2014022700100434,2014년 2월 27일 19시,목요일,대전광역시 유성구 장대동,중상사고,0,1,0,0,차대사람 - 횡단중,보행자보호의무위반,건조,맑음,교차로 - 교차로안,승용,남,49세,상해없음,보행자,여,22세,중상
2014022700100501,2014년 2월 27일 21시,목요일,대전광역시 중구 유천동,중상사고,0,1,0,0,차대차 - 기타,교차로운행방법위반,건조,맑음,교차로 - 교차로안,승합,기타불명,기타불명,기타불명,자전거,남,37세,중상
2014022700100552,2014년 2월 27일 23시,목요일,대전광역시 서구 내동,중상사고,0,1,2,0,차대차 - 추돌 - 진행중,안전운전불이행,건조,맑음,단일로 - 기타,화물,남,43세,상해없음,승용,여,38세,중상
2014022700100553,2014년 2월 27일 23시,목요일,대전광역시 서구 갈마동,사망사고,1,0,0,0,차대차 - 기타,안전운전불이행,건조,맑음,미분류 - 미분류,승용,남,24세,상해없음,승용,남,63세,상해없음
2014022800100027,2014년 2월 28일 01시,금요일,대전광역시 중구 대사동,경상사고,0,0,1,0,차대차 - 측면직각충돌,교차로운행방법위반,건조,맑음,교차로 - 교차로안,승용,남,31세,상해없음,승용,남,69세,경상
2014022800100044,2014년 2월 28일 04시,금요일,대전광역시 동구 삼괴동,중상사고,0,2,2,0,차대차 - 기타,중앙선침범,건조,맑음,단일로 - 기타,화물,남,57세,중상,승용,남,36세,경상
2014022800100046,2014년 2월 28일 04시,금요일,대전광역시 유성구 장대동,사망사고,1,0,0,0,차대사람 - 횡단중,안전운전불이행,건조,맑음,단일로 - 기타,승용,남,59세,상해없음,보행자,여,78세,사망
2014022800100107,2014년 2월 28일 08시,금요일,대전광역시 서구 둔산동,경상사고,0,0,1,0,차대차 - 측면직각충돌,안전운전불이행,건조,맑음,교차로 - 교차로안,승용,남,29세,상해없음,승용,여,51세,경상
2014022800100156,2014년 2월 28일 10시,금요일,대전광역시 서구 월평동,경상사고,0,0,1,0,차대사람 - 보도통행중,보행자보호의무위반,건조,맑음,교차로 - 교차로안,화물,남,34세,상해없음,보행자,남,36세,경상
2014022800100195,2014년 2월 28일 12시,금요일,대전광역시 동구 자양동,중상사고,0,1,1,0,차대사람 - 길가장자리구역통행중,안전운전불이행,건조,맑음,단일로 - 기타,승용,남,68세,상해없음,보행자,남,68세,중상
2014022800100223,2014년 2월 28일 13시,금요일,대전광역시 중구 태평동,경상사고,0,0,1,0,차대차 - 측면직각충돌,안전운전불이행,건조,맑음,교차로 - 교차로부근,승용,기타불명,기타불명,기타불명,승용,여,51세,경상
2014022800100224,2014년 2월 28일 13시,금요일,대전광역시 유성구 장대동,경상사고,0,0,1,0,차대차 - 측면직각충돌,안전운전불이행,건조,맑음,단일로 - 기타,승용,남,35세,상해없음,승용,남,22세,경상
2014022800100249,2014년 2월 28일 14시,금요일,대전광역시 서구 변동,경상사고,0,0,1,0,차대차 - 추돌 - 주정차중,안전운전불이행,건조,맑음,단일로 - 기타,승용,여,22세,상해없음,승용,남,53세,경상
2014022800100250,2014년 2월 28일 14시,금요일,대전광역시 서구 둔산동,경상사고,0,0,2,0,차대차 - 추돌 - 진행중,안전운전불이행,건조,맑음,단일로 - 기타,승합,남,60세,상해없음,승용,남,22세,경상
2014022800100330,2014년 2월 28일 16시,금요일,대전광역시 대덕구 송촌동,경상사고,0,0,3,0,차대차 - 추돌 - 진행중,안전거리미확보,건조,맑음,단일로 - 기타,승용,남,45세,상해없음,승용,여,38세,경상
2014022800100400,2014년 2월 28일 18시,금요일,대전광역시 동구 신흥동,경상사고,0,0,2,0,차대차 - 추돌 - 주정차중,안전운전불이행,건조,맑음,교차로 - 교차로부근,승용,남,34세,상해없음,승용,여,54세,경상
2014022800100401,2014년 2월 28일 18시,금요일,대전광역시 대덕구 대화동,경상사고,0,0,1,0,차대차 - 측면직각충돌,안전운전불이행,건조,맑음,교차로 - 교차로부근,승용,여,59세,상해없음,승용,남,49세,경상
2014022800100488,2014년 2월 28일 20시,금요일,대전광역시 동구 자양동,경상사고,0,0,1,0,차대차 - 추돌 - 주정차중,안전거리미확보,건조,맑음,교차로 - 교차로부근,승용,남,41세,상해없음,승용,남,33세,경상
2014022800100489,2014년 2월 28일 20시,금요일,대전광역시 대덕구 대화동,경상사고,0,0,1,0,차대차 - 측면직각충돌,안전거리미확보,건조,맑음,단일로 - 기타,승용,남,56세,상해없음,승용,남,43세,경상
2014022800100490,2014년 2월 28일 20시,금요일,대전광역시 서구 만년동,경상사고,0,0,2,0,차대차 - 추돌 - 진행중,안전운전불이행,건조,맑음,단일로 - 기타,승용,남,52세,상해없음,승용,남,41세,경상
2014022800100594,2014년 2월 28일 23시,금요일,대전광역시 중구 오류동,경상사고,0,0,2,0,차대차 - 기타,안전운전불이행,건조,맑음,단일로 - 기타,승용,남,30세,상해없음,승용,남,37세,경상
2014030100100068,2014년 3월 1일 01시,토요일,대전광역시 서구 갈마동,경상사고,0,0,2,0,차대차 - 측면직각충돌,중앙선침범,건조,맑음,교차로 - 교차로부근,승용,남,45세,상해없음,승용,남,28세,경상
2014030100100132,2014년 3월 1일 05시,토요일,대전광역시 대덕구 오정동,중상사고,0,1,0,0,차대사람 - 횡단중,신호위반,건조,맑음,단일로 - 기타,승용,남,43세,상해없음,보행자,남,40세,중상
2014030100100263,2014년 3월 1일 12시,토요일,대전광역시 동구 자양동,경상사고,0,0,1,0,차대사람 - 기타,안전운전불이행,건조,맑음,단일로 - 기타,승용,남,72세,상해없음,보행자,여,64세,경상
2014030100100293,2014년 3월 1일 13시,토요일,대전광역시 중구 문화동,중상사고,0,4,2,0,차대차 - 추돌 - 주정차중,안전운전불이행,건조,맑음,교차로 - 교차로부근,승용,여,27세,상해없음,승용,남,30세,중상
2014030100100294,2014년 3월 1일 13시,토요일,대전광역시 동구 자양동,중상사고,0,1,0,0,차대사람 - 기타,안전운전불이행,건조,맑음,교차로 - 교차로안,화물,여,71세,상해없음,보행자,여,81세,중상
2014030100100320,2014년 3월 1일 14시,토요일,대전광역시 서구 갈마동,경상사고,0,0,1,0,차대사람 - 기타,안전운전불이행,건조,맑음,단일로 - 기타,승용,기타불명,기타불명,기타불명,보행자,여,50세,경상
2014030100100362,2014년 3월 1일 16시,토요일,대전광역시 대덕구 법동,부상신고사고,0,0,0,1,차대차 - 기타,안전운전불이행,건조,맑음,교차로 - 교차로부근,승합,남,70세,기타불명,자전거,남,9세,부상신고
2014030100100384,2014년 3월 1일 17시,토요일,대전광역시 중구 선화동,중상사고,0,1,0,0,차대사람 - 기타,안전운전불이행,건조,맑음,단일로 - 기타,승용,여,76세,상해없음,보행자,여,54세,중상
2014030100100462,2014년 3월 1일 19시,토요일,대전광역시 동구 가양동,중상사고,0,1,1,0,차대사람 - 기타,안전운전불이행,건조,맑음,교차로 - 교차로부근,화물,남,49세,상해없음,보행자,남,37세,중상
2014030100100463,2014년 3월 1일 19시,토요일,대전광역시 유성구 노은동,경상사고,0,0,2,0,차대차 - 추돌 - 진행중,안전거리미확보,건조,맑음,단일로 - 기타,승용,남,53세,상해없음,승용,남,58세,경상
2014030100100494,2014년 3월 1일 20시,토요일,대전광역시 서구 탄방동,경상사고,0,0,3,0,차대차 - 측면직각충돌,안전거리미확보,건조,맑음,단일로 - 횡단보도부근,승용,남,53세,상해없음,승용,남,57세,경상
2014030100100579,2014년 3월 1일 23시,토요일,대전광역시 동구 판암동,경상사고,0,0,3,0,차대차 - 측면직각충돌,안전운전불이행,건조,맑음,단일로 - 횡단보도부근,승용,남,62세,상해없음,승용,남,27세,경상
2014030200100086,2014년 3월 2일 04시,일요일,대전광역시 중구 대사동,경상사고,0,0,3,0,차량단독 - 전도전복,안전운전불이행,건조,흐림,단일로 - 기타,승용,남,19세,기타불명,,,,
2014030200100108,2014년 3월 2일 06시,일요일,대전광역시 서구 가장동,경상사고,0,0,3,0,차대차 - 추돌 - 진행중,안전거리미확보,건조,맑음,단일로 - 기타,승용,남,22세,상해없음,승용,남,66세,경상
2014030200100218,2014년 3월 2일 13시,일요일,대전광역시 서구 도마동,중상사고,0,1,0,0,차대차 - 측면직각충돌,안전운전불이행,건조,맑음,교차로 - 교차로안,승용,여,55세,상해없음,이륜,남,19세,중상
2014030200100219,2014년 3월 2일 13시,일요일,대전광역시 서구 월평동,중상사고,0,1,0,0,차대사람 - 횡단중,신호위반,건조,맑음,교차로 - 교차로안,승용,남,28세,상해없음,보행자,여,13세,중상
2014030200100387,2014년 3월 2일 19시,일요일,대전광역시 동구 성남동,경상사고,0,0,2,0,차대차 - 기타,안전운전불이행,건조,맑음,교차로 - 교차로부근,승용,남,48세,상해없음,승용,여,54세,경상
2014030200100407,2014년 3월 2일 20시,일요일,대전광역시 동구 용전동,경상사고,0,0,1,0,차량단독 - 기타,안전운전불이행,건조,맑음,단일로 - 기타,승합,남,58세,상해없음,,,,
2014030300100028,2014년 3월 3일 03시,월요일,대전광역시 중구 부사동,중상사고,0,1,0,0,차대사람 - 기타,안전운전불이행,건조,맑음,단일로 - 기타,승용,기타불명,기타불명,기타불명,보행자,남,40세,중상
2014030300100032,2014년 3월 3일 04시,월요일,대전광역시 서구 용문동,중상사고,0,1,0,0,차대차 - 측면직각충돌,신호위반,건조,맑음,교차로 - 교차로안,승용,남,72세,상해없음,승용,남,63세,중상
2014030300100048,2014년 3월 3일 06시,월요일,대전광역시 서구 변동,경상사고,0,0,1,0,차대차 - 측면직각충돌,신호위반,건조,맑음,교차로 - 교차로안,승용,남,45세,상해없음,승용,남,47세,경상
2014030300100129,2014년 3월 3일 08시,월요일,대전광역시 유성구 송강동,경상사고,0,0,1,0,차대사람 - 기타,안전운전불이행,건조,맑음,단일로 - 기타,승용,여,44세,상해없음,보행자,여,55세,경상
2014030300100171,2014년 3월 3일 09시,월요일,대전광역시 동구 가오동,중상사고,0,1,0,1,차대사람 - 보도통행중,보행자보호의무위반,건조,맑음,단일로 - 횡단보도상,화물,남,42세,상해없음,보행자,남,75세,중상
2014030300100187,2014년 3월 3일 10시,월요일,대전광역시 대덕구 읍내동,경상사고,0,0,1,0,차대차 - 기타,안전운전불이행,건조,맑음,단일로 - 기타,승용,남,54세,상해없음,화물,남,42세,경상
2014030300100242,2014년 3월 3일 12시,월요일,대전광역시 대덕구 중리동,중상사고,0,2,0,0,차대차 - 정면충돌,교차로운행방법위반,건조,맑음,교차로 - 교차로안,승용,여,45세,상해없음,원동기,남,65세,중상
2014030300100392,2014년 3월 3일 16시,월요일,대전광역시 대덕구 목상동,중상사고,0,1,0,0,차대차 - 기타,안전거리미확보,건조,맑음,단일로 - 기타,승합,여,47세,상해없음,이륜,남,22세,중상
2014030300100420,2014년 3월 3일 17시,월요일,대전광역시 중구 문화동,중상사고,0,1,0,0,차대사람 - 차도통행중,안전운전불이행,건조,맑음,미분류 - 미분류,승합,남,41세,상해없음,보행자,남,76세,중상
2014030300100421,2014년 3월 3일 17시,월요일,대전광역시 서구 도안동,사망사고,1,0,0,0,차대사람 - 기타,안전운전불이행,건조,맑음,단일로 - 횡단보도상,승합,남,52세,상해없음,보행자,남,39세,사망
2014030300100454,2014년 3월 3일 18시,월요일,대전광역시 유성구 노은동,경상사고,0,0,2,0,차대차 - 추돌 - 주정차중,안전운전불이행,건조,맑음,단일로 - 기타,승용,여,57세,상해없음,화물,남,33세,경상
2014030300100487,2014년 3월 3일 19시,월요일,대전광역시 중구 태평동,경상사고,0,0,1,0,차대사람 - 횡단중,신호위반,건조,맑음,단일로 - 횡단보도상,화물,남,36세,상해없음,보행자,여,48세,경상
2014030300100525,2014년 3월 3일 20시,월요일,대전광역시 동구 세천동,경상사고,0,0,2,0,차대차 - 측면직각충돌,안전운전불이행,건조,맑음,단일로 - 기타,승용,여,25세,상해없음,승용,남,46세,경상
2014030300100526,2014년 3월 3일 20시,월요일,대전광역시 서구 내동,중상사고,0,1,2,0,차대차 - 측면직각충돌,안전운전불이행,건조,맑음,교차로 - 교차로부근,승용,남,59세,중상,승용,여,33세,경상
2014030300100556,2014년 3월 3일 21시,월요일,대전광역시 대덕구 신일동,경상사고,0,0,1,0,차대차 - 측면직각충돌,안전운전불이행,건조,맑음,단일로 - 횡단보도상,승합,남,66세,상해없음,승용,여,23세,경상
2014030400100012,2014년 3월 4일 00시,화요일,대전광역시 동구 정동,중상사고,0,1,0,0,차대차 - 추돌 - 진행중,안전운전불이행,건조,맑음,단일로 - 터널,승용,남,58세,상해없음,승용,남,51세,중상
2014030400100013,2014년 3월 4일 00시,화요일,대전광역시 유성구 관평동,중상사고,0,1,1,0,차대차 - 측면직각충돌,신호위반,건조,맑음,교차로 - 교차로안,승용,남,48세,경상,승용,남,31세,중상
2014030400100057,2014년 3월 4일 06시,화요일,대전광역시 대덕구 비래동,경상사고,0,0,1,0,차대사람 - 횡단중,신호위반,건조,맑음,단일로 - 횡단보도상,승용,남,63세,상해없음,보행자,남,66세,경상
2014030400100100,2014년 3월 4일 08시,화요일,대전광역시 서구 둔산동,경상사고,0,0,1,0,차대사람 - 횡단중,보행자보호의무위반,건조,맑음,단일로 - 횡단보도상,승용,여,40세,상해없음,보행자,남,7세,경상
2014030400100101,2014년 3월 4일 08시,화요일,대전광역시 유성구 궁동,경상사고,0,0,4,0,차대차 - 측면직각충돌,교차로운행방법위반,건조,맑음,교차로 - 교차로안,승용,남,51세,상해없음,승용,남,22세,경상
2014030400100122,2014년 3월 4일 09시,화요일,대전광역시 중구 중촌동,중상사고,0,1,0,0,차대사람 - 횡단중,보행자보호의무위반,건조,맑음,단일로 - 기타,승용,남,52세,상해없음,보행자,여,73세,중상
2014030400100218,2014년 3월 4일 13시,화요일,대전광역시 동구 효동,경상사고,0,0,2,0,차대차 - 기타,교차로운행방법위반,건조,맑음,교차로 - 교차로안,승용,남,35세,상해없음,승용,여,32세,경상
2014030400100239,2014년 3월 4일 14시,화요일,대전광역시 대덕구 오정동,경상사고,0,0,2,0,차대차 - 추돌 - 주정차중,안전운전불이행,건조,맑음,단일로 - 교량,승용,남,27세,상해없음,승용,남,34세,경상
2014030400100328,2014년 3월 4일 17시,화요일,대전광역시 중구 산성동,경상사고,0,0,1,0,차대차 - 측면직각충돌,안전운전불이행,건조,맑음,단일로 - 기타,화물,남,63세,상해없음,이륜,여,53세,경상
2014030400100353,2014년 3월 4일 18시,화요일,대전광역시 대덕구 송촌동,경상사고,0,0,1,0,차대사람 - 횡단중,보행자보호의무위반,건조,맑음,교차로 - 교차로안,승용,남,42세,상해없음,보행자,남,6세,경상
2014030400100454,2014년 3월 4일 21시,화요일,대전광역시 유성구 궁동,경상사고,0,0,1,0,차대사람 - 기타,안전운전불이행,건조,맑음,단일로 - 기타,승합,남,21세,상해없음,보행자,남,22세,경상
2014030400100482,2014년 3월 4일 22시,화요일,대전광역시 서구 가수원동,경상사고,0,0,2,0,차량단독 - 도로외이탈 - 추락,안전운전불이행,건조,맑음,단일로 - 기타,승용,남,22세,상해없음,,,,
2014030400100503,2014년 3월 4일 23시,화요일,대전광역시 중구 유천동,경상사고,0,0,2,0,차대차 - 측면직각충돌,안전운전불이행,건조,맑음,교차로 - 교차로안,승용,여,40세,상해없음,승용,여,29세,상해없음
2014030500100033,2014년 3월 5일 01시,수요일,대전광역시 유성구 도룡동,경상사고,0,0,1,0,차대차 - 추돌 - 진행중,안전운전불이행,건조,맑음,단일로 - 기타,승용,남,33세,상해없음,승용,남,23세,경상
2014030500100052,2014년 3월 5일 04시,수요일,대전광역시 중구 부사동,경상사고,0,0,1,0,차대차 - 정면충돌,신호위반,건조,맑음,교차로 - 교차로안,승용,남,26세,상해없음,승용,여,53세,경상
2014030500100064,2014년 3월 5일 05시,수요일,대전광역시 동구 용전동,사망사고,1,0,0,0,차대사람 - 보도통행중,신호위반,건조,맑음,단일로 - 횡단보도상,승용,남,44세,상해없음,보행자,여,74세,사망
2014030500100104,2014년 3월 5일 07시,수요일,대전광역시 중구 산성동,경상사고,0,0,1,0,차대차 - 측면직각충돌,안전운전불이행,건조,맑음,교차로 - 교차로부근,승용,남,47세,상해없음,자전거,남,24세,경상
2014030500100135,2014년 3월 5일 08시,수요일,대전광역시 서구 둔산동,경상사고,0,0,1,0,차대차 - 기타,교차로운행방법위반,건조,맑음,교차로 - 교차로부근,승용,남,56세,상해없음,승용,여,40세,경상
2014030500100136,2014년 3월 5일 08시,수요일,대전광역시 유성구 노은동,경상사고,0,0,1,0,차대사람 - 횡단중,보행자보호의무위반,건조,맑음,교차로 - 교차로안,승용,남,63세,상해없음,보행자,여,26세,경상
2014030500100196,2014년 3월 5일 10시,수요일,대전광역시 서구 도마동,경상사고,0,0,1,0,차대사람 - 횡단중,보행자보호의무위반,건조,맑음,교차로 - 교차로부근,승용,남,33세,상해없음,보행자,여,26세,경상
2014030500100401,2014년 3월 5일 17시,수요일,대전광역시 동구 용전동,경상사고,0,0,1,0,차량단독 - 공작물충돌,안전운전불이행,건조,맑음,단일로 - 기타,승합,남,51세,상해없음,,,,