사고번호,사고일시,요일,시군구,사고내용,사망자수,중상자수,경상자수,부상신고자수,사고유형,법규위반,노면상태,기상상태,도로형태,가해운전자 차종,가해운전자 성별,가해운전자 연령,가해운전자 상해정도,피해운전자 차종,피해운전자 성별,피해운전자 연령,피해운전자 상해정도
2014030500100402,2014년 3월 5일 17시,수요일,대전광역시 대덕구 중리동,경상사고,0,0,1,0,차대사람 - 보도통행중,신호위반,건조,맑음,교차로 - 교차로안,승합,남,56세,상해없음,보행자,여,50세,경상
2014030500100403,2014년 3월 5일 17시,수요일,대전광역시 대덕구 덕암동,중상사고,0,1,0,0,차대차 - 측면직각충돌,기타,건조,맑음,교차로 - 교차로안,승용,남,55세,상해없음,승용,여,32세,중상
2014030500100404,2014년 3월 5일 17시,수요일,대전광역시 서구 둔산동,경상사고,0,0,1,0,차대사람 - 기타,안전운전불이행,건조,맑음,단일로 - 기타,승용,여,45세,상해없음,보행자,여,40세,경상
2014030500100434,2014년 3월 5일 18시,수요일,대전광역시 중구 대사동,경상사고,0,0,2,0,차대차 - 측면직각충돌,안전운전불이행,건조,맑음,단일로 - 기타,승합,남,61세,상해없음,승용,남,37세,경상
2014030500100435,2014년 3월 5일 18시,수요일,대전광역시 동구 홍도동,경상사고,0,0,1,0,차대차 - 측면직각충돌,교차로운행방법위반,건조,맑음,교차로 - 교차로안,승용,남,30세,상해없음,원동기,남,37세,경상
2014030500100485,2014년 3월 5일 19시,수요일,대전광역시 서구 변동,경상사고,0,0,1,0,차대차 - 측면직각충돌,중앙선침범,건조,맑음,단일로 - 기타,승용,여,28세,상해없음,승용,남,51세,경상
2014030500100486,2014년 3월 5일 19시,수요일,대전광역시 서구 복수동,중상사고,0,1,0,0,차대차 - 측면직각충돌,안전운전불이행,건조,맑음,교차로 - 교차로부근,화물,남,47세,상해없음,이륜,남,18세,중상
2014030500100487,2014년 3월 5일 19시,수요일,대전광역시 대덕구 상서동,경상사고,0,0,5,0,차대차 - 기타,중앙선침범,건조,맑음,단일로 - 기타,승용,남,34세,상해없음,승용,남,42세,상해없음
2014030500100488,2014년 3월 5일 19시,수요일,대전광역시 유성구 덕명동,중상사고,0,1,3,0,차대차 - 측면직각충돌,신호위반,건조,맑음,교차로 - 교차로안,화물,남,63세,상해없음,승용,남,44세,경상
2014030500100489,2014년 3월 5일 19시,수요일,대전광역시 유성구 용계동,중상사고,0,1,0,0,차대차 - 측면직각충돌,교차로운행방법위반,건조,맑음,교차로 - 교차로안,승용,남,41세,상해없음,이륜,남,40세,중상
2014030500100522,2014년 3월 5일 20시,수요일,대전광역시 중구 대사동,경상사고,0,0,1,0,차대차 - 측면직각충돌,교차로운행방법위반,건조,맑음,교차로 - 교차로안,승용,남,54세,상해없음,이륜,남,26세,경상
2014030500100601,2014년 3월 5일 23시,수요일,대전광역시 서구 둔산동,경상사고,0,0,2,0,차대차 - 측면직각충돌,신호위반,건조,맑음,교차로 - 교차로안,승용,남,38세,상해없음,승용,남,54세,경상
2014030600100044,2014년 3월 6일 02시,목요일,대전광역시 서구 갈마동,경상사고,0,0,2,0,차대차 - 측면직각충돌,신호위반,건조,맑음,교차로 - 교차로안,승용,여,22세,상해없음,승용,남,31세,경상
2014030600100051,2014년 3월 6일 03시,목요일,대전광역시 서구 둔산동,중상사고,0,2,0,0,차대차 - 측면직각충돌,교차로운행방법위반,건조,맑음,교차로 - 교차로안,승용,남,54세,상해없음,승용,여,56세,중상
2014030600100063,2014년 3월 6일 05시,목요일,대전광역시 대덕구 오정동,중상사고,0,1,0,0,차대차 - 측면직각충돌,신호위반,건조,맑음,교차로 - 교차로안,화물,남,25세,상해없음,화물,남,55세,중상
2014030600100103,2014년 3월 6일 07시,목요일,대전광역시 중구 사정동,경상사고,0,0,1,0,차대사람 - 기타,중앙선침범,건조,맑음,단일로 - 기타,승용,남,50세,상해없음,보행자,남,75세,경상
2014030600100165,2014년 3월 6일 09시,목요일,대전광역시 유성구 지족동,중상사고,0,1,0,0,차대차 - 측면직각충돌,안전운전불이행,건조,맑음,교차로 - 교차로안,승용,여,42세,상해없음,화물,남,49세,중상
2014030600100234,2014년 3월 6일 12시,목요일,대전광역시 유성구 봉명동,중상사고,0,3,5,0,차대차 - 측면직각충돌,신호위반,건조,맑음,교차로 - 교차로안,승합,남,56세,상해없음,승합,남,39세,상해없음
2014030600100235,2014년 3월 6일 12시,목요일,대전광역시 유성구 전민동,경상사고,0,0,1,0,차대사람 - 길가장자리구역통행중,안전운전불이행,건조,맑음,단일로 - 기타,승용,기타불명,기타불명,기타불명,보행자,남,36세,경상
2014030600100256,2014년 3월 6일 13시,목요일,대전광역시 서구 탄방동,경상사고,0,0,1,0,차대차 - 측면직각충돌,안전거리미확보,건조,맑음,미분류 - 미분류,승용,남,23세,상해없음,승용,남,40세,경상
2014030600100257,2014년 3월 6일 13시,목요일,대전광역시 유성구 화암동,중상사고,0,1,0,0,차대사람 - 보도통행중,보행자보호의무위반,건조,맑음,단일로 - 기타,승용,남,27세,상해없음,보행자,여,45세,중상
2014030600100281,2014년 3월 6일 14시,목요일,대전광역시 유성구 궁동,경상사고,0,0,1,0,차대차 - 추돌 - 주정차중,안전운전불이행,건조,맑음,교차로 - 교차로부근,승용,남,55세,상해없음,승용,여,47세,경상
2014030600100315,2014년 3월 6일 15시,목요일,대전광역시 동구 가오동,중상사고,0,1,0,0,차대차 - 측면직각충돌,교차로운행방법위반,건조,맑음,교차로 - 교차로안,승용,남,27세,상해없음,원동기,남,65세,중상
2014030600100472,2014년 3월 6일 21시,목요일,대전광역시 서구 갈마동,경상사고,0,0,1,0,차대사람 - 기타,안전운전불이행,건조,맑음,교차로 - 교차로부근,승용,남,26세,상해없음,보행자,여,34세,경상
2014030600100501,2014년 3월 6일 22시,목요일,대전광역시 중구 대흥동,경상사고,0,0,1,1,차대차 - 추돌 - 주정차중,안전운전불이행,건조,맑음,교차로 - 교차로부근,승용,여,39세,상해없음,승용,남,51세,상해없음
2014030600100531,2014년 3월 6일 23시,목요일,대전광역시 대덕구 중리동,경상사고,0,0,1,0,차대사람 - 횡단중,보행자보호의무위반,건조,맑음,단일로 - 횡단보도상,승용,남,61세,상해없음,보행자,여,23세,경상
2014030600100532,2014년 3월 6일 23시,목요일,대전광역시 유성구 봉명동,중상사고,0,1,0,0,차대사람 - 횡단중,안전운전불이행,건조,맑음,단일로 - 횡단보도상,승용,남,36세,상해없음,보행자,남,50세,중상
2014030700100023,2014년 3월 7일 01시,금요일,대전광역시 서구 갈마동,중상사고,0,2,0,0,차대차 - 측면직각충돌,신호위반,건조,맑음,교차로 - 교차로안,승용,남,44세,상해없음,화물,남,30세,중상
2014030700100060,2014년 3월 7일 05시,금요일,대전광역시 동구 가오동,경상사고,0,0,1,0,차대차 - 측면직각충돌,안전거리미확보,건조,맑음,단일로 - 교량,승용,남,77세,상해없음,승용,남,35세,경상
2014030700100143,2014년 3월 7일 08시,금요일,대전광역시 중구 석교동,경상사고,0,0,4,0,차대차 - 추돌 - 주정차중,안전거리미확보,건조,맑음,단일로 - 기타,승용,남,52세,상해없음,승용,여,32세,경상
2014030700100144,2014년 3월 7일 08시,금요일,대전광역시 서구 둔산동,경상사고,0,0,1,1,차대차 - 기타,차로위반,건조,맑음,교차로 - 교차로안,승용,여,45세,상해없음,승합,남,58세,상해없음
2014030700100164,2014년 3월 7일 09시,금요일,대전광역시 중구 태평동,경상사고,0,0,1,0,차대차 - 측면직각충돌,안전운전불이행,건조,맑음,교차로 - 교차로안,승용,여,64세,상해없음,자전거,여,26세,경상
2014030700100191,2014년 3월 7일 10시,금요일,대전광역시 중구 유천동,경상사고,0,0,1,0,차대차 - 추돌 - 진행중,안전거리미확보,건조,맑음,단일로 - 기타,승용,남,35세,상해없음,승용,남,48세,경상
2014030700100258,2014년 3월 7일 13시,금요일,대전광역시 대덕구 중리동,경상사고,0,0,2,0,차대차 - 추돌 - 주정차중,안전운전불이행,건조,맑음,단일로 - 기타,승용,여,58세,상해없음,화물,남,31세,경상
2014030700100441,2014년 3월 7일 19시,금요일,대전광역시 동구 가양동,경상사고,0,0,1,0,차대차 - 측면직각충돌,중앙선침범,건조,맑음,단일로 - 기타,승용,남,42세,상해없음,자전거,남,40세,경상
2014030700100571,2014년 3월 7일 23시,금요일,대전광역시 서구 둔산동,중상사고,0,1,0,0,차대차 - 측면직각충돌,안전운전불이행,건조,맑음,단일로 - 기타,승용,남,52세,상해없음,승용,여,43세,중상
2014030800100028,2014년 3월 8일 00시,토요일,대전광역시 중구 대사동,경상사고,0,0,1,0,차대차 - 측면직각충돌,안전운전불이행,건조,맑음,단일로 - 기타,승용,여,49세,상해없음,승용,남,59세,경상
2014030800100029,2014년 3월 8일 00시,토요일,대전광역시 중구 오류동,경상사고,0,0,1,0,차대차 - 측면직각충돌,안전운전불이행,건조,맑음,단일로 - 기타,승용,남,51세,상해없음,승용,남,52세,상해없음
2014030800100030,2014년 3월 8일 00시,토요일,대전광역시 동구 용운동,경상사고,0,0,4,0,차대차 - 측면직각충돌,신호위반,건조,맑음,교차로 - 교차로안,승용,남,49세,상해없음,승용,남,27세,경상
2014030800100132,2014년 3월 8일 07시,토요일,대전광역시 중구 용두동,경상사고,0,0,1,0,차대차 - 측면직각충돌,교차로운행방법위반,건조,맑음,교차로 - 교차로안,화물,남,52세,상해없음,승용,남,24세,경상
2014030800100164,2014년 3월 8일 09시,토요일,대전광역시 대덕구 오정동,경상사고,0,0,3,0,차대차 - 측면직각충돌,신호위반,건조,맑음,교차로 - 교차로안,승용,남,61세,상해없음,승용,남,50세,경상
2014030800100194,2014년 3월 8일 10시,토요일,대전광역시 중구 옥계동,경상사고,0,0,1,0,차대차 - 기타,신호위반,건조,맑음,단일로 - 기타,승용,남,59세,상해없음,승용,남,64세,경상
2014030800100219,2014년 3월 8일 11시,토요일,대전광역시 서구 가수원동,중상사고,0,1,0,0,차대차 - 추돌 - 진행중,안전거리미확보,건조,맑음,단일로 - 기타,승용,남,40세,상해없음,승용,남,45세,상해없음
2014030800100242,2014년 3월 8일 12시,토요일,대전광역시 서구 둔산동,경상사고,0,0,1,0,차대차 - 추돌 - 주정차중,안전운전불이행,건조,맑음,단일로 - 기타,승용,여,28세,상해없음,승용,남,33세,경상
2014030800100302,2014년 3월 8일 14시,토요일,대전광역시 유성구 관평동,경상사고,0,0,3,0,차대차 - 측면직각충돌,신호위반,건조,맑음,교차로 - 교차로안,승용,남,55세,상해없음,승용,남,35세,경상
2014030800100325,2014년 3월 8일 15시,토요일,대전광역시 서구 탄방동,경상사고,0,0,2,0,차대차 - 측면직각충돌,안전운전불이행,건조,맑음,단일로 - 기타,승용,남,56세,상해없음,승용,남,31세,경상
2014030800100326,2014년 3월 8일 15시,토요일,대전광역시 서구 둔산동,중상사고,0,1,0,0,차대사람 - 기타,안전운전불이행,건조,맑음,단일로 - 횡단보도부근,승용,남,61세,상해없음,보행자,여,45세,중상
2014030800100327,2014년 3월 8일 15시,토요일,대전광역시 서구 둔산동,경상사고,0,0,3,0,차대차 - 추돌 - 주정차중,안전운전불이행,건조,맑음,교차로 - 교차로부근,승용,여,51세,상해없음,승용,여,45세,상해없음
2014030800100350,2014년 3월 8일 16시,토요일,대전광역시 동구 중동,경상사고,0,0,1,0,차량단독 - 공작물충돌,안전운전불이행,건조,맑음,교차로 - 교차로부근,승합,남,51세,상해없음,,,,
2014030800100351,2014년 3월 8일 16시,토요일,대전광역시 대덕구 송촌동,경상사고,0,0,1,0,차대사람 - 기타,기타,건조,맑음,단일로 - 기타,승용,남,52세,상해없음,보행자,남,36세,경상
2014030800100413,2014년 3월 8일 18시,토요일,대전광역시 중구 문화동,중상사고,0,1,0,0,차대차 - 기타,신호위반,건조,맑음,교차로 - 교차로안,화물,남,31세,상해없음,원동기,남,17세,중상
2014030800100414,2014년 3월 8일 18시,토요일,대전광역시 서구 내동,경상사고,0,0,1,0,차량단독 - 기타,안전운전불이행,건조,맑음,기타 - 기타,승합,남,54세,상해없음,,,,
2014030800100454,2014년 3월 8일 19시,토요일,대전광역시 동구 용전동,경상사고,0,0,1,0,차대차 - 추돌 - 주정차중,안전거리미확보,건조,맑음,교차로 - 교차로부근,승용,남,59세,상해없음,승용,남,29세,경상
2014030800100570,2014년 3월 8일 23시,토요일,대전광역시 서구 괴정동,경상사고,0,0,1,0,차대차 - 추돌 - 진행중,안전운전불이행,건조,기타,단일로 - 기타,승용,남,31세,상해없음,승용,여,35세,경상
2014030900100051,2014년 3월 9일 01시,일요일,대전광역시 동구 홍도동,중상사고,0,1,0,0,차대사람 - 횡단중,보행자보호의무위반,건조,맑음,단일로 - 기타,승용,남,18세,상해없음,보행자,남,26세,중상
2014030900100052,2014년 3월 9일 01시,일요일,대전광역시 서구 도마동,경상사고,0,0,1,0,차대차 - 측면직각충돌,신호위반,건조,맑음,교차로 - 교차로안,승용,남,45세,상해없음,승용,남,27세,경상
2014030900100144,2014년 3월 9일 08시,일요일,대전광역시 유성구 갑동,중상사고,0,2,2,0,차대차 - 추돌 - 진행중,안전운전불이행,습기,비,교차로 - 교차로부근,승용,남,24세,상해없음,화물,남,67세,경상
2014030900100228,2014년 3월 9일 13시,일요일,대전광역시 유성구 궁동,중상사고,0,1,0,0,차대차 - 측면직각충돌,신호위반,건조,맑음,교차로 - 교차로안,화물,남,41세,상해없음,승용,여,49세,중상
2014030900100255,2014년 3월 9일 14시,일요일,대전광역시 대덕구 오정동,경상사고,0,0,1,0,차대사람 - 길가장자리구역통행중,안전운전불이행,건조,맑음,교차로 - 교차로부근,승용,남,42세,상해없음,보행자,남,33세,경상
2014030900100369,2014년 3월 9일 18시,일요일,대전광역시 중구 태평동,경상사고,0,0,3,0,차대차 - 추돌 - 주정차중,안전운전불이행,건조,맑음,단일로 - 기타,승용,남,42세,상해없음,승용,남,38세,상해없음
2014030900100399,2014년 3월 9일 19시,일요일,대전광역시 동구 정동,경상사고,0,0,2,0,차대차 - 측면직각충돌,중앙선침범,건조,맑음,교차로 - 교차로부근,승용,남,58세,상해없음,승용,남,72세,경상
2014030900100425,2014년 3월 9일 20시,일요일,대전광역시 동구 판암동,경상사고,0,0,2,0,차대차 - 측면직각충돌,신호위반,건조,맑음,교차로 - 교차로부근,승용,남,29세,상해없음,승용,여,40세,경상
2014030900100452,2014년 3월 9일 21시,일요일,대전광역시 서구 갈마동,사망사고,1,0,0,0,차대사람 - 횡단중,안전운전불이행,건조,맑음,단일로 - 기타,승용,여,46세,상해없음,보행자,남,60세,사망
2014030900100453,2014년 3월 9일 21시,일요일,대전광역시 서구 갈마동,경상사고,0,0,3,0,차대차 - 추돌 - 주정차중,안전거리미확보,건조,맑음,교차로 - 교차로부근,승용,남,47세,상해없음,승용,여,62세,경상
2014030900100454,2014년 3월 9일 21시,일요일,대전광역시 서구 갈마동,중상사고,0,1,0,0,차대사람 - 기타,안전운전불이행,건조,맑음,단일로 - 기타,승용,남,31세,상해없음,보행자,여,77세,중상
2014030900100497,2014년 3월 9일 23시,일요일,대전광역시 서구 괴정동,중상사고,0,1,0,0,차대차 - 정면충돌,중앙선침범,건조,맑음,단일로 - 기타,승용,남,18세,상해없음,승용,남,51세,중상
2014031000100145,2014년 3월 10일 08시,월요일,대전광역시 서구 둔산동,경상사고,0,0,1,0,차대차 - 추돌 - 주정차중,안전운전불이행,건조,맑음,단일로 - 기타,승용,남,56세,상해없음,승용,남,31세,경상
2014031000100146,2014년 3월 10일 08시,월요일,대전광역시 유성구 궁동,경상사고,0,0,1,0,차대차 - 추돌 - 주정차중,안전운전불이행,건조,맑음,단일로 - 기타,원동기,남,23세,경상,승용,남,25세,상해없음
2014031000100180,2014년 3월 10일 09시,월요일,대전광역시 대덕구 법동,경상사고,0,0,1,0,차대차 - 추돌 - 주정차중,안전운전불이행,건조,맑음,단일로 - 기타,승용,남,50세,기타불명,승용,남,59세,경상
2014031000100181,2014년 3월 10일 09시,월요일,대전광역시 서구 둔산동,경상사고,0,0,1,0,차대차 - 기타,안전운전불이행,건조,흐림,기타 - 기타,승용,여,48세,상해없음,승용,여,37세,경상
2014031000100229,2014년 3월 10일 11시,월요일,대전광역시 중구 중촌동,중상사고,0,1,0,0,차대사람 - 횡단중,안전운전불이행,건조,맑음,단일로 - 기타,승용,여,44세,상해없음,보행자,여,81세,중상
2014031000100230,2014년 3월 10일 11시,월요일,대전광역시 서구 괴정동,중상사고,0,1,0,0,차대사람 - 기타,안전운전불이행,건조,맑음,단일로 - 기타,승용,남,39세,상해없음,보행자,남,50세,중상
2014031000100231,2014년 3월 10일 11시,월요일,대전광역시 대덕구 오정동,중상사고,0,1,0,0,차대차 - 측면직각충돌,안전운전불이행,건조,맑음,단일로 - 기타,승용,남,58세,상해없음,원동기,남,36세,중상
2014031000100255,2014년 3월 10일 12시,월요일,대전광역시 동구 원동,중상사고,0,1,0,0,차대사람 - 횡단중,보행자보호의무위반,건조,맑음,교차로 - 교차로안,승용,남,35세,상해없음,보행자,여,50세,중상
2014031000100256,2014년 3월 10일 12시,월요일,대전광역시 유성구 복용동,경상사고,0,0,3,0,차대차 - 추돌 - 주정차중,안전운전불이행,건조,맑음,교차로 - 교차로부근,승용,여,38세,경상,승용,남,55세,상해없음
2014031000100412,2014년 3월 10일 17시,월요일,대전광역시 중구 유천동,경상사고,0,0,3,0,차대차 - 측면직각충돌,교차로운행방법위반,건조,맑음,교차로 - 교차로안,승용,남,52세,상해없음,승용,남,42세,경상
2014031000100413,2014년 3월 10일 17시,월요일,대전광역시 서구 갈마동,중상사고,0,1,0,0,차대차 - 추돌 - 진행중,안전거리미확보,건조,맑음,단일로 - 기타,승용,남,36세,상해없음,승용,남,39세,중상
2014031000100414,2014년 3월 10일 17시,월요일,대전광역시 서구 만년동,중상사고,0,1,0,0,차대사람 - 횡단중,보행자보호의무위반,건조,맑음,교차로 - 교차로부근,승용,여,51세,상해없음,보행자,남,37세,중상
2014031000100568,2014년 3월 10일 21시,월요일,대전광역시 중구 오류동,경상사고,0,0,1,0,차대차 - 측면직각충돌,교차로운행방법위반,건조,흐림,교차로 - 교차로안,승용,여,62세,상해없음,원동기,남,18세,경상
2014031000100599,2014년 3월 10일 22시,월요일,대전광역시 중구 유천동,경상사고,0,0,2,0,차대차 - 측면직각충돌,안전운전불이행,건조,흐림,단일로 - 기타,승용,여,48세,상해없음,승용,남,58세,상해없음
2014031000100600,2014년 3월 10일 22시,월요일,대전광역시 서구 관저동,경상사고,0,0,1,0,차대차 - 추돌 - 진행중,안전운전불이행,습기,비,단일로 - 기타,승용,남,62세,상해없음,승용,남,27세,경상
2014031000100601,2014년 3월 10일 22시,월요일,대전광역시 서구 월평동,경상사고,0,0,1,0,차대차 - 추돌 - 주정차중,안전운전불이행,건조,맑음,단일로 - 기타,승용,남,39세,상해없음,승용,남,23세,경상
2014031000100625,2014년 3월 10일 23시,월요일,대전광역시 서구 둔산동,경상사고,0,0,1,0,차대사람 - 기타,안전운전불이행,건조,맑음,단일로 - 기타,승용,남,28세,상해없음,보행자,여,28세,경상
2014031100100030,2014년 3월 11일 01시,화요일,대전광역시 동구 삼성동,경상사고,0,0,1,0,차대차 - 측면직각충돌,안전거리미확보,건조,맑음,미분류 - 미분류,승용,남,25세,상해없음,승용,여,27세,경상
2014031100100040,2014년 3월 11일 03시,화요일,대전광역시 서구 도마동,중상사고,0,1,0,0,차대차 - 정면충돌,신호위반,건조,맑음,교차로 - 교차로안,승용,남,45세,상해없음,이륜,남,31세,중상
2014031100100068,2014년 3월 11일 06시,화요일,대전광역시 동구 구도동,경상사고,0,0,1,0,차대차 - 측면직각충돌,중앙선침범,건조,맑음,단일로 - 기타,승용,여,45세,기타불명,승용,남,62세,경상
2014031100100069,2014년 3월 11일 06시,화요일,대전광역시 서구 탄방동,경상사고,0,0,1,0,차대차 - 측면직각충돌,신호위반,건조,맑음,교차로 - 교차로안,승용,남,54세,기타불명,승용,남,51세,경상
2014031100100286,2014년 3월 11일 14시,화요일,대전광역시 서구 월평동,경상사고,0,0,1,0,차대차 - 기타,안전거리미확보,건조,맑음,단일로 - 기타,승용,남,69세,상해없음,승용,남,55세,경상
2014031100100370,2014년 3월 11일 17시,화요일,대전광역시 서구 갈마동,경상사고,0,0,1,0,차대차 - 기타,교차로운행방법위반,건조,맑음,교차로 - 교차로부근,승용,남,29세,상해없음,승용,남,63세,경상
2014031100100392,2014년 3월 11일 18시,화요일,대전광역시 서구 만년동,중상사고,0,1,0,0,차대차 - 기타,안전거리미확보,건조,맑음,미분류 - 미분류,화물,남,51세,상해없음,승용,남,54세,중상
2014031100100453,2014년 3월 11일 20시,화요일,대전광역시 서구 복수동,경상사고,0,0,1,0,차대차 - 측면직각충돌,안전운전불이행,건조,맑음,교차로 - 교차로안,승용,남,71세,상해없음,승용,남,28세,상해없음
2014031100100454,2014년 3월 11일 20시,화요일,대전광역시 서구 갈마동,중상사고,0,1,0,0,차대차 - 기타,안전거리미확보,건조,맑음,단일로 - 교량,승용,남,19세,상해없음,승용,여,56세,중상
2014031100100482,2014년 3월 11일 21시,화요일,대전광역시 중구 대사동,경상사고,0,0,1,0,차대사람 - 횡단중,신호위반,건조,맑음,교차로 - 교차로안,승용,남,22세,상해없음,보행자,여,17세,경상
2014031200100018,2014년 3월 12일 00시,수요일,대전광역시 서구 도마동,중상사고,0,2,6,0,차대차 - 측면직각충돌,안전운전불이행,건조,맑음,교차로 - 교차로부근,승용,남,34세,상해없음,승용,남,35세,경상
2014031200100019,2014년 3월 12일 00시,수요일,대전광역시 서구 가수원동,중상사고,0,1,1,0,차대차 - 측면직각충돌,안전운전불이행,건조,맑음,교차로 - 교차로안,승용,여,24세,상해없음,승용,남,48세,중상
2014031200100064,2014년 3월 12일 05시,수요일,대전광역시 유성구 하기동,중상사고,0,1,1,0,차대차 - 측면직각충돌,신호위반,건조,맑음,교차로 - 교차로안,승용,남,43세,상해없음,화물,남,66세,경상
2014031200100127,2014년 3월 12일 08시,수요일,대전광역시 동구 중동,경상사고,0,0,2,0,차량단독 - 기타,안전운전불이행,건조,맑음,교차로 - 교차로부근,승합,남,50세,상해없음,,,,
2014031200100203,2014년 3월 12일 11시,수요일,대전광역시 대덕구 덕암동,중상사고,0,1,1,0,차대차 - 추돌 - 주정차중,안전운전불이행,습기,비,교차로 - 교차로부근,화물,남,49세,상해없음,승용,남,27세,중상
2014031200100269,2014년 3월 12일 14시,수요일,대전광역시 유성구 탑립동,중상사고,0,1,0,0,차대차 - 측면직각충돌,안전운전불이행,습기,비,단일로 - 기타,화물,기타불명,기타불명,기타불명,승용,여,35세,중상
2014031200100287,2014년 3월 12일 14시,수요일,대전광역시 서구 괴정동,경상사고,0,0,1,0,차대차 - 추돌 - 주정차중,안전운전불이행,습기,비,단일로 - 기타,승용,남,45세,상해없음,승용,여,32세,경상
2014031200100361,2014년 3월 12일 16시,수요일,대전광역시 서구 가장동,경상사고,0,0,1,0,차량단독 - 기타,안전운전불이행,습기,비,단일로 - 기타,승합,남,48세,상해없음,,,,
2014031200100454,2014년 3월 12일 18시,수요일,대전광역시 동구 대성동,경상사고,0,0,1,0,차대차 - 추돌 - 진행중,안전거리미확보,습기,비,단일로 - 기타,승용,남,59세,상해없음,승용,남,36세,경상
2014031200100455,2014년 3월 12일 18시,수요일,대전광역시 유성구 노은동,중상사고,0,1,0,0,차대차 - 측면직각충돌,교차로운행방법위반,습기,비,교차로 - 교차로안,승용,여,31세,상해없음,승용,여,51세,중상
2014031200100522,2014년 3월 12일 19시,수요일,대전광역시 중구 목동,중상사고,0,3,1,0,차대차 - 추돌 - 주정차중,안전운전불이행,습기,비,단일로 - 기타,화물,남,51세,상해없음,승용,여,46세,중상
2014031200100523,2014년 3월 12일 19시,수요일,대전광역시 동구 용운동,경상사고,0,0,3,0,차대차 - 추돌 - 주정차중,안전거리미확보,건조,맑음,단일로 - 기타,승용,남,28세,상해없음,승용,남,47세,경상
2014031200100524,2014년 3월 12일 19시,수요일,대전광역시 서구 둔산동,경상사고,0,0,1,0,차대차 - 기타,안전운전불이행,습기,비,단일로 - 기타,기타불명,기타불명,기타불명,기타불명,승용,여,34세,경상
2014031200100577,2014년 3월 12일 20시,수요일,대전광역시 대덕구 목상동,중상사고,0,1,0,0,차대사람 - 횡단중,보행자보호의무위반,습기,비,교차로 - 교차로안,승용,여,23세,상해없음,보행자,여,54세,중상
2014031200100578,2014년 3월 12일 20시,수요일,대전광역시 유성구 관평동,중상사고,0,1,0,0,차대사람 - 횡단중,안전운전불이행,습기,비,단일로 - 기타,화물,남,49세,상해없음,보행자,여,71세,중상
2014031200100638,2014년 3월 12일 21시,수요일,대전광역시 중구 중촌동,중상사고,0,1,0,0,차대사람 - 횡단중,안전운전불이행,습기,비,단일로 - 횡단보도상,화물,남,69세,상해없음,보행자,남,47세,중상
2014031200100640,2014년 3월 12일 21시,수요일,대전광역시 서구 월평동,경상사고,0,0,1,0,차대차 - 측면직각충돌,안전운전불이행,습기,비,단일로 - 기타,승용,남,38세,상해없음,승용,남,56세,경상
2014031200100641,2014년 3월 12일 21시,수요일,대전광역시 서구 월평동,중상사고,0,1,0,0,차대사람 - 기타,기타,습기,비,단일로 - 기타,승합,남,53세,기타불명,보행자,여,63세,중상
2014031200100688,2014년 3월 12일 22시,수요일,대전광역시 동구 홍도동,경상사고,0,0,2,0,차대차 - 기타,교차로운행방법위반,습기,비,교차로 - 교차로안,승용,남,43세,상해없음,승용,남,57세,경상
2014031200100725,2014년 3월 12일 23시,수요일,대전광역시 서구 내동,경상사고,0,0,1,0,차대차 - 추돌 - 주정차중,안전운전불이행,습기,비,교차로 - 교차로부근,승용,남,18세,상해없음,승용,여,39세,경상
2014031200100726,2014년 3월 12일 23시,수요일,대전광역시 대덕구 법동,부상신고사고,0,0,0,1,차대차 - 추돌 - 주정차중,안전운전불이행,건조,맑음,교차로 - 교차로부근,승용,남,34세,상해없음,원동기,남,45세,부상신고
2014031200100727,2014년 3월 12일 23시,수요일,대전광역시 유성구 장대동,중상사고,0,1,0,0,차대차 - 기타,안전운전불이행,습기,비,단일로 - 기타,승용,여,48세,상해없음,승용,남,42세,중상
2014031300100024,2014년 3월 13일 00시,목요일,대전광역시 중구 유천동,중상사고,0,1,2,0,차대차 - 측면직각충돌,안전운전불이행,습기,비,교차로 - 교차로안,승용,남,29세,상해없음,원동기,남,43세,중상
2014031300100025,2014년 3월 13일 00시,목요일,대전광역시 서구 둔산동,경상사고,0,0,1,0,차대차 - 기타,신호위반,습기,비,교차로 - 교차로안,승용,남,21세,상해없음,승용,여,44세,경상
2014031300100026,2014년 3월 13일 00시,목요일,대전광역시 유성구 봉명동,경상사고,0,0,1,0,차대차 - 기타,안전운전불이행,습기,비,단일로 - 기타,승용,여,41세,상해없음,승용,남,64세,경상
2014031300100027,2014년 3월 13일 00시,목요일,대전광역시 유성구 봉명동,경상사고,0,0,4,0,차대차 - 기타,안전운전불이행,습기,비,단일로 - 기타,승용,여,44세,상해없음,승용,여,49세,경상
2014031300100046,2014년 3월 13일 01시,목요일,대전광역시 서구 둔산동,경상사고,0,0,3,0,차대차 - 기타,안전거리미확보,습기,비,교차로 - 교차로부근,화물,여,35세,상해없음,승용,남,49세,경상
2014031300100094,2014년 3월 13일 05시,목요일,대전광역시 동구 가양동,중상사고,0,1,0,0,차대사람 - 보도통행중,안전운전불이행,습기,비,교차로 - 교차로부근,승용,남,56세,상해없음,보행자,여,67세,중상
2014031300100128,2014년 3월 13일 07시,목요일,대전광역시 유성구 반석동,경상사고,0,0,3,0,차대차 - 추돌 - 주정차중,안전거리미확보,습기,비,단일로 - 기타,승합,남,38세,상해없음,승용,남,51세,경상
2014031300100165,2014년 3월 13일 08시,목요일,대전광역시 서구 둔산동,경상사고,0,0,1,0,차대사람 - 횡단중,안전운전불이행,건조,맑음,단일로 - 횡단보도상,기타불명,기타불명,기타불명,기타불명,보행자,남,22세,경상