사고번호,사고일시,요일,시군구,사고내용,사망자수,중상자수,경상자수,부상신고자수,사고유형,법규위반,노면상태,기상상태,도로형태,가해운전자 차종,가해운전자 성별,가해운전자 연령,가해운전자 상해정도,피해운전자 차종,피해운전자 성별,피해운전자 연령,피해운전자 상해정도
2014032100100344,2014년 3월 21일 14시,금요일,대전광역시 대덕구 중리동,경상사고,0,0,1,0,차대차 - 측면직각충돌,교차로운행방법위반,건조,맑음,교차로 - 교차로부근,승용,남,58세,상해없음,자전거,남,38세,경상
2014032100100374,2014년 3월 21일 15시,금요일,대전광역시 중구 선화동,경상사고,0,0,1,0,차대차 - 측면직각충돌,안전거리미확보,건조,맑음,교차로 - 교차로부근,승용,남,62세,상해없음,승용,여,53세,경상
2014032100100485,2014년 3월 21일 18시,금요일,대전광역시 동구 천동,경상사고,0,0,3,0,차대차 - 기타,중앙선침범,건조,맑음,교차로 - 교차로부근,승용,여,53세,상해없음,원동기,남,31세,경상
2014032100100486,2014년 3월 21일 18시,금요일,대전광역시 대덕구 오정동,중상사고,0,1,3,0,차대차 - 추돌 - 주정차중,안전운전불이행,건조,맑음,단일로 - 기타,승용,남,20세,상해없음,승용,여,28세,중상
2014032100100536,2014년 3월 21일 19시,금요일,대전광역시 동구 가양동,경상사고,0,0,1,0,차대차 - 기타,교차로운행방법위반,건조,맑음,교차로 - 교차로안,화물,남,65세,상해없음,원동기,남,22세,경상
2014032100100537,2014년 3월 21일 19시,금요일,대전광역시 대덕구 오정동,경상사고,0,0,1,0,차대차 - 추돌 - 주정차중,안전거리미확보,건조,맑음,교차로 - 교차로안,승용,남,59세,상해없음,승용,여,34세,상해없음
2014032100100581,2014년 3월 21일 20시,금요일,대전광역시 서구 갈마동,경상사고,0,0,2,0,차대차 - 측면직각충돌,중앙선침범,건조,맑음,단일로 - 기타,승용,남,53세,상해없음,승용,남,33세,경상
2014032100100615,2014년 3월 21일 21시,금요일,대전광역시 서구 월평동,중상사고,0,1,0,0,차대사람 - 횡단중,안전운전불이행,건조,맑음,단일로 - 기타,이륜,남,52세,상해없음,보행자,여,66세,중상
2014032100100640,2014년 3월 21일 22시,금요일,대전광역시 서구 갈마동,경상사고,0,0,2,0,차대차 - 측면직각충돌,차로위반,건조,맑음,교차로 - 교차로부근,승용,남,56세,상해없음,승용,남,60세,경상
2014032100100678,2014년 3월 21일 23시,금요일,대전광역시 서구 내동,중상사고,0,1,3,0,차대차 - 정면충돌,차로위반,건조,맑음,단일로 - 기타,승용,남,47세,상해없음,승용,남,59세,경상
2014032200100021,2014년 3월 22일 00시,토요일,대전광역시 유성구 도룡동,경상사고,0,0,2,0,차대차 - 추돌 - 주정차중,안전운전불이행,건조,맑음,교차로 - 교차로부근,승용,남,49세,상해없음,승용,남,39세,경상
2014032200100022,2014년 3월 22일 00시,토요일,대전광역시 유성구 장대동,경상사고,0,0,2,0,차대차 - 측면직각충돌,교차로운행방법위반,건조,맑음,교차로 - 교차로안,승용,남,56세,상해없음,승용,남,57세,경상
2014032200100058,2014년 3월 22일 02시,토요일,대전광역시 동구 가양동,경상사고,0,0,2,0,차대차 - 측면직각충돌,신호위반,건조,맑음,교차로 - 교차로안,승용,남,22세,상해없음,승용,남,61세,경상
2014032200100091,2014년 3월 22일 04시,토요일,대전광역시 유성구 봉명동,경상사고,0,0,1,0,차대차 - 측면직각충돌,안전운전불이행,건조,맑음,단일로 - 기타,승용,남,21세,상해없음,화물,남,51세,경상
2014032200100092,2014년 3월 22일 04시,토요일,대전광역시 유성구 노은동,중상사고,0,1,1,0,차대차 - 추돌 - 주정차중,안전운전불이행,건조,맑음,단일로 - 기타,승용,남,39세,상해없음,승합,남,60세,기타불명
2014032200100119,2014년 3월 22일 06시,토요일,대전광역시 동구 이사동,경상사고,0,0,4,0,차대차 - 기타,중앙선침범,건조,맑음,단일로 - 기타,승용,남,35세,상해없음,승용,남,37세,경상
2014032200100146,2014년 3월 22일 07시,토요일,대전광역시 중구 대사동,중상사고,0,3,2,0,차대차 - 측면직각충돌,신호위반,건조,맑음,교차로 - 교차로안,화물,남,55세,상해없음,승용,남,67세,경상
2014032200100147,2014년 3월 22일 07시,토요일,대전광역시 중구 태평동,경상사고,0,0,2,0,차대차 - 측면직각충돌,안전운전불이행,건조,맑음,교차로 - 교차로부근,승용,남,66세,상해없음,승용,여,36세,경상
2014032200100148,2014년 3월 22일 07시,토요일,대전광역시 서구 월평동,중상사고,0,1,1,0,차대차 - 추돌 - 주정차중,안전운전불이행,건조,맑음,단일로 - 기타,승용,남,29세,상해없음,승용,남,50세,경상
2014032200100206,2014년 3월 22일 09시,토요일,대전광역시 유성구 봉명동,경상사고,0,0,4,0,차대차 - 측면직각충돌,신호위반,건조,맑음,교차로 - 교차로안,승용,남,61세,상해없음,승용,남,37세,경상
2014032200100291,2014년 3월 22일 12시,토요일,대전광역시 대덕구 목상동,중상사고,0,1,0,0,차대사람 - 횡단중,안전운전불이행,건조,맑음,단일로 - 기타,승용,여,53세,상해없음,보행자,여,12세,중상
2014032200100382,2014년 3월 22일 15시,토요일,대전광역시 중구 대흥동,중상사고,0,1,0,0,차대차 - 측면직각충돌,안전운전불이행,건조,맑음,단일로 - 기타,승용,남,65세,상해없음,자전거,남,72세,중상
2014032200100417,2014년 3월 22일 16시,토요일,대전광역시 중구 옥계동,경상사고,0,0,1,0,차대차 - 측면직각충돌,신호위반,건조,맑음,교차로 - 교차로부근,승용,남,67세,상해없음,승합,남,48세,경상
2014032200100480,2014년 3월 22일 18시,토요일,대전광역시 서구 용문동,경상사고,0,0,1,0,차대차 - 기타,신호위반,건조,맑음,교차로 - 교차로안,승용,남,63세,상해없음,승용,남,53세,상해없음
2014032200100522,2014년 3월 22일 19시,토요일,대전광역시 동구 신흥동,경상사고,0,0,1,0,차대차 - 기타,중앙선침범,건조,맑음,교차로 - 교차로부근,승용,남,51세,상해없음,승용,남,55세,경상
2014032200100585,2014년 3월 22일 21시,토요일,대전광역시 중구 오류동,중상사고,0,1,2,0,차대차 - 측면직각충돌,중앙선침범,건조,맑음,단일로 - 기타,승용,여,25세,상해없음,승용,여,46세,중상
2014032200100616,2014년 3월 22일 22시,토요일,대전광역시 동구 대동,사망사고,1,0,0,0,차대사람 - 횡단중,신호위반,건조,맑음,교차로 - 교차로안,승용,남,30세,상해없음,보행자,여,74세,사망
2014032300100030,2014년 3월 23일 00시,일요일,대전광역시 서구 탄방동,경상사고,0,0,1,0,차대차 - 측면직각충돌,중앙선침범,건조,맑음,교차로 - 교차로안,승용,여,25세,상해없음,승용,남,33세,경상
2014032300100115,2014년 3월 23일 06시,일요일,대전광역시 서구 변동,중상사고,0,1,0,0,차대차 - 측면직각충돌,신호위반,건조,맑음,교차로 - 교차로안,승용,남,23세,상해없음,승용,남,46세,중상
2014032300100131,2014년 3월 23일 07시,일요일,대전광역시 동구 정동,중상사고,0,1,1,0,차대차 - 기타,신호위반,건조,맑음,교차로 - 교차로안,승용,남,22세,상해없음,승용,남,50세,경상
2014032300100193,2014년 3월 23일 10시,일요일,대전광역시 서구 둔산동,경상사고,0,0,1,0,차대사람 - 횡단중,보행자보호의무위반,건조,맑음,교차로 - 교차로부근,기타불명,기타불명,기타불명,기타불명,보행자,여,13세,경상
2014032300100232,2014년 3월 23일 12시,일요일,대전광역시 유성구 장대동,중상사고,0,3,1,0,차대차 - 측면직각충돌,안전거리미확보,건조,맑음,단일로 - 기타,승용,남,55세,상해없음,승용,남,37세,중상
2014032300100325,2014년 3월 23일 15시,일요일,대전광역시 서구 둔산동,경상사고,0,0,1,0,차대차 - 추돌 - 주정차중,안전운전불이행,건조,맑음,단일로 - 기타,승용,여,40세,상해없음,승용,남,40세,경상
2014032300100326,2014년 3월 23일 15시,일요일,대전광역시 유성구 반석동,중상사고,0,1,0,0,차대차 - 측면직각충돌,교차로운행방법위반,건조,맑음,교차로 - 교차로안,승용,남,22세,상해없음,승용,남,39세,중상
2014032300100385,2014년 3월 23일 17시,일요일,대전광역시 동구 하소동,중상사고,0,1,1,0,차대차 - 측면직각충돌,중앙선침범,건조,맑음,단일로 - 기타,승용,남,75세,상해없음,승용,여,48세,중상
2014032300100412,2014년 3월 23일 18시,일요일,대전광역시 동구 용전동,경상사고,0,0,2,1,차대차 - 측면직각충돌,안전운전불이행,건조,맑음,단일로 - 기타,승용,기타불명,기타불명,기타불명,승용,여,45세,부상신고
2014032300100451,2014년 3월 23일 19시,일요일,대전광역시 유성구 외삼동,경상사고,0,0,1,0,차대차 - 측면직각충돌,안전거리미확보,건조,맑음,단일로 - 기타,승용,남,53세,상해없음,승합,남,42세,경상
2014032300100452,2014년 3월 23일 19시,일요일,대전광역시 유성구 송강동,경상사고,0,0,1,0,차대사람 - 차도통행중,안전운전불이행,건조,맑음,단일로 - 기타,승합,여,44세,상해없음,보행자,남,32세,경상
2014032300100527,2014년 3월 23일 22시,일요일,대전광역시 유성구 죽동,중상사고,0,1,0,0,차대사람 - 횡단중,보행자보호의무위반,건조,맑음,단일로 - 기타,승용,남,51세,상해없음,보행자,여,65세,중상
2014032400100032,2014년 3월 24일 02시,월요일,대전광역시 서구 둔산동,중상사고,0,1,1,0,차대차 - 측면직각충돌,신호위반,건조,맑음,교차로 - 교차로안,승용,남,21세,상해없음,승용,여,19세,중상
2014032400100106,2014년 3월 24일 07시,월요일,대전광역시 중구 목동,중상사고,0,1,0,0,차대차 - 기타,직진우회전진행방해,건조,맑음,교차로 - 교차로부근,승용,남,48세,상해없음,이륜,남,86세,중상
2014032400100145,2014년 3월 24일 08시,월요일,대전광역시 대덕구 덕암동,중상사고,0,1,0,0,차대사람 - 차도통행중,안전운전불이행,건조,맑음,단일로 - 횡단보도부근,화물,남,40세,상해없음,보행자,남,79세,중상
2014032400100179,2014년 3월 24일 09시,월요일,대전광역시 중구 오류동,경상사고,0,0,1,0,차대차 - 측면직각충돌,기타,건조,맑음,단일로 - 기타,승용,남,52세,상해없음,자전거,남,71세,경상
2014032400100241,2014년 3월 24일 11시,월요일,대전광역시 동구 신흥동,경상사고,0,0,1,0,차대차 - 추돌 - 진행중,안전거리미확보,건조,맑음,단일로 - 횡단보도부근,승합,남,50세,상해없음,승용,남,46세,경상
2014032400100315,2014년 3월 24일 14시,월요일,대전광역시 대덕구 대화동,경상사고,0,0,1,0,차대차 - 측면직각충돌,안전거리미확보,건조,맑음,단일로 - 기타,화물,남,40세,상해없음,승용,여,57세,경상
2014032400100347,2014년 3월 24일 15시,월요일,대전광역시 중구 부사동,경상사고,0,0,1,0,차대차 - 측면직각충돌,교차로운행방법위반,건조,맑음,교차로 - 교차로안,승용,남,25세,상해없음,자전거,남,71세,경상
2014032400100348,2014년 3월 24일 15시,월요일,대전광역시 서구 관저동,경상사고,0,0,1,0,차대차 - 측면직각충돌,신호위반,건조,맑음,교차로 - 교차로안,승용,남,53세,상해없음,승용,여,49세,경상
2014032400100349,2014년 3월 24일 15시,월요일,대전광역시 유성구 봉명동,경상사고,0,0,1,0,차대사람 - 횡단중,안전운전불이행,건조,맑음,단일로 - 횡단보도상,승용,여,39세,상해없음,보행자,남,75세,경상
2014032400100385,2014년 3월 24일 16시,월요일,대전광역시 동구 대동,경상사고,0,0,2,0,차량단독 - 기타,안전거리미확보,건조,맑음,교차로 - 교차로부근,승합,남,53세,상해없음,,,,
2014032400100422,2014년 3월 24일 17시,월요일,대전광역시 동구 천동,경상사고,0,0,1,0,차대차 - 측면직각충돌,중앙선침범,건조,맑음,단일로 - 기타,승용,남,74세,상해없음,승용,남,55세,경상
2014032400100449,2014년 3월 24일 18시,월요일,대전광역시 유성구 장대동,경상사고,0,0,1,0,차대차 - 측면직각충돌,안전거리미확보,건조,맑음,단일로 - 기타,승합,남,55세,상해없음,승용,여,59세,경상
2014032400100519,2014년 3월 24일 20시,월요일,대전광역시 동구 소제동,경상사고,0,0,2,0,차대차 - 정면충돌,신호위반,건조,맑음,교차로 - 교차로안,승용,남,41세,상해없음,승용,여,46세,경상
2014032400100520,2014년 3월 24일 20시,월요일,대전광역시 동구 대동,경상사고,0,0,1,0,차대차 - 측면직각충돌,안전운전불이행,건조,맑음,단일로 - 기타,승합,남,65세,상해없음,승용,여,60세,경상
2014032400100521,2014년 3월 24일 20시,월요일,대전광역시 서구 변동,경상사고,0,0,1,0,차대차 - 추돌 - 주정차중,안전운전불이행,건조,맑음,교차로 - 교차로부근,승용,여,34세,상해없음,승용,남,42세,경상
2014032400100522,2014년 3월 24일 20시,월요일,대전광역시 서구 도마동,경상사고,0,0,1,0,차대차 - 추돌 - 주정차중,안전운전불이행,건조,맑음,교차로 - 교차로부근,승용,남,37세,상해없음,승용,남,60세,상해없음
2014032400100523,2014년 3월 24일 20시,월요일,대전광역시 유성구 궁동,경상사고,0,0,1,0,차대차 - 측면직각충돌,중앙선침범,건조,맑음,단일로 - 기타,승용,여,26세,상해없음,원동기,남,22세,경상
2014032500100045,2014년 3월 25일 03시,화요일,대전광역시 서구 월평동,경상사고,0,0,1,0,차대차 - 정면충돌,중앙선침범,건조,맑음,단일로 - 기타,승용,남,33세,상해없음,승용,남,22세,경상
2014032500100046,2014년 3월 25일 03시,화요일,대전광역시 서구 월평동,경상사고,0,0,1,0,차대사람 - 길가장자리구역통행중,안전운전불이행,건조,맑음,단일로 - 기타,승용,기타불명,기타불명,기타불명,보행자,남,42세,경상
2014032500100175,2014년 3월 25일 10시,화요일,대전광역시 서구 갈마동,경상사고,0,0,1,0,차대차 - 기타,신호위반,건조,맑음,교차로 - 교차로안,승용,남,57세,상해없음,승용,남,30세,경상
2014032500100249,2014년 3월 25일 13시,화요일,대전광역시 서구 월평동,중상사고,0,2,0,0,차대차 - 추돌 - 진행중,안전운전불이행,건조,맑음,단일로 - 기타,승용,여,24세,상해없음,승용,남,53세,중상
2014032500100302,2014년 3월 25일 15시,화요일,대전광역시 중구 용두동,중상사고,0,1,0,0,차대차 - 측면직각충돌,안전운전불이행,건조,맑음,단일로 - 기타,화물,남,21세,상해없음,자전거,남,75세,중상
2014032500100365,2014년 3월 25일 17시,화요일,대전광역시 대덕구 와동,중상사고,0,1,0,0,차량단독 - 기타,안전운전불이행,건조,맑음,단일로 - 교량,승합,남,46세,상해없음,,,,
2014032500100407,2014년 3월 25일 18시,화요일,대전광역시 중구 유천동,경상사고,0,0,1,0,차대차 - 추돌 - 주정차중,안전운전불이행,습기,비,단일로 - 기타,승용,여,25세,상해없음,승용,여,51세,경상
2014032500100465,2014년 3월 25일 19시,화요일,대전광역시 대덕구 송촌동,경상사고,0,0,4,0,차대차 - 측면직각충돌,교차로운행방법위반,습기,비,교차로 - 교차로안,승용,남,49세,상해없음,승용,여,40세,경상
2014032500100466,2014년 3월 25일 19시,화요일,대전광역시 대덕구 법동,경상사고,0,0,1,0,차대차 - 추돌 - 진행중,안전운전불이행,습기,비,교차로 - 교차로부근,승용,여,25세,상해없음,승용,남,41세,경상
2014032500100467,2014년 3월 25일 19시,화요일,대전광역시 서구 둔산동,경상사고,0,0,1,0,차대사람 - 기타,안전운전불이행,습기,비,교차로 - 교차로안,승용,여,47세,상해없음,보행자,여,51세,경상
2014032500100512,2014년 3월 25일 20시,화요일,대전광역시 서구 월평동,경상사고,0,0,1,0,차대차 - 기타,기타,습기,비,단일로 - 기타,이륜,남,49세,기타불명,자전거,남,49세,경상
2014032500100549,2014년 3월 25일 21시,화요일,대전광역시 서구 도마동,중상사고,0,2,1,0,차대사람 - 보도통행중,기타,습기,비,단일로 - 기타,승용,남,53세,상해없음,보행자,남,18세,중상
2014032500100550,2014년 3월 25일 21시,화요일,대전광역시 유성구 반석동,경상사고,0,0,1,0,차대차 - 측면직각충돌,중앙선침범,습기,비,단일로 - 기타,승용,남,29세,상해없음,승용,여,34세,경상
2014032500100551,2014년 3월 25일 21시,화요일,대전광역시 유성구 봉명동,중상사고,0,1,0,0,차대차 - 기타,안전운전불이행,습기,비,단일로 - 기타,승용,남,52세,상해없음,이륜,남,53세,중상
2014032500100603,2014년 3월 25일 22시,화요일,대전광역시 중구 중촌동,경상사고,0,0,1,0,차대사람 - 횡단중,안전운전불이행,습기,비,교차로 - 교차로안,승용,여,48세,상해없음,보행자,남,22세,경상
2014032500100604,2014년 3월 25일 22시,화요일,대전광역시 유성구 봉명동,경상사고,0,0,1,0,차대차 - 기타,안전운전불이행,습기,비,단일로 - 기타,승용,남,30세,상해없음,원동기,남,40세,경상
2014032500100634,2014년 3월 25일 23시,화요일,대전광역시 중구 중촌동,중상사고,0,2,0,0,차대차 - 측면직각충돌,중앙선침범,습기,비,단일로 - 기타,승용,남,51세,중상,승용,남,25세,중상
2014032600100030,2014년 3월 26일 00시,수요일,대전광역시 동구 인동,경상사고,0,0,2,0,차대차 - 추돌 - 주정차중,안전운전불이행,습기,비,단일로 - 기타,승용,남,51세,상해없음,승용,남,39세,경상
2014032600100031,2014년 3월 26일 00시,수요일,대전광역시 서구 둔산동,경상사고,0,0,2,0,차대차 - 추돌 - 진행중,안전운전불이행,습기,비,단일로 - 기타,승용,남,35세,상해없음,승용,여,53세,경상
2014032600100032,2014년 3월 26일 00시,수요일,대전광역시 서구 갈마동,경상사고,0,0,3,0,차대차 - 추돌 - 주정차중,안전운전불이행,습기,비,교차로 - 교차로부근,승용,여,31세,상해없음,승용,남,50세,경상
2014032600100118,2014년 3월 26일 06시,수요일,대전광역시 중구 대흥동,경상사고,0,0,3,0,차대차 - 측면직각충돌,안전운전불이행,습기,흐림,교차로 - 교차로부근,화물,남,57세,경상,승용,남,69세,경상
2014032600100152,2014년 3월 26일 07시,수요일,대전광역시 유성구 노은동,경상사고,0,0,1,0,차대차 - 측면직각충돌,신호위반,습기,비,교차로 - 교차로안,승용,남,20세,상해없음,승용,남,42세,경상
2014032600100353,2014년 3월 26일 14시,수요일,대전광역시 중구 문창동,경상사고,0,0,1,0,차대차 - 기타,중앙선침범,건조,맑음,단일로 - 기타,원동기,남,16세,상해없음,승합,남,48세,상해없음
2014032600100354,2014년 3월 26일 14시,수요일,대전광역시 대덕구 오정동,중상사고,0,1,0,0,차대차 - 측면직각충돌,중앙선침범,건조,맑음,단일로 - 기타,화물,남,63세,상해없음,원동기,남,21세,중상
2014032600100378,2014년 3월 26일 15시,수요일,대전광역시 동구 정동,경상사고,0,0,1,0,차량단독 - 기타,안전운전불이행,건조,맑음,단일로 - 기타,승합,남,47세,상해없음,,,,
2014032600100379,2014년 3월 26일 15시,수요일,대전광역시 동구 인동,중상사고,0,1,0,0,차대차 - 추돌 - 주정차중,안전운전불이행,건조,맑음,단일로 - 기타,승용,남,33세,상해없음,승용,남,42세,중상
2014032600100533,2014년 3월 26일 19시,수요일,대전광역시 중구 선화동,경상사고,0,0,2,0,차대차 - 추돌 - 진행중,안전거리미확보,건조,맑음,단일로 - 기타,승용,남,50세,상해없음,승용,남,54세,경상
2014032600100534,2014년 3월 26일 19시,수요일,대전광역시 유성구 상대동,중상사고,0,1,0,0,차대사람 - 기타,안전운전불이행,건조,맑음,단일로 - 기타,이륜,남,18세,상해없음,보행자,남,72세,중상
2014032600100535,2014년 3월 26일 19시,수요일,대전광역시 유성구 봉명동,경상사고,0,0,1,0,차대사람 - 횡단중,보행자보호의무위반,건조,맑음,단일로 - 기타,승용,남,52세,상해없음,보행자,남,21세,경상
2014032600100607,2014년 3월 26일 21시,수요일,대전광역시 동구 가오동,경상사고,0,0,1,0,차대차 - 추돌 - 주정차중,안전운전불이행,건조,맑음,단일로 - 기타,승용,남,39세,상해없음,승용,남,37세,경상
2014032600100639,2014년 3월 26일 22시,수요일,대전광역시 유성구 노은동,중상사고,0,2,0,0,차대차 - 측면직각충돌,신호위반,건조,맑음,교차로 - 교차로안,승용,남,45세,상해없음,승용,남,58세,중상
2014032600100664,2014년 3월 26일 23시,수요일,대전광역시 중구 대흥동,중상사고,0,1,0,0,차대차 - 측면직각충돌,신호위반,건조,맑음,교차로 - 교차로안,승용,남,53세,상해없음,원동기,남,24세,중상
2014032600100665,2014년 3월 26일 23시,수요일,대전광역시 동구 자양동,경상사고,0,0,1,0,차대차 - 기타,차로위반,건조,맑음,단일로 - 기타,승용,기타불명,기타불명,기타불명,승용,남,46세,상해없음
2014032600100666,2014년 3월 26일 23시,수요일,대전광역시 동구 구도동,경상사고,0,0,1,0,차대차 - 측면직각충돌,신호위반,건조,맑음,교차로 - 교차로안,승용,남,59세,상해없음,승합,남,44세,경상
2014032600100667,2014년 3월 26일 23시,수요일,대전광역시 대덕구 읍내동,경상사고,0,0,1,0,차대차 - 추돌 - 진행중,안전운전불이행,건조,맑음,교차로 - 교차로안,승용,남,40세,상해없음,승용,여,44세,경상
2014032600100668,2014년 3월 26일 23시,수요일,대전광역시 유성구 노은동,중상사고,0,1,0,0,차대차 - 정면충돌,신호위반,건조,맑음,교차로 - 교차로안,승용,남,40세,상해없음,승용,여,36세,중상
2014032700100112,2014년 3월 27일 07시,목요일,대전광역시 서구 갈마동,중상사고,0,1,0,0,차대사람 - 횡단중,안전운전불이행,건조,맑음,교차로 - 교차로부근,승용,여,41세,상해없음,보행자,남,8세,중상
2014032700100184,2014년 3월 27일 09시,목요일,대전광역시 중구 유천동,중상사고,0,1,0,0,차대차 - 측면직각충돌,교차로운행방법위반,건조,맑음,교차로 - 교차로안,승합,남,60세,상해없음,이륜,남,43세,중상
2014032700100210,2014년 3월 27일 10시,목요일,대전광역시 중구 태평동,경상사고,0,0,2,0,차량단독 - 공작물충돌,안전거리미확보,건조,맑음,교차로 - 교차로부근,승합,남,54세,상해없음,,,,
2014032700100226,2014년 3월 27일 11시,목요일,대전광역시 유성구 봉산동,경상사고,0,0,1,0,차대차 - 기타,안전운전불이행,건조,맑음,단일로 - 기타,승용,여,40세,상해없음,승용,남,53세,경상
2014032700100269,2014년 3월 27일 13시,목요일,대전광역시 서구 둔산동,경상사고,0,0,2,0,차대차 - 추돌 - 주정차중,안전거리미확보,건조,맑음,교차로 - 교차로부근,승용,남,49세,상해없음,승용,남,27세,경상
2014032700100300,2014년 3월 27일 14시,목요일,대전광역시 중구 대사동,경상사고,0,0,2,0,차대차 - 측면직각충돌,안전운전불이행,건조,맑음,교차로 - 교차로부근,승용,남,78세,상해없음,승용,남,39세,경상
2014032700100373,2014년 3월 27일 16시,목요일,대전광역시 서구 둔산동,경상사고,0,0,1,0,차대차 - 측면직각충돌,안전운전불이행,건조,맑음,기타 - 기타,승용,남,51세,상해없음,승용,여,30세,경상
2014032700100488,2014년 3월 27일 19시,목요일,대전광역시 중구 산성동,경상사고,0,0,1,0,차대차 - 기타,중앙선침범,건조,맑음,단일로 - 기타,승합,남,37세,상해없음,승용,여,49세,경상
2014032700100489,2014년 3월 27일 19시,목요일,대전광역시 서구 도마동,중상사고,0,1,0,0,차대차 - 기타,안전운전불이행,건조,맑음,교차로 - 교차로안,화물,남,54세,상해없음,이륜,남,27세,중상
2014032700100490,2014년 3월 27일 19시,목요일,대전광역시 유성구 구암동,경상사고,0,0,1,0,차대차 - 기타,안전운전불이행,건조,맑음,교차로 - 교차로안,승용,남,22세,상해없음,승용,여,34세,경상
2014032700100512,2014년 3월 27일 20시,목요일,대전광역시 동구 대동,경상사고,0,0,1,0,차량단독 - 기타,안전운전불이행,건조,맑음,단일로 - 기타,승합,남,44세,상해없음,,,,
2014032700100534,2014년 3월 27일 21시,목요일,대전광역시 서구 월평동,중상사고,0,1,0,0,차대사람 - 기타,기타,건조,맑음,단일로 - 기타,승용,남,55세,상해없음,보행자,여,53세,중상
2014032700100564,2014년 3월 27일 22시,목요일,대전광역시 동구 가양동,경상사고,0,0,3,0,차대차 - 추돌 - 주정차중,안전거리미확보,건조,맑음,단일로 - 기타,승용,남,43세,상해없음,승용,남,30세,경상
2014032800100106,2014년 3월 28일 07시,금요일,대전광역시 서구 둔산동,경상사고,0,0,1,0,차대사람 - 보도통행중,보행자보호의무위반,건조,맑음,단일로 - 횡단보도상,승용,여,29세,상해없음,보행자,남,25세,경상
2014032800100107,2014년 3월 28일 07시,금요일,대전광역시 서구 둔산동,중상사고,0,1,0,0,차대차 - 기타,안전거리미확보,건조,맑음,단일로 - 기타,승용,남,31세,상해없음,승용,여,27세,중상
2014032800100221,2014년 3월 28일 11시,금요일,대전광역시 동구 원동,중상사고,0,1,0,0,차대차 - 측면직각충돌,기타,건조,맑음,단일로 - 기타,승용,남,61세,상해없음,원동기,남,43세,중상
2014032800100381,2014년 3월 28일 16시,금요일,대전광역시 서구 변동,경상사고,0,0,2,0,차대차 - 추돌 - 주정차중,안전운전불이행,건조,맑음,단일로 - 기타,승용,남,58세,상해없음,승용,남,47세,경상
2014032800100497,2014년 3월 28일 19시,금요일,대전광역시 유성구 관평동,경상사고,0,0,1,0,차대차 - 측면직각충돌,신호위반,건조,맑음,교차로 - 교차로안,승용,남,50세,상해없음,이륜,남,16세,경상
2014032800100542,2014년 3월 28일 20시,금요일,대전광역시 서구 내동,경상사고,0,0,1,0,차대차 - 추돌 - 주정차중,안전운전불이행,건조,맑음,교차로 - 교차로부근,화물,남,41세,상해없음,승용,남,29세,경상
2014032800100543,2014년 3월 28일 20시,금요일,대전광역시 서구 갈마동,경상사고,0,0,1,0,차대차 - 추돌 - 진행중,안전거리미확보,건조,맑음,단일로 - 기타,승용,남,49세,상해없음,이륜,남,27세,경상
2014032800100581,2014년 3월 28일 21시,금요일,대전광역시 유성구 궁동,경상사고,0,0,1,0,차량단독 - 기타,기타,건조,맑음,단일로 - 기타,승합,남,56세,상해없음,,,,
2014032800100582,2014년 3월 28일 21시,금요일,대전광역시 서구 갈마동,경상사고,0,0,4,0,차대차 - 추돌 - 진행중,과속,건조,맑음,미분류 - 미분류,승용,남,22세,상해없음,승용,여,47세,경상
2014032900100033,2014년 3월 29일 00시,토요일,대전광역시 서구 둔산동,경상사고,0,0,1,0,차대사람 - 기타,안전운전불이행,건조,맑음,단일로 - 기타,승용,남,25세,상해없음,보행자,여,23세,경상
2014032900100078,2014년 3월 29일 02시,토요일,대전광역시 동구 중동,경상사고,0,0,1,0,차대차 - 측면직각충돌,안전거리미확보,건조,맑음,단일로 - 기타,승용,남,45세,상해없음,승용,남,65세,상해없음
2014032900100079,2014년 3월 29일 02시,토요일,대전광역시 동구 대동,중상사고,0,1,0,0,차대차 - 정면충돌,중앙선침범,건조,맑음,교차로 - 교차로부근,승용,남,38세,상해없음,원동기,남,27세,중상
2014032900100094,2014년 3월 29일 03시,토요일,대전광역시 서구 둔산동,경상사고,0,0,1,0,차대사람 - 길가장자리구역통행중,안전운전불이행,건조,맑음,단일로 - 기타,승용,남,22세,상해없음,보행자,남,30세,경상
2014032900100128,2014년 3월 29일 05시,토요일,대전광역시 서구 관저동,경상사고,0,0,2,0,차대차 - 측면직각충돌,중앙선침범,건조,흐림,단일로 - 기타,화물,남,43세,상해없음,승용,남,64세,경상
2014032900100147,2014년 3월 29일 06시,토요일,대전광역시 중구 대흥동,중상사고,0,1,1,0,차대차 - 측면직각충돌,안전운전불이행,건조,흐림,교차로 - 교차로부근,승용,남,55세,상해없음,승용,여,37세,경상
2014032900100307,2014년 3월 29일 13시,토요일,대전광역시 서구 용문동,중상사고,0,1,1,0,차대차 - 측면직각충돌,신호위반,습기,비,교차로 - 교차로안,이륜,남,28세,중상,승용,여,52세,경상
2014032900100308,2014년 3월 29일 13시,토요일,대전광역시 서구 둔산동,경상사고,0,0,1,0,차대차 - 추돌 - 진행중,교차로운행방법위반,습기,비,교차로 - 교차로안,승합,남,55세,상해없음,승용,남,55세,경상
2014032900100349,2014년 3월 29일 14시,토요일,대전광역시 동구 정동,중상사고,0,1,0,0,차량단독 - 기타,안전운전불이행,습기,비,단일로 - 기타,승합,남,53세,상해없음,,,,
2014032900100350,2014년 3월 29일 14시,토요일,대전광역시 유성구 반석동,경상사고,0,0,1,0,차대차 - 추돌 - 진행중,중앙선침범,습기,비,교차로 - 교차로부근,승합,남,32세,상해없음,원동기,남,30세,경상