사고번호,사고일시,요일,시군구,사고내용,사망자수,중상자수,경상자수,부상신고자수,사고유형,법규위반,노면상태,기상상태,도로형태,가해운전자 차종,가해운전자 성별,가해운전자 연령,가해운전자 상해정도,피해운전자 차종,피해운전자 성별,피해운전자 연령,피해운전자 상해정도
2014032900100381,2014년 3월 29일 15시,토요일,대전광역시 유성구 용산동,경상사고,0,0,1,0,차대차 - 추돌 - 진행중,신호위반,건조,맑음,교차로 - 교차로안,승용,남,44세,상해없음,승용,여,54세,경상
2014032900100415,2014년 3월 29일 16시,토요일,대전광역시 유성구 신성동,경상사고,0,0,1,0,차대차 - 추돌 - 진행중,안전운전불이행,습기,맑음,교차로 - 교차로안,승용,남,60세,상해없음,승용,남,50세,상해없음
2014032900100490,2014년 3월 29일 18시,토요일,대전광역시 유성구 노은동,경상사고,0,0,2,0,차대사람 - 횡단중,보행자보호의무위반,습기,비,단일로 - 횡단보도상,원동기,남,39세,경상,보행자,여,17세,경상
2014032900100572,2014년 3월 29일 20시,토요일,대전광역시 중구 문화동,중상사고,0,1,0,0,차대사람 - 횡단중,보행자보호의무위반,습기,비,단일로 - 횡단보도상,승용,여,67세,상해없음,보행자,여,22세,중상
2014032900100651,2014년 3월 29일 22시,토요일,대전광역시 중구 산성동,경상사고,0,0,1,0,차대차 - 추돌 - 주정차중,안전운전불이행,건조,맑음,단일로 - 기타,화물,남,42세,경상,승합,남,66세,기타불명
2014032900100652,2014년 3월 29일 22시,토요일,대전광역시 동구 용전동,경상사고,0,0,3,0,차대사람 - 횡단중,보행자보호의무위반,습기,비,단일로 - 횡단보도상,승합,남,48세,상해없음,보행자,남,54세,경상
2014032900100653,2014년 3월 29일 22시,토요일,대전광역시 대덕구 중리동,경상사고,0,0,1,1,차대차 - 추돌 - 주정차중,안전운전불이행,습기,비,교차로 - 교차로부근,승용,남,42세,상해없음,승용,남,60세,경상
2014032900100708,2014년 3월 29일 23시,토요일,대전광역시 서구 둔산동,경상사고,0,0,1,0,차대차 - 정면충돌,신호위반,습기,비,교차로 - 교차로안,화물,남,44세,상해없음,승용,남,63세,경상
2014033000100095,2014년 3월 30일 03시,일요일,대전광역시 서구 월평동,사망사고,1,0,0,0,차대사람 - 횡단중,보행자보호의무위반,습기,비,단일로 - 기타,승용,남,45세,상해없음,보행자,남,32세,사망
2014033000100105,2014년 3월 30일 04시,일요일,대전광역시 동구 대성동,중상사고,0,1,1,0,차대차 - 기타,교차로운행방법위반,습기,비,교차로 - 교차로안,승용,남,47세,상해없음,승용,남,31세,중상
2014033000100116,2014년 3월 30일 05시,일요일,대전광역시 서구 괴정동,경상사고,0,0,1,0,차대사람 - 보도통행중,보행자보호의무위반,습기,흐림,단일로 - 기타,승용,남,28세,기타불명,보행자,남,24세,경상
2014033000100174,2014년 3월 30일 09시,일요일,대전광역시 대덕구 신탄진동,중상사고,0,1,1,0,차대차 - 추돌 - 진행중,교차로운행방법위반,건조,맑음,교차로 - 교차로안,승용,여,58세,상해없음,승용,남,53세,경상
2014033000100228,2014년 3월 30일 11시,일요일,대전광역시 서구 변동,경상사고,0,0,3,0,차대차 - 측면직각충돌,신호위반,건조,맑음,교차로 - 교차로안,승용,남,55세,상해없음,승용,여,25세,경상
2014033000100229,2014년 3월 30일 11시,일요일,대전광역시 대덕구 중리동,중상사고,0,1,0,0,차대사람 - 보도통행중,보행자보호의무위반,건조,맑음,단일로 - 횡단보도상,승합,남,46세,상해없음,보행자,남,34세,중상
2014033000100284,2014년 3월 30일 13시,일요일,대전광역시 서구 용문동,경상사고,0,0,2,0,차대차 - 추돌 - 진행중,안전운전불이행,건조,맑음,단일로 - 기타,승용,남,36세,상해없음,승용,여,33세,경상
2014033000100315,2014년 3월 30일 14시,일요일,대전광역시 중구 오류동,중상사고,0,1,0,0,차대사람 - 기타,기타,건조,맑음,교차로 - 교차로부근,자전거,여,7세,상해없음,보행자,여,70세,중상
2014033000100515,2014년 3월 30일 21시,일요일,대전광역시 중구 문창동,경상사고,0,0,1,0,차대사람 - 횡단중,안전운전불이행,건조,맑음,교차로 - 교차로안,승용,여,39세,상해없음,보행자,여,14세,경상
2014033000100534,2014년 3월 30일 22시,일요일,대전광역시 동구 가양동,경상사고,0,0,2,0,차대차 - 추돌 - 주정차중,안전운전불이행,건조,맑음,교차로 - 교차로부근,화물,남,57세,상해없음,승용,남,46세,경상
2014033000100551,2014년 3월 30일 23시,일요일,대전광역시 대덕구 중리동,경상사고,0,0,5,0,차대차 - 측면직각충돌,중앙선침범,건조,맑음,교차로 - 교차로부근,기타불명,기타불명,25세,기타불명,승용,남,42세,경상
2014033100100014,2014년 3월 31일 00시,월요일,대전광역시 서구 둔산동,경상사고,0,0,2,0,차대사람 - 차도통행중,안전운전불이행,건조,맑음,단일로 - 기타,승용,남,30세,상해없음,보행자,남,26세,경상
2014033100100033,2014년 3월 31일 02시,월요일,대전광역시 서구 둔산동,중상사고,0,1,0,0,차대사람 - 기타,안전운전불이행,건조,맑음,단일로 - 기타,승용,남,51세,상해없음,보행자,남,19세,중상
2014033100100096,2014년 3월 31일 07시,월요일,대전광역시 동구 가양동,중상사고,0,1,3,0,차대차 - 측면직각충돌,교차로운행방법위반,건조,맑음,교차로 - 교차로안,승용,남,74세,상해없음,화물,남,44세,경상
2014033100100124,2014년 3월 31일 08시,월요일,대전광역시 중구 태평동,중상사고,0,1,0,0,차대차 - 측면직각충돌,안전운전불이행,건조,맑음,교차로 - 교차로안,승용,여,43세,상해없음,자전거,남,38세,중상
2014033100100125,2014년 3월 31일 08시,월요일,대전광역시 대덕구 신일동,경상사고,0,0,1,0,차대차 - 추돌 - 주정차중,안전운전불이행,건조,맑음,단일로 - 기타,승용,여,29세,상해없음,승용,남,41세,경상
2014033100100152,2014년 3월 31일 09시,월요일,대전광역시 동구 판암동,중상사고,0,1,0,0,차대사람 - 횡단중,안전운전불이행,건조,맑음,교차로 - 교차로안,승용,남,54세,상해없음,보행자,여,47세,중상
2014033100100153,2014년 3월 31일 09시,월요일,대전광역시 서구 도마동,중상사고,0,2,6,0,차대차 - 추돌 - 진행중,안전운전불이행,건조,맑음,단일로 - 기타,승용,여,44세,상해없음,승합,남,57세,경상
2014033100100223,2014년 3월 31일 12시,월요일,대전광역시 유성구 봉명동,경상사고,0,0,1,0,차대차 - 기타,안전운전불이행,건조,맑음,기타 - 기타,승용,남,35세,상해없음,승용,여,44세,경상
2014033100100247,2014년 3월 31일 13시,월요일,대전광역시 중구 오류동,중상사고,0,1,0,0,차대차 - 기타,신호위반,건조,맑음,단일로 - 기타,이륜,남,20세,상해없음,자전거,남,72세,중상
2014033100100348,2014년 3월 31일 16시,월요일,대전광역시 서구 월평동,경상사고,0,0,1,0,차대사람 - 보도통행중,보행자보호의무위반,건조,맑음,교차로 - 교차로안,승용,여,56세,상해없음,보행자,여,50세,경상
2014033100100540,2014년 3월 31일 22시,월요일,대전광역시 대덕구 송촌동,경상사고,0,0,2,0,차대차 - 추돌 - 주정차중,안전운전불이행,건조,맑음,단일로 - 횡단보도부근,승용,남,58세,상해없음,승용,남,30세,경상
2014033100100541,2014년 3월 31일 22시,월요일,대전광역시 대덕구 문평동,중상사고,0,1,0,0,차대차 - 추돌 - 주정차중,안전운전불이행,건조,맑음,단일로 - 기타,화물,남,51세,상해없음,승용,여,49세,중상
2014040100100019,2014년 4월 1일 00시,화요일,대전광역시 유성구 계산동,중상사고,0,1,1,0,차대차 - 측면직각충돌,교차로운행방법위반,건조,맑음,교차로 - 교차로안,승용,남,29세,상해없음,승용,남,64세,경상
2014040100100020,2014년 4월 1일 00시,화요일,대전광역시 서구 갈마동,경상사고,0,0,1,0,차대차 - 추돌 - 주정차중,안전운전불이행,건조,맑음,단일로 - 기타,승용,남,24세,상해없음,승용,남,53세,상해없음
2014040100100054,2014년 4월 1일 03시,화요일,대전광역시 대덕구 송촌동,경상사고,0,0,1,0,차대차 - 측면직각충돌,교차로운행방법위반,건조,맑음,교차로 - 교차로안,승용,남,64세,상해없음,승용,여,50세,경상
2014040100100055,2014년 4월 1일 03시,화요일,대전광역시 서구 둔산동,경상사고,0,0,1,0,차대차 - 측면직각충돌,안전거리미확보,건조,맑음,교차로 - 교차로부근,승용,여,41세,상해없음,승용,여,26세,경상
2014040100100152,2014년 4월 1일 08시,화요일,대전광역시 유성구 봉명동,경상사고,0,0,2,0,차대차 - 측면직각충돌,안전운전불이행,건조,맑음,단일로 - 기타,승용,남,32세,상해없음,승용,남,53세,경상
2014040100100153,2014년 4월 1일 08시,화요일,대전광역시 유성구 봉명동,경상사고,0,0,1,0,차대차 - 측면직각충돌,교차로운행방법위반,건조,맑음,교차로 - 교차로안,승용,여,42세,상해없음,승용,남,47세,경상
2014040100100233,2014년 4월 1일 11시,화요일,대전광역시 중구 산성동,중상사고,0,1,0,0,차대사람 - 길가장자리구역통행중,안전운전불이행,건조,맑음,단일로 - 기타,승용,기타불명,기타불명,기타불명,보행자,여,62세,중상
2014040100100403,2014년 4월 1일 16시,화요일,대전광역시 중구 용두동,경상사고,0,0,6,0,차대차 - 측면직각충돌,신호위반,건조,맑음,교차로 - 교차로안,승용,여,23세,상해없음,승용,여,36세,경상
2014040100100404,2014년 4월 1일 16시,화요일,대전광역시 동구 가양동,중상사고,0,1,0,0,차량단독 - 기타,기타,건조,맑음,교차로 - 교차로부근,승합,남,44세,상해없음,,,,
2014040100100487,2014년 4월 1일 18시,화요일,대전광역시 서구 월평동,경상사고,0,0,1,0,차대차 - 측면직각충돌,안전운전불이행,건조,맑음,교차로 - 교차로안,기타불명,기타불명,기타불명,기타불명,승용,여,49세,경상
2014040100100521,2014년 4월 1일 19시,화요일,대전광역시 유성구 원내동,중상사고,0,1,0,0,차대차 - 측면직각충돌,안전운전불이행,건조,맑음,교차로 - 교차로부근,기타불명,기타불명,기타불명,기타불명,승용,여,53세,중상
2014040100100522,2014년 4월 1일 19시,화요일,대전광역시 서구 둔산동,중상사고,0,1,0,0,차대사람 - 기타,안전운전불이행,건조,맑음,기타 - 기타,승용,남,47세,상해없음,보행자,여,6세,중상
2014040200100032,2014년 4월 2일 02시,수요일,대전광역시 동구 천동,경상사고,0,0,1,0,차량단독 - 기타,안전운전불이행,건조,맑음,단일로 - 기타,승용,여,30세,경상,,,,
2014040200100033,2014년 4월 2일 02시,수요일,대전광역시 서구 괴정동,경상사고,0,0,1,0,차대차 - 기타,안전운전불이행,건조,맑음,단일로 - 횡단보도상,승용,남,61세,상해없음,자전거,여,54세,경상
2014040200100034,2014년 4월 2일 02시,수요일,대전광역시 유성구 구암동,경상사고,0,0,2,0,차대차 - 기타,안전운전불이행,건조,맑음,단일로 - 기타,승용,남,26세,경상,승용,남,22세,경상
2014040200100135,2014년 4월 2일 08시,수요일,대전광역시 중구 산성동,경상사고,0,0,1,0,차대차 - 기타,안전운전불이행,건조,맑음,단일로 - 기타,승용,여,50세,상해없음,원동기,남,22세,경상
2014040200100217,2014년 4월 2일 11시,수요일,대전광역시 서구 둔산동,중상사고,0,1,1,0,차대차 - 기타,안전운전불이행,건조,맑음,단일로 - 기타,화물,여,57세,상해없음,화물,남,64세,중상
2014040200100245,2014년 4월 2일 12시,수요일,대전광역시 중구 사정동,중상사고,0,1,0,0,차대차 - 측면직각충돌,안전운전불이행,건조,맑음,단일로 - 횡단보도부근,승용,남,37세,상해없음,자전거,여,36세,중상
2014040200100246,2014년 4월 2일 12시,수요일,대전광역시 서구 갈마동,경상사고,0,0,1,0,차대차 - 기타,중앙선침범,건조,맑음,단일로 - 기타,승용,여,24세,상해없음,승용,남,53세,경상
2014040200100339,2014년 4월 2일 15시,수요일,대전광역시 대덕구 비래동,경상사고,0,0,2,0,차대차 - 추돌 - 주정차중,안전운전불이행,건조,맑음,단일로 - 기타,이륜,남,68세,경상,승용,남,52세,경상
2014040200100374,2014년 4월 2일 16시,수요일,대전광역시 서구 복수동,경상사고,0,0,1,0,차대사람 - 기타,안전운전불이행,건조,맑음,단일로 - 기타,승용,여,53세,상해없음,보행자,여,26세,경상
2014040200100607,2014년 4월 2일 22시,수요일,대전광역시 대덕구 덕암동,경상사고,0,0,2,0,차대차 - 추돌 - 주정차중,안전운전불이행,건조,맑음,교차로 - 교차로부근,승용,남,29세,상해없음,승용,여,29세,경상
2014040200100636,2014년 4월 2일 23시,수요일,대전광역시 서구 둔산동,경상사고,0,0,1,0,차대차 - 측면직각충돌,신호위반,건조,맑음,미분류 - 미분류,승용,기타불명,기타불명,기타불명,이륜,남,24세,경상
2014040200100637,2014년 4월 2일 23시,수요일,대전광역시 유성구 봉산동,경상사고,0,0,1,0,차대차 - 측면직각충돌,중앙선침범,건조,맑음,단일로 - 기타,승용,여,44세,상해없음,승합,남,49세,경상
2014040300100062,2014년 4월 3일 05시,목요일,대전광역시 서구 둔산동,사망사고,1,0,0,0,차대사람 - 횡단중,안전운전불이행,건조,맑음,교차로 - 교차로부근,승용,남,54세,상해없음,보행자,남,72세,사망
2014040300100104,2014년 4월 3일 07시,목요일,대전광역시 중구 사정동,중상사고,0,1,0,0,차대사람 - 횡단중,신호위반,건조,맑음,교차로 - 교차로부근,승용,남,25세,상해없음,보행자,여,66세,중상
2014040300100171,2014년 4월 3일 09시,목요일,대전광역시 유성구 도룡동,경상사고,0,0,1,0,차대차 - 추돌 - 주정차중,안전운전불이행,건조,맑음,교차로 - 교차로부근,승용,남,51세,상해없음,승용,남,58세,경상
2014040300100222,2014년 4월 3일 11시,목요일,대전광역시 서구 둔산동,경상사고,0,0,4,0,차대차 - 측면직각충돌,신호위반,건조,맑음,교차로 - 교차로안,승용,여,27세,상해없음,승용,남,59세,경상
2014040300100223,2014년 4월 3일 11시,목요일,대전광역시 서구 탄방동,경상사고,0,0,2,0,차대차 - 추돌 - 주정차중,안전운전불이행,건조,맑음,교차로 - 교차로안,승용,여,58세,상해없음,승용,남,44세,경상
2014040300100257,2014년 4월 3일 12시,목요일,대전광역시 서구 탄방동,경상사고,0,0,1,0,차대차 - 측면직각충돌,신호위반,건조,맑음,교차로 - 교차로부근,승용,남,57세,상해없음,자전거,여,45세,경상
2014040300100312,2014년 4월 3일 14시,목요일,대전광역시 서구 월평동,중상사고,0,1,0,0,차대사람 - 기타,안전운전불이행,건조,맑음,단일로 - 기타,승용,여,32세,상해없음,보행자,남,76세,중상
2014040300100333,2014년 4월 3일 15시,목요일,대전광역시 중구 용두동,경상사고,0,0,2,0,차대차 - 측면직각충돌,신호위반,건조,맑음,교차로 - 교차로안,승용,남,72세,상해없음,승용,여,37세,경상
2014040300100361,2014년 4월 3일 16시,목요일,대전광역시 중구 대사동,경상사고,0,0,1,0,차대차 - 측면직각충돌,기타,건조,맑음,단일로 - 기타,승용,남,30세,상해없음,원동기,남,39세,경상
2014040300100466,2014년 4월 3일 19시,목요일,대전광역시 대덕구 석봉동,중상사고,0,1,0,0,차대사람 - 보도통행중,신호위반,습기,비,교차로 - 교차로안,화물,남,67세,상해없음,보행자,여,18세,중상
2014040300100467,2014년 4월 3일 19시,목요일,대전광역시 유성구 구암동,경상사고,0,0,1,0,차대차 - 측면직각충돌,신호위반,습기,비,교차로 - 교차로안,승용,남,19세,상해없음,화물,남,44세,경상
2014040400100025,2014년 4월 4일 00시,금요일,대전광역시 서구 갈마동,경상사고,0,0,2,1,차대사람 - 횡단중,안전운전불이행,건조,맑음,단일로 - 횡단보도상,승용,남,67세,상해없음,보행자,여,18세,경상
2014040400100053,2014년 4월 4일 01시,금요일,대전광역시 중구 문화동,중상사고,0,1,3,0,차대차 - 정면충돌,신호위반,건조,맑음,교차로 - 교차로안,승용,남,29세,기타불명,승용,남,55세,경상
2014040400100072,2014년 4월 4일 03시,금요일,대전광역시 중구 산성동,경상사고,0,0,2,0,차대차 - 추돌 - 진행중,안전운전불이행,건조,흐림,교차로 - 교차로안,승용,남,22세,경상,승용,남,59세,경상
2014040400100093,2014년 4월 4일 05시,금요일,대전광역시 중구 유천동,중상사고,0,1,0,0,차대차 - 측면직각충돌,교차로운행방법위반,건조,흐림,교차로 - 교차로안,승용,남,41세,상해없음,자전거,남,69세,중상
2014040400100163,2014년 4월 4일 08시,금요일,대전광역시 서구 탄방동,중상사고,0,1,1,0,차대차 - 기타,직진우회전진행방해,건조,맑음,교차로 - 교차로안,승용,남,58세,상해없음,화물,남,43세,경상
2014040400100190,2014년 4월 4일 09시,금요일,대전광역시 유성구 원내동,중상사고,0,1,0,0,차대차 - 측면직각충돌,교차로운행방법위반,건조,맑음,교차로 - 교차로안,승합,남,58세,상해없음,원동기,남,71세,중상
2014040400100228,2014년 4월 4일 10시,금요일,대전광역시 서구 용문동,경상사고,0,0,1,0,차대차 - 추돌 - 주정차중,안전운전불이행,건조,맑음,단일로 - 기타,승용,남,62세,상해없음,승용,남,32세,경상
2014040400100255,2014년 4월 4일 11시,금요일,대전광역시 동구 삼성동,중상사고,0,1,0,0,차대차 - 측면직각충돌,안전운전불이행,건조,맑음,단일로 - 기타,원동기,남,35세,중상,승용,남,75세,상해없음
2014040400100283,2014년 4월 4일 12시,금요일,대전광역시 동구 가오동,경상사고,0,0,1,0,차대차 - 측면직각충돌,안전운전불이행,건조,맑음,단일로 - 기타,화물,남,70세,상해없음,승용,남,47세,경상
2014040400100346,2014년 4월 4일 14시,금요일,대전광역시 중구 대사동,경상사고,0,0,1,0,차대차 - 기타,안전운전불이행,건조,맑음,단일로 - 기타,승용,남,26세,상해없음,원동기,여,60세,경상
2014040400100347,2014년 4월 4일 14시,금요일,대전광역시 서구 복수동,중상사고,0,2,0,0,차대차 - 측면직각충돌,안전거리미확보,건조,맑음,단일로 - 기타,화물,남,51세,상해없음,이륜,남,77세,중상
2014040400100425,2014년 4월 4일 16시,금요일,대전광역시 서구 도마동,경상사고,0,0,1,0,차대차 - 기타,안전운전불이행,건조,맑음,교차로 - 교차로부근,승용,기타불명,기타불명,기타불명,자전거,여,56세,경상
2014040400100426,2014년 4월 4일 16시,금요일,대전광역시 서구 괴정동,중상사고,0,1,0,0,차대차 - 추돌 - 진행중,안전거리미확보,건조,기타,교차로 - 교차로부근,이륜,남,23세,기타불명,승용,남,34세,중상
2014040400100427,2014년 4월 4일 16시,금요일,대전광역시 유성구 장대동,중상사고,0,1,0,0,차대사람 - 기타,안전운전불이행,건조,맑음,단일로 - 기타,이륜,남,66세,상해없음,보행자,여,60세,중상
2014040400100470,2014년 4월 4일 17시,금요일,대전광역시 동구 용전동,경상사고,0,0,2,0,차대차 - 측면직각충돌,안전운전불이행,건조,맑음,단일로 - 기타,승용,남,53세,상해없음,승용,여,31세,경상
2014040400100494,2014년 4월 4일 18시,금요일,대전광역시 유성구 용산동,경상사고,0,0,1,0,차대차 - 추돌 - 진행중,안전운전불이행,건조,맑음,단일로 - 기타,승용,남,53세,상해없음,승용,여,23세,경상
2014040400100549,2014년 4월 4일 19시,금요일,대전광역시 대덕구 송촌동,경상사고,0,0,1,0,차대사람 - 횡단중,안전운전불이행,건조,맑음,교차로 - 교차로안,승용,여,57세,상해없음,보행자,여,83세,경상
2014040400100588,2014년 4월 4일 20시,금요일,대전광역시 유성구 원내동,경상사고,0,0,1,0,차대차 - 측면직각충돌,안전운전불이행,건조,맑음,교차로 - 교차로안,승용,남,45세,상해없음,승용,남,26세,경상
2014040400100621,2014년 4월 4일 21시,금요일,대전광역시 유성구 장대동,경상사고,0,0,1,0,차대사람 - 횡단중,보행자보호의무위반,건조,맑음,교차로 - 교차로부근,승용,여,54세,상해없음,보행자,여,26세,경상
2014040400100656,2014년 4월 4일 22시,금요일,대전광역시 유성구 구암동,경상사고,0,0,1,0,차대차 - 측면직각충돌,안전운전불이행,건조,맑음,단일로 - 기타,기타불명,기타불명,기타불명,기타불명,승용,여,32세,경상
2014040400100657,2014년 4월 4일 22시,금요일,대전광역시 서구 갈마동,경상사고,0,0,1,0,차대사람 - 보도통행중,보행자보호의무위반,건조,맑음,단일로 - 횡단보도상,승용,남,41세,상해없음,보행자,남,29세,경상
2014040400100686,2014년 4월 4일 23시,금요일,대전광역시 동구 판암동,경상사고,0,0,1,0,차대차 - 정면충돌,안전운전불이행,건조,맑음,단일로 - 기타,승용,남,53세,상해없음,화물,남,60세,경상
2014040400100687,2014년 4월 4일 23시,금요일,대전광역시 유성구 용산동,경상사고,0,0,3,0,차대차 - 기타,신호위반,건조,맑음,단일로 - 기타,승용,남,36세,상해없음,승용,남,29세,경상
2014040500100024,2014년 4월 5일 00시,토요일,대전광역시 중구 태평동,중상사고,0,1,0,0,차대사람 - 횡단중,안전운전불이행,건조,맑음,단일로 - 횡단보도부근,승용,남,46세,상해없음,보행자,남,59세,중상
2014040500100404,2014년 4월 5일 16시,토요일,대전광역시 대덕구 송촌동,경상사고,0,0,3,0,차대차 - 측면직각충돌,안전운전불이행,건조,맑음,교차로 - 교차로안,승용,남,44세,상해없음,승용,남,47세,경상
2014040500100460,2014년 4월 5일 18시,토요일,대전광역시 동구 용전동,중상사고,0,1,0,0,차대차 - 측면직각충돌,안전운전불이행,건조,맑음,교차로 - 교차로안,승용,남,22세,상해없음,승용,여,46세,중상
2014040500100461,2014년 4월 5일 18시,토요일,대전광역시 유성구 용계동,경상사고,0,0,1,0,차대차 - 측면직각충돌,교차로운행방법위반,건조,맑음,교차로 - 교차로안,승용,남,60세,상해없음,승용,여,47세,경상
2014040500100462,2014년 4월 5일 18시,토요일,대전광역시 유성구 하기동,경상사고,0,0,1,0,차대차 - 추돌 - 주정차중,안전운전불이행,건조,맑음,단일로 - 기타,승용,남,50세,상해없음,승합,남,51세,경상
2014040500100507,2014년 4월 5일 19시,토요일,대전광역시 중구 유천동,경상사고,0,0,3,0,차대차 - 기타,안전운전불이행,건조,맑음,교차로 - 교차로안,승용,남,50세,상해없음,승용,남,40세,경상
2014040500100549,2014년 4월 5일 20시,토요일,대전광역시 동구 가양동,경상사고,0,0,2,0,차대차 - 정면충돌,안전운전불이행,건조,맑음,교차로 - 교차로안,승용,남,21세,상해없음,승용,남,31세,경상
2014040500100550,2014년 4월 5일 20시,토요일,대전광역시 대덕구 오정동,중상사고,0,1,0,0,차대차 - 측면직각충돌,중앙선침범,건조,맑음,단일로 - 기타,원동기,남,45세,중상,승용,남,33세,기타불명
2014040500100551,2014년 4월 5일 20시,토요일,대전광역시 유성구 원촌동,경상사고,0,0,1,0,차대차 - 추돌 - 진행중,안전운전불이행,습기,흐림,단일로 - 기타,승용,여,24세,상해없음,승용,남,67세,경상
2014040500100587,2014년 4월 5일 21시,토요일,대전광역시 서구 괴곡동,중상사고,0,1,0,0,차대사람 - 기타,안전운전불이행,건조,흐림,단일로 - 기타,화물,남,70세,상해없음,보행자,남,49세,중상
2014040500100611,2014년 4월 5일 22시,토요일,대전광역시 서구 괴정동,경상사고,0,0,1,0,차대차 - 추돌 - 진행중,안전거리미확보,건조,기타,교차로 - 교차로부근,승합,남,52세,기타불명,승용,여,45세,경상
2014040600100012,2014년 4월 6일 00시,일요일,대전광역시 유성구 관평동,경상사고,0,0,1,0,차대차 - 측면직각충돌,안전운전불이행,건조,맑음,단일로 - 횡단보도상,승용,남,51세,상해없음,자전거,남,39세,경상
2014040600100023,2014년 4월 6일 01시,일요일,대전광역시 대덕구 비래동,중상사고,0,2,1,0,차대차 - 측면직각충돌,신호위반,건조,맑음,교차로 - 교차로안,승용,남,27세,상해없음,승용,남,48세,경상
2014040600100066,2014년 4월 6일 06시,일요일,대전광역시 중구 문화동,중상사고,0,1,0,0,차대차 - 기타,안전운전불이행,건조,맑음,단일로 - 기타,승합,기타불명,기타불명,기타불명,자전거,남,74세,중상
2014040600100199,2014년 4월 6일 12시,일요일,대전광역시 유성구 갑동,경상사고,0,0,2,0,차대차 - 추돌 - 주정차중,안전운전불이행,건조,맑음,단일로 - 기타,승용,남,71세,상해없음,승용,여,38세,경상
2014040600100227,2014년 4월 6일 13시,일요일,대전광역시 서구 둔산동,경상사고,0,0,1,0,차대차 - 측면직각충돌,안전운전불이행,건조,맑음,단일로 - 기타,승용,여,58세,상해없음,화물,남,39세,상해없음
2014040600100252,2014년 4월 6일 14시,일요일,대전광역시 유성구 대정동,경상사고,0,0,2,0,차대차 - 추돌 - 주정차중,안전운전불이행,건조,맑음,단일로 - 기타,승용,남,30세,상해없음,승용,남,34세,경상
2014040600100288,2014년 4월 6일 15시,일요일,대전광역시 대덕구 비래동,경상사고,0,0,3,0,차대차 - 측면직각충돌,신호위반,건조,맑음,교차로 - 교차로안,승용,남,76세,상해없음,승용,남,58세,경상
2014040600100416,2014년 4월 6일 19시,일요일,대전광역시 서구 관저동,경상사고,0,0,2,0,차대차 - 추돌 - 주정차중,안전운전불이행,건조,맑음,교차로 - 교차로부근,승용,남,72세,상해없음,승용,남,36세,경상
2014040600100499,2014년 4월 6일 22시,일요일,대전광역시 서구 갈마동,중상사고,0,1,1,0,차대차 - 측면직각충돌,신호위반,건조,맑음,교차로 - 교차로안,승용,남,27세,상해없음,승용,여,42세,경상
2014040600100517,2014년 4월 6일 23시,일요일,대전광역시 유성구 궁동,경상사고,0,0,2,0,차대차 - 추돌 - 진행중,안전거리미확보,건조,맑음,단일로 - 기타,승용,여,33세,상해없음,승용,남,30세,경상
2014040700100015,2014년 4월 7일 00시,월요일,대전광역시 서구 둔산동,경상사고,0,0,1,0,차대차 - 측면직각충돌,신호위반,건조,맑음,교차로 - 교차로안,승용,남,27세,상해없음,승용,남,47세,경상
2014040700100042,2014년 4월 7일 05시,월요일,대전광역시 중구 선화동,경상사고,0,0,2,0,차대차 - 측면직각충돌,신호위반,건조,맑음,교차로 - 교차로안,승용,남,66세,경상,승용,남,30세,경상
2014040700100053,2014년 4월 7일 06시,월요일,대전광역시 동구 성남동,경상사고,0,0,1,0,차대차 - 추돌 - 주정차중,안전거리미확보,건조,맑음,단일로 - 기타,승용,남,45세,상해없음,승용,남,47세,경상
2014040700100080,2014년 4월 7일 07시,월요일,대전광역시 대덕구 신일동,중상사고,0,1,0,0,차량단독 - 기타,기타,건조,맑음,교차로 - 교차로안,승합,남,47세,상해없음,,,,
2014040700100081,2014년 4월 7일 07시,월요일,대전광역시 유성구 노은동,경상사고,0,0,1,0,차대사람 - 횡단중,신호위반,건조,맑음,교차로 - 교차로안,승용,기타불명,기타불명,기타불명,보행자,여,42세,경상
2014040700100296,2014년 4월 7일 14시,월요일,대전광역시 동구 판암동,부상신고사고,0,0,0,1,차대사람 - 차도통행중,안전운전불이행,건조,맑음,교차로 - 교차로안,승용,기타불명,기타불명,기타불명,보행자,여,71세,부상신고
2014040700100297,2014년 4월 7일 14시,월요일,대전광역시 대덕구 대화동,경상사고,0,0,2,0,차대차 - 추돌 - 진행중,안전운전불이행,건조,맑음,교차로 - 교차로안,승용,남,46세,상해없음,자전거,여,8세,경상
2014040700100298,2014년 4월 7일 14시,월요일,대전광역시 서구 월평동,사망사고,1,0,0,0,차량단독 - 기타,안전운전불이행,건조,맑음,단일로 - 기타,건설기계,남,67세,사망,,,,
2014040700100408,2014년 4월 7일 17시,월요일,대전광역시 대덕구 와동,중상사고,0,2,0,3,차대차 - 정면충돌,중앙선침범,건조,맑음,단일로 - 기타,승용,남,16세,상해없음,승용,남,29세,중상
2014040700100445,2014년 4월 7일 18시,월요일,대전광역시 서구 관저동,경상사고,0,0,1,0,차대차 - 추돌 - 주정차중,안전운전불이행,건조,맑음,단일로 - 기타,승용,남,46세,상해없음,승용,남,29세,경상
2014040700100578,2014년 4월 7일 22시,월요일,대전광역시 대덕구 목상동,중상사고,0,1,0,0,차대차 - 기타,안전운전불이행,건조,맑음,단일로 - 기타,기타불명,기타불명,32세,기타불명,승용,남,47세,중상
2014040700100579,2014년 4월 7일 22시,월요일,대전광역시 서구 탄방동,경상사고,0,0,3,0,차대차 - 측면직각충돌,안전운전불이행,건조,맑음,단일로 - 기타,승용,여,50세,상해없음,승용,남,32세,경상