사고번호,사고일시,요일,시군구,사고내용,사망자수,중상자수,경상자수,부상신고자수,사고유형,법규위반,노면상태,기상상태,도로형태,가해운전자 차종,가해운전자 성별,가해운전자 연령,가해운전자 상해정도,피해운전자 차종,피해운전자 성별,피해운전자 연령,피해운전자 상해정도
2014040700100580,2014년 4월 7일 22시,월요일,대전광역시 서구 갈마동,경상사고,0,0,1,0,차대차 - 측면직각충돌,안전거리미확보,건조,맑음,단일로 - 기타,승용,남,26세,상해없음,승용,남,48세,경상
2014040700100595,2014년 4월 7일 23시,월요일,대전광역시 대덕구 중리동,경상사고,0,0,2,0,차대차 - 기타,안전운전불이행,건조,맑음,교차로 - 교차로부근,승용,여,20세,상해없음,승용,남,29세,경상
2014040800100018,2014년 4월 8일 00시,화요일,대전광역시 중구 선화동,중상사고,0,1,0,0,차대차 - 측면직각충돌,신호위반,건조,맑음,교차로 - 교차로부근,승용,남,41세,상해없음,이륜,남,23세,중상
2014040800100025,2014년 4월 8일 01시,화요일,대전광역시 서구 월평동,중상사고,0,2,0,0,차대차 - 측면직각충돌,신호위반,건조,맑음,교차로 - 교차로안,승용,남,43세,상해없음,승용,남,52세,중상
2014040800100026,2014년 4월 8일 01시,화요일,대전광역시 유성구 덕명동,경상사고,0,0,2,0,차대차 - 추돌 - 주정차중,안전운전불이행,건조,맑음,단일로 - 기타,승용,남,31세,상해없음,승용,여,58세,경상
2014040800100047,2014년 4월 8일 04시,화요일,대전광역시 유성구 봉명동,경상사고,0,0,3,0,차대차 - 추돌 - 주정차중,교차로운행방법위반,건조,맑음,교차로 - 교차로안,승용,남,28세,상해없음,승용,남,30세,경상
2014040800100147,2014년 4월 8일 08시,화요일,대전광역시 동구 정동,경상사고,0,0,1,0,차대차 - 측면직각충돌,안전운전불이행,건조,맑음,단일로 - 기타,승합,기타불명,기타불명,기타불명,승용,남,30세,경상
2014040800100148,2014년 4월 8일 08시,화요일,대전광역시 유성구 가정동,경상사고,0,0,1,0,차대차 - 추돌 - 주정차중,안전운전불이행,건조,맑음,단일로 - 기타,승용,남,48세,상해없음,승용,남,37세,경상
2014040800100176,2014년 4월 8일 09시,화요일,대전광역시 서구 둔산동,중상사고,0,1,0,0,차대차 - 기타,안전운전불이행,건조,맑음,단일로 - 기타,이륜,남,22세,중상,승용,남,48세,상해없음
2014040800100204,2014년 4월 8일 10시,화요일,대전광역시 동구 구도동,중상사고,0,1,1,0,차대차 - 측면직각충돌,신호위반,건조,맑음,교차로 - 교차로안,화물,남,59세,경상,승용,여,36세,중상
2014040800100205,2014년 4월 8일 10시,화요일,대전광역시 서구 가장동,중상사고,0,1,0,0,차대차 - 기타,안전운전불이행,건조,맑음,교차로 - 교차로안,승용,여,49세,상해없음,자전거,남,57세,중상
2014040800100206,2014년 4월 8일 10시,화요일,대전광역시 서구 둔산동,경상사고,0,0,1,0,차대차 - 추돌 - 진행중,안전운전불이행,건조,맑음,교차로 - 교차로부근,승용,여,25세,상해없음,승용,여,51세,경상
2014040800100314,2014년 4월 8일 14시,화요일,대전광역시 대덕구 오정동,경상사고,0,0,2,0,차대차 - 측면직각충돌,중앙선침범,건조,맑음,교차로 - 교차로부근,승용,남,58세,상해없음,승합,남,48세,경상
2014040800100356,2014년 4월 8일 15시,화요일,대전광역시 동구 삼성동,경상사고,0,0,2,0,차대차 - 측면직각충돌,교차로운행방법위반,건조,맑음,교차로 - 교차로안,승용,남,40세,상해없음,승용,남,30세,경상
2014040800100405,2014년 4월 8일 16시,화요일,대전광역시 동구 대동,경상사고,0,0,1,0,차대사람 - 횡단중,신호위반,건조,맑음,교차로 - 교차로안,승용,남,73세,상해없음,보행자,여,9세,경상
2014040800100444,2014년 4월 8일 17시,화요일,대전광역시 서구 둔산동,경상사고,0,0,3,0,차대차 - 기타,안전운전불이행,건조,맑음,단일로 - 기타,승용,남,52세,상해없음,승용,남,45세,경상
2014040800100480,2014년 4월 8일 18시,화요일,대전광역시 중구 산성동,경상사고,0,0,2,0,차대차 - 추돌 - 주정차중,안전운전불이행,건조,맑음,교차로 - 교차로안,승용,여,47세,상해없음,승용,남,67세,경상
2014040800100589,2014년 4월 8일 21시,화요일,대전광역시 유성구 하기동,경상사고,0,0,1,0,차대사람 - 기타,기타,건조,맑음,교차로 - 교차로안,승용,남,27세,상해없음,보행자,남,9세,경상
2014040800100649,2014년 4월 8일 23시,화요일,대전광역시 중구 문화동,경상사고,0,0,1,0,차대사람 - 횡단중,보행자보호의무위반,건조,맑음,교차로 - 교차로안,승용,남,51세,상해없음,보행자,여,21세,경상
2014040800100650,2014년 4월 8일 23시,화요일,대전광역시 중구 옥계동,경상사고,0,0,1,0,차대차 - 측면직각충돌,안전운전불이행,건조,맑음,단일로 - 기타,승용,남,59세,상해없음,자전거,남,26세,경상
2014040800100651,2014년 4월 8일 23시,화요일,대전광역시 대덕구 신일동,중상사고,0,2,0,0,차량단독 - 공작물충돌,안전운전불이행,건조,맑음,교차로 - 교차로안,승용,남,56세,상해없음,,,,
2014040900100035,2014년 4월 9일 01시,수요일,대전광역시 유성구 장대동,경상사고,0,0,1,0,차대차 - 측면직각충돌,중앙선침범,건조,맑음,교차로 - 교차로부근,승용,기타불명,기타불명,기타불명,화물,남,56세,경상
2014040900100181,2014년 4월 9일 09시,수요일,대전광역시 중구 태평동,중상사고,0,1,0,0,차대사람 - 횡단중,안전운전불이행,건조,맑음,교차로 - 교차로부근,승합,남,55세,상해없음,보행자,여,39세,중상
2014040900100227,2014년 4월 9일 11시,수요일,대전광역시 서구 둔산동,경상사고,0,0,1,0,차대차 - 기타,신호위반,건조,맑음,교차로 - 교차로안,승용,여,58세,상해없음,자전거,남,28세,경상
2014040900100297,2014년 4월 9일 14시,수요일,대전광역시 중구 선화동,경상사고,0,0,1,0,차대차 - 기타,교차로운행방법위반,건조,맑음,교차로 - 교차로안,승용,남,66세,상해없음,원동기,남,56세,경상
2014040900100298,2014년 4월 9일 14시,수요일,대전광역시 서구 월평동,경상사고,0,0,3,0,차대차 - 기타,교차로운행방법위반,건조,맑음,교차로 - 교차로안,승용,여,39세,상해없음,승용,남,23세,경상
2014040900100413,2014년 4월 9일 17시,수요일,대전광역시 동구 가양동,중상사고,0,1,0,0,차대사람 - 횡단중,보행자보호의무위반,건조,맑음,교차로 - 교차로안,승합,남,51세,상해없음,보행자,여,77세,중상
2014040900100507,2014년 4월 9일 19시,수요일,대전광역시 동구 자양동,중상사고,0,1,0,0,차대차 - 추돌 - 진행중,안전거리미확보,건조,맑음,교차로 - 교차로안,원동기,남,21세,중상,승용,남,37세,상해없음
2014040900100538,2014년 4월 9일 20시,수요일,대전광역시 대덕구 중리동,중상사고,0,1,0,0,차대사람 - 횡단중,보행자보호의무위반,건조,맑음,단일로 - 기타,원동기,남,56세,상해없음,보행자,여,22세,중상
2014040900100539,2014년 4월 9일 20시,수요일,대전광역시 서구 갈마동,경상사고,0,0,1,0,차대차 - 측면직각충돌,신호위반,건조,맑음,교차로 - 교차로안,승용,남,28세,기타불명,승용,여,61세,경상
2014040900100608,2014년 4월 9일 22시,수요일,대전광역시 서구 도마동,경상사고,0,0,1,0,차대차 - 추돌 - 주정차중,안전운전불이행,건조,맑음,교차로 - 교차로안,승용,남,60세,상해없음,이륜,남,60세,경상
2014040900100629,2014년 4월 9일 23시,수요일,대전광역시 서구 둔산동,경상사고,0,0,1,0,차대차 - 기타,안전운전불이행,건조,맑음,단일로 - 기타,승용,남,61세,상해없음,이륜,남,24세,경상
2014041000100019,2014년 4월 10일 00시,목요일,대전광역시 유성구 용계동,중상사고,0,1,4,0,차대차 - 추돌 - 주정차중,안전운전불이행,건조,맑음,교차로 - 교차로부근,승용,여,54세,상해없음,승용,여,51세,중상
2014041000100044,2014년 4월 10일 03시,목요일,대전광역시 서구 내동,중상사고,0,1,1,0,차대차 - 측면직각충돌,신호위반,건조,기타,교차로 - 교차로안,승용,남,43세,기타불명,화물,남,51세,경상
2014041000100052,2014년 4월 10일 04시,목요일,대전광역시 중구 중촌동,중상사고,0,2,0,0,차대차 - 측면직각충돌,안전운전불이행,건조,맑음,단일로 - 기타,승용,남,68세,상해없음,승용,남,60세,중상
2014041000100071,2014년 4월 10일 06시,목요일,대전광역시 서구 평촌동,중상사고,0,1,0,0,차량단독 - 기타,안전운전불이행,건조,맑음,단일로 - 기타,승합,남,60세,상해없음,,,,
2014041000100097,2014년 4월 10일 07시,목요일,대전광역시 유성구 봉산동,경상사고,0,0,1,0,차대차 - 기타,안전운전불이행,건조,맑음,단일로 - 기타,화물,남,35세,상해없음,승용,여,49세,경상
2014041000100173,2014년 4월 10일 09시,목요일,대전광역시 유성구 구암동,경상사고,0,0,1,0,차량단독 - 기타,기타,건조,맑음,단일로 - 기타,승합,남,58세,상해없음,,,,
2014041000100195,2014년 4월 10일 10시,목요일,대전광역시 서구 도마동,중상사고,0,1,0,0,차대사람 - 횡단중,안전운전불이행,건조,맑음,교차로 - 교차로부근,승용,남,72세,상해없음,보행자,남,18세,중상
2014041000100244,2014년 4월 10일 12시,목요일,대전광역시 동구 정동,중상사고,0,1,0,0,차량단독 - 기타,안전운전불이행,건조,맑음,단일로 - 기타,승합,남,50세,상해없음,,,,
2014041000100418,2014년 4월 10일 18시,목요일,대전광역시 서구 둔산동,경상사고,0,0,1,0,차대차 - 추돌 - 주정차중,안전운전불이행,건조,맑음,교차로 - 교차로부근,승용,여,52세,상해없음,승용,남,35세,경상
2014041000100453,2014년 4월 10일 19시,목요일,대전광역시 서구 둔산동,경상사고,0,0,4,0,차대차 - 기타,안전운전불이행,건조,맑음,단일로 - 기타,승용,여,58세,상해없음,승용,남,36세,경상
2014041000100492,2014년 4월 10일 20시,목요일,대전광역시 중구 산성동,중상사고,0,1,0,0,차대차 - 측면직각충돌,직진우회전진행방해,건조,맑음,교차로 - 교차로안,승용,남,54세,상해없음,이륜,여,54세,중상
2014041000100528,2014년 4월 10일 21시,목요일,대전광역시 동구 가양동,경상사고,0,0,1,0,차대차 - 측면직각충돌,신호위반,건조,맑음,교차로 - 교차로안,특수,남,34세,상해없음,화물,남,50세,경상
2014041000100529,2014년 4월 10일 21시,목요일,대전광역시 유성구 봉산동,경상사고,0,0,1,0,차대차 - 기타,안전운전불이행,건조,흐림,교차로 - 교차로안,승용,남,43세,상해없음,승합,남,56세,경상
2014041000100530,2014년 4월 10일 21시,목요일,대전광역시 서구 둔산동,경상사고,0,0,2,0,차대차 - 기타,교차로운행방법위반,건조,맑음,교차로 - 교차로안,승용,여,30세,상해없음,승용,남,29세,경상
2014041000100584,2014년 4월 10일 23시,목요일,대전광역시 서구 만년동,중상사고,0,1,0,0,차대사람 - 기타,안전운전불이행,건조,맑음,교차로 - 교차로부근,승용,여,34세,상해없음,보행자,남,33세,중상
2014041100100024,2014년 4월 11일 01시,금요일,대전광역시 서구 갈마동,경상사고,0,0,2,0,차대차 - 추돌 - 진행중,안전운전불이행,건조,흐림,교차로 - 교차로부근,승용,여,34세,상해없음,승용,남,43세,경상
2014041100100043,2014년 4월 11일 03시,금요일,대전광역시 중구 문화동,경상사고,0,0,1,0,차대차 - 추돌 - 주정차중,안전운전불이행,습기,비,교차로 - 교차로부근,승용,남,65세,상해없음,화물,남,49세,경상
2014041100100087,2014년 4월 11일 07시,금요일,대전광역시 대덕구 덕암동,중상사고,0,1,0,0,차대차 - 기타,안전운전불이행,건조,맑음,단일로 - 기타,화물,남,41세,상해없음,승용,남,32세,중상
2014041100100173,2014년 4월 11일 10시,금요일,대전광역시 서구 둔산동,경상사고,0,0,1,0,차량단독 - 기타,기타,건조,맑음,교차로 - 교차로부근,승합,남,52세,상해없음,,,,
2014041100100199,2014년 4월 11일 11시,금요일,대전광역시 서구 가장동,중상사고,0,1,0,0,차대차 - 기타,안전운전불이행,건조,맑음,단일로 - 기타,승용,여,28세,중상,화물,남,51세,기타불명
2014041100100266,2014년 4월 11일 13시,금요일,대전광역시 중구 사정동,경상사고,0,0,3,0,차대차 - 추돌 - 주정차중,안전운전불이행,건조,맑음,교차로 - 교차로부근,승용,여,43세,상해없음,승용,여,33세,경상
2014041100100267,2014년 4월 11일 13시,금요일,대전광역시 서구 탄방동,경상사고,0,0,1,0,차대차 - 추돌 - 주정차중,안전거리미확보,건조,맑음,단일로 - 기타,승용,여,65세,상해없음,승용,남,65세,경상
2014041100100300,2014년 4월 11일 14시,금요일,대전광역시 중구 산성동,경상사고,0,0,2,0,차대차 - 정면충돌,안전운전불이행,건조,맑음,교차로 - 교차로안,승용,남,33세,경상,승용,여,45세,경상
2014041100100331,2014년 4월 11일 15시,금요일,대전광역시 서구 둔산동,경상사고,0,0,1,0,차대차 - 추돌 - 주정차중,안전운전불이행,건조,맑음,단일로 - 기타,승용,여,52세,상해없음,승용,남,46세,경상
2014041100100400,2014년 4월 11일 17시,금요일,대전광역시 중구 유천동,중상사고,0,2,2,0,차대차 - 정면충돌,안전운전불이행,건조,맑음,단일로 - 기타,화물,남,31세,상해없음,승용,남,32세,경상
2014041100100498,2014년 4월 11일 19시,금요일,대전광역시 동구 삼성동,경상사고,0,0,2,0,차대차 - 기타,안전운전불이행,건조,맑음,단일로 - 기타,화물,남,69세,상해없음,화물,남,32세,경상
2014041100100499,2014년 4월 11일 19시,금요일,대전광역시 동구 홍도동,경상사고,0,0,1,0,차대사람 - 기타,보행자보호의무위반,건조,맑음,교차로 - 교차로안,화물,남,62세,상해없음,보행자,여,70세,경상
2014041100100500,2014년 4월 11일 19시,금요일,대전광역시 서구 가장동,중상사고,0,2,0,0,차대차 - 측면직각충돌,신호위반,건조,맑음,교차로 - 교차로부근,승용,남,66세,상해없음,승용,남,25세,중상
2014041100100617,2014년 4월 11일 22시,금요일,대전광역시 유성구 장대동,경상사고,0,0,1,0,차대사람 - 기타,안전운전불이행,기타,맑음,기타 - 기타,화물,남,57세,상해없음,보행자,남,76세,경상
2014041200100030,2014년 4월 12일 00시,토요일,대전광역시 서구 가장동,경상사고,0,0,3,0,차대차 - 추돌 - 진행중,안전거리미확보,건조,흐림,교차로 - 교차로부근,승용,기타불명,기타불명,기타불명,승용,남,35세,경상
2014041200100052,2014년 4월 12일 01시,토요일,대전광역시 중구 대흥동,경상사고,0,0,4,0,차대차 - 추돌 - 주정차중,안전운전불이행,건조,맑음,교차로 - 교차로부근,승용,남,50세,상해없음,승용,여,29세,경상
2014041200100053,2014년 4월 12일 01시,토요일,대전광역시 대덕구 신탄진동,중상사고,0,1,0,0,차량단독 - 공작물충돌,안전운전불이행,건조,맑음,단일로 - 기타,이륜,남,20세,상해없음,,,,
2014041200100054,2014년 4월 12일 01시,토요일,대전광역시 서구 둔산동,경상사고,0,0,2,0,차대차 - 기타,기타,건조,맑음,교차로 - 교차로안,승용,남,60세,상해없음,승용,남,23세,경상
2014041200100083,2014년 4월 12일 03시,토요일,대전광역시 동구 대동,경상사고,0,0,1,0,차대차 - 추돌 - 주정차중,안전운전불이행,건조,맑음,단일로 - 기타,승용,남,53세,상해없음,승용,남,71세,경상
2014041200100084,2014년 4월 12일 03시,토요일,대전광역시 동구 삼성동,경상사고,0,0,1,0,차대차 - 기타,신호위반,건조,맑음,교차로 - 교차로안,승용,여,57세,상해없음,승용,남,67세,경상
2014041200100085,2014년 4월 12일 03시,토요일,대전광역시 동구 낭월동,경상사고,0,0,1,0,차대차 - 측면직각충돌,직진우회전진행방해,건조,맑음,교차로 - 교차로안,승용,남,17세,상해없음,승용,남,33세,경상
2014041200100115,2014년 4월 12일 05시,토요일,대전광역시 동구 용전동,경상사고,0,0,1,0,차대차 - 기타,교차로운행방법위반,건조,맑음,교차로 - 교차로안,승용,남,57세,상해없음,승용,남,38세,경상
2014041200100192,2014년 4월 12일 09시,토요일,대전광역시 서구 괴곡동,경상사고,0,0,1,0,차대차 - 측면직각충돌,중앙선침범,건조,맑음,단일로 - 기타,승용,남,69세,상해없음,화물,여,53세,경상
2014041200100253,2014년 4월 12일 11시,토요일,대전광역시 동구 가양동,경상사고,0,0,1,0,차대차 - 측면직각충돌,중앙선침범,건조,맑음,단일로 - 기타,승용,기타불명,기타불명,기타불명,승용,여,49세,경상
2014041200100254,2014년 4월 12일 11시,토요일,대전광역시 유성구 봉명동,경상사고,0,0,2,0,차대차 - 측면직각충돌,안전운전불이행,건조,맑음,교차로 - 교차로부근,승용,남,66세,상해없음,승용,여,21세,경상
2014041200100370,2014년 4월 12일 15시,토요일,대전광역시 서구 관저동,중상사고,0,1,0,0,차대차 - 측면직각충돌,안전운전불이행,건조,맑음,단일로 - 기타,승용,남,40세,기타불명,승용,여,65세,중상
2014041200100371,2014년 4월 12일 15시,토요일,대전광역시 서구 월평동,경상사고,0,0,5,0,차대차 - 측면직각충돌,교차로운행방법위반,건조,맑음,교차로 - 교차로안,승용,남,29세,상해없음,승용,남,66세,경상
2014041200100439,2014년 4월 12일 17시,토요일,대전광역시 유성구 도룡동,경상사고,0,0,1,0,차대사람 - 횡단중,안전운전불이행,건조,맑음,단일로 - 기타,승용,남,49세,상해없음,보행자,여,12세,경상
2014041200100534,2014년 4월 12일 20시,토요일,대전광역시 중구 오류동,중상사고,0,1,0,0,차대차 - 측면직각충돌,안전운전불이행,건조,맑음,교차로 - 교차로안,승용,남,54세,상해없음,자전거,남,79세,중상
2014041200100535,2014년 4월 12일 20시,토요일,대전광역시 유성구 송강동,경상사고,0,0,1,0,차대차 - 추돌 - 주정차중,안전운전불이행,건조,맑음,단일로 - 기타,승용,남,59세,상해없음,승용,여,40세,경상
2014041200100536,2014년 4월 12일 20시,토요일,대전광역시 유성구 봉명동,경상사고,0,0,1,0,차대차 - 기타,안전운전불이행,건조,맑음,교차로 - 교차로안,승용,남,36세,상해없음,이륜,남,28세,경상
2014041200100537,2014년 4월 12일 20시,토요일,대전광역시 유성구 덕명동,중상사고,0,1,0,0,차량단독 - 기타,안전운전불이행,건조,맑음,단일로 - 기타,이륜,남,62세,중상,,,,
2014041200100562,2014년 4월 12일 21시,토요일,대전광역시 유성구 덕명동,중상사고,0,1,2,0,차대차 - 기타,안전거리미확보,건조,맑음,단일로 - 기타,승용,남,28세,상해없음,승용,남,30세,중상
2014041200100595,2014년 4월 12일 22시,토요일,대전광역시 서구 둔산동,경상사고,0,0,1,0,차대사람 - 길가장자리구역통행중,안전운전불이행,건조,맑음,단일로 - 기타,승용,남,22세,상해없음,보행자,여,23세,경상
2014041200100618,2014년 4월 12일 23시,토요일,대전광역시 서구 관저동,중상사고,0,1,0,0,차량단독 - 공작물충돌,안전운전불이행,건조,맑음,교차로 - 교차로부근,이륜,남,28세,중상,,,,
2014041200100619,2014년 4월 12일 23시,토요일,대전광역시 서구 월평동,경상사고,0,0,2,0,차대차 - 기타,안전거리미확보,건조,맑음,단일로 - 기타,승용,남,68세,상해없음,승용,여,37세,경상
2014041200100620,2014년 4월 12일 23시,토요일,대전광역시 서구 갈마동,중상사고,0,2,0,0,차대차 - 추돌 - 진행중,안전운전불이행,건조,맑음,단일로 - 기타,승용,남,43세,상해없음,승용,여,21세,중상
2014041300100036,2014년 4월 13일 01시,일요일,대전광역시 대덕구 오정동,중상사고,0,1,0,0,차대사람 - 횡단중,안전운전불이행,건조,흐림,단일로 - 횡단보도상,승용,남,54세,상해없음,보행자,남,28세,중상
2014041300100060,2014년 4월 13일 03시,일요일,대전광역시 대덕구 송촌동,경상사고,0,0,1,0,차대차 - 측면직각충돌,교차로운행방법위반,건조,맑음,교차로 - 교차로안,승용,남,57세,상해없음,승용,남,62세,상해없음
2014041300100061,2014년 4월 13일 03시,일요일,대전광역시 서구 둔산동,경상사고,0,0,1,0,차대사람 - 차도통행중,안전운전불이행,건조,맑음,단일로 - 기타,승용,기타불명,기타불명,기타불명,보행자,남,23세,경상
2014041300100098,2014년 4월 13일 06시,일요일,대전광역시 서구 둔산동,경상사고,0,0,1,0,차대사람 - 기타,안전운전불이행,건조,맑음,교차로 - 교차로안,승용,남,24세,상해없음,보행자,남,31세,경상
2014041300100116,2014년 4월 13일 07시,일요일,대전광역시 중구 은행동,경상사고,0,0,3,0,차대차 - 측면직각충돌,안전운전불이행,습기,비,단일로 - 기타,승용,남,55세,상해없음,승용,여,63세,경상
2014041300100160,2014년 4월 13일 09시,일요일,대전광역시 유성구 반석동,중상사고,0,1,0,0,차대사람 - 횡단중,안전운전불이행,건조,맑음,교차로 - 교차로부근,자전거,남,18세,상해없음,보행자,여,69세,중상
2014041300100470,2014년 4월 13일 19시,일요일,대전광역시 대덕구 비래동,경상사고,0,0,1,0,차대차 - 측면직각충돌,교차로운행방법위반,건조,맑음,교차로 - 교차로안,승용,남,59세,상해없음,승용,남,54세,경상
2014041300100497,2014년 4월 13일 20시,일요일,대전광역시 대덕구 오정동,경상사고,0,0,2,0,차대차 - 추돌 - 진행중,안전운전불이행,건조,맑음,교차로 - 교차로안,승용,남,59세,상해없음,승용,여,53세,경상
2014041400100100,2014년 4월 14일 07시,월요일,대전광역시 중구 대흥동,경상사고,0,0,1,0,차량단독 - 공작물충돌,안전거리미확보,건조,맑음,단일로 - 기타,승합,남,41세,상해없음,,,,
2014041400100333,2014년 4월 14일 14시,월요일,대전광역시 대덕구 오정동,중상사고,0,1,0,0,차대차 - 측면직각충돌,신호위반,건조,맑음,교차로 - 교차로안,승용,남,67세,상해없음,이륜,남,50세,중상
2014041400100374,2014년 4월 14일 15시,월요일,대전광역시 서구 갈마동,중상사고,0,1,0,0,차대사람 - 차도통행중,안전운전불이행,건조,맑음,단일로 - 횡단보도상,승용,여,49세,상해없음,보행자,여,90세,중상
2014041400100448,2014년 4월 14일 17시,월요일,대전광역시 동구 가양동,중상사고,0,1,0,0,차대사람 - 횡단중,안전운전불이행,건조,맑음,단일로 - 기타,승용,여,51세,상해없음,보행자,여,66세,중상
2014041400100449,2014년 4월 14일 17시,월요일,대전광역시 대덕구 신일동,중상사고,0,1,0,0,차대차 - 측면직각충돌,신호위반,건조,맑음,교차로 - 교차로안,승합,남,51세,상해없음,이륜,남,25세,중상
2014041400100493,2014년 4월 14일 18시,월요일,대전광역시 동구 가양동,중상사고,0,1,0,0,차대사람 - 횡단중,신호위반,건조,맑음,단일로 - 기타,자전거,남,39세,상해없음,보행자,여,44세,중상
2014041400100561,2014년 4월 14일 20시,월요일,대전광역시 서구 둔산동,경상사고,0,0,1,0,차대사람 - 차도통행중,안전운전불이행,건조,맑음,교차로 - 교차로부근,승용,남,19세,상해없음,보행자,여,34세,경상
2014041400100583,2014년 4월 14일 21시,월요일,대전광역시 동구 원동,경상사고,0,0,1,0,차대차 - 기타,안전운전불이행,건조,맑음,단일로 - 기타,화물,남,46세,기타불명,승용,남,36세,경상
2014041400100584,2014년 4월 14일 21시,월요일,대전광역시 서구 정림동,중상사고,0,1,0,0,차대사람 - 차도통행중,안전운전불이행,건조,맑음,단일로 - 기타,승용,남,63세,상해없음,보행자,남,44세,중상
2014041400100615,2014년 4월 14일 22시,월요일,대전광역시 서구 월평동,경상사고,0,0,1,0,차대차 - 측면직각충돌,중앙선침범,건조,맑음,교차로 - 교차로안,승용,남,29세,상해없음,승용,여,52세,경상
2014041500100018,2014년 4월 15일 00시,화요일,대전광역시 중구 선화동,경상사고,0,0,1,0,차대사람 - 보도통행중,보행자보호의무위반,건조,흐림,교차로 - 교차로부근,승합,남,64세,상해없음,보행자,여,25세,경상
2014041500100112,2014년 4월 15일 07시,화요일,대전광역시 대덕구 중리동,경상사고,0,0,1,0,차대차 - 측면직각충돌,차로위반,건조,맑음,단일로 - 기타,화물,남,30세,상해없음,승용,남,32세,경상
2014041500100223,2014년 4월 15일 10시,화요일,대전광역시 유성구 원신흥동,경상사고,0,0,1,0,차대차 - 기타,안전운전불이행,건조,맑음,단일로 - 기타,승용,남,63세,상해없음,승용,남,37세,경상
2014041500100266,2014년 4월 15일 12시,화요일,대전광역시 유성구 신성동,경상사고,0,0,1,0,차대차 - 기타,안전운전불이행,건조,맑음,단일로 - 기타,승용,여,40세,상해없음,승용,남,45세,경상
2014041500100305,2014년 4월 15일 13시,화요일,대전광역시 동구 성남동,경상사고,0,0,1,0,차대사람 - 기타,안전운전불이행,건조,맑음,단일로 - 기타,승용,남,48세,상해없음,보행자,남,59세,경상
2014041500100306,2014년 4월 15일 13시,화요일,대전광역시 서구 갈마동,경상사고,0,0,1,0,차대차 - 추돌 - 주정차중,안전운전불이행,건조,맑음,교차로 - 교차로부근,승용,기타불명,기타불명,기타불명,승용,남,59세,경상
2014041500100491,2014년 4월 15일 19시,화요일,대전광역시 서구 탄방동,중상사고,0,1,0,0,차대차 - 측면직각충돌,신호위반,건조,맑음,교차로 - 교차로안,화물,남,56세,상해없음,원동기,여,54세,중상
2014041500100548,2014년 4월 15일 21시,화요일,대전광역시 중구 부사동,중상사고,0,1,0,0,차대차 - 기타,불법유턴,건조,맑음,단일로 - 기타,승용,남,44세,상해없음,자전거,여,46세,중상
2014041500100549,2014년 4월 15일 21시,화요일,대전광역시 대덕구 송촌동,경상사고,0,0,1,4,차대차 - 측면직각충돌,교차로운행방법위반,건조,맑음,교차로 - 교차로안,승합,남,55세,상해없음,승용,남,48세,경상
2014041500100550,2014년 4월 15일 21시,화요일,대전광역시 대덕구 오정동,경상사고,0,0,1,0,차대차 - 측면직각충돌,신호위반,건조,맑음,교차로 - 교차로안,승용,남,31세,상해없음,자전거,남,21세,경상
2014041500100603,2014년 4월 15일 23시,화요일,대전광역시 서구 둔산동,경상사고,0,0,2,0,차대차 - 측면직각충돌,신호위반,건조,맑음,교차로 - 교차로안,화물,남,48세,상해없음,승용,남,43세,경상
2014041600100100,2014년 4월 16일 07시,수요일,대전광역시 중구 선화동,경상사고,0,0,1,0,차대차 - 추돌 - 주정차중,안전운전불이행,건조,맑음,교차로 - 교차로부근,승용,여,48세,상해없음,승용,남,36세,경상
2014041600100136,2014년 4월 16일 08시,수요일,대전광역시 대덕구 중리동,경상사고,0,0,2,0,차대차 - 추돌 - 진행중,안전운전불이행,건조,맑음,교차로 - 교차로부근,화물,남,45세,상해없음,승용,남,51세,경상
2014041600100216,2014년 4월 16일 11시,수요일,대전광역시 서구 도마동,경상사고,0,0,1,0,차량단독 - 기타,안전운전불이행,건조,기타,단일로 - 기타,승합,남,43세,상해없음,,,,
2014041600100265,2014년 4월 16일 13시,수요일,대전광역시 유성구 봉명동,경상사고,0,0,1,0,차대차 - 추돌 - 주정차중,안전거리미확보,건조,맑음,단일로 - 기타,승용,남,49세,상해없음,승용,남,36세,경상
2014041600100336,2014년 4월 16일 15시,수요일,대전광역시 대덕구 덕암동,부상신고사고,0,0,0,1,차대차 - 기타,교차로운행방법위반,건조,맑음,교차로 - 교차로안,승용,남,36세,상해없음,승합,남,49세,상해없음
2014041600100337,2014년 4월 16일 15시,수요일,대전광역시 유성구 도룡동,중상사고,0,1,0,0,차량단독 - 공작물충돌,안전운전불이행,건조,맑음,단일로 - 기타,승용,남,28세,중상,,,,
2014041600100367,2014년 4월 16일 16시,수요일,대전광역시 대덕구 오정동,경상사고,0,0,1,0,차대차 - 측면직각충돌,신호위반,건조,맑음,교차로 - 교차로부근,승용,여,27세,상해없음,자전거,남,58세,경상
2014041600100407,2014년 4월 16일 17시,수요일,대전광역시 대덕구 송촌동,중상사고,0,1,0,0,차대차 - 측면직각충돌,교차로운행방법위반,건조,맑음,교차로 - 교차로안,승용,여,41세,상해없음,승용,남,32세,중상
2014041600100588,2014년 4월 16일 22시,수요일,대전광역시 유성구 갑동,경상사고,0,0,1,0,차대차 - 기타,신호위반,건조,맑음,교차로 - 교차로안,승용,남,58세,상해없음,승용,여,44세,경상
2014041600100612,2014년 4월 16일 23시,수요일,대전광역시 유성구 도룡동,경상사고,0,0,1,0,차대차 - 기타,신호위반,건조,맑음,교차로 - 교차로안,승용,남,44세,상해없음,승용,남,26세,경상
2014041700100098,2014년 4월 17일 07시,목요일,대전광역시 유성구 봉명동,경상사고,0,0,2,0,차대차 - 기타,안전운전불이행,건조,맑음,단일로 - 기타,승용,남,31세,경상,승용,남,42세,경상