사고번호,사고일시,요일,시군구,사고내용,사망자수,중상자수,경상자수,부상신고자수,사고유형,법규위반,노면상태,기상상태,도로형태,가해운전자 차종,가해운전자 성별,가해운전자 연령,가해운전자 상해정도,피해운전자 차종,피해운전자 성별,피해운전자 연령,피해운전자 상해정도
2014042500100272,2014년 4월 25일 13시,금요일,대전광역시 중구 문창동,중상사고,0,1,0,0,차대사람 - 횡단중,보행자보호의무위반,건조,맑음,교차로 - 교차로부근,화물,남,66세,상해없음,보행자,여,73세,중상
2014042500100273,2014년 4월 25일 13시,금요일,대전광역시 동구 용전동,경상사고,0,0,1,0,차대사람 - 횡단중,안전운전불이행,건조,맑음,단일로 - 기타,자전거,남,24세,상해없음,보행자,여,57세,경상
2014042500100353,2014년 4월 25일 15시,금요일,대전광역시 유성구 전민동,중상사고,0,1,0,0,차량단독 - 기타,안전운전불이행,건조,맑음,단일로 - 기타,이륜,남,55세,중상,,,,
2014042500100484,2014년 4월 25일 18시,금요일,대전광역시 중구 문화동,경상사고,0,0,1,0,차대차 - 측면직각충돌,안전운전불이행,건조,맑음,단일로 - 횡단보도상,승용,남,30세,상해없음,자전거,남,37세,경상
2014042500100485,2014년 4월 25일 18시,금요일,대전광역시 동구 중동,경상사고,0,0,1,0,차대차 - 측면직각충돌,안전거리미확보,건조,맑음,단일로 - 기타,화물,남,59세,상해없음,화물,남,44세,경상
2014042500100486,2014년 4월 25일 18시,금요일,대전광역시 대덕구 오정동,경상사고,0,0,2,0,차대차 - 추돌 - 주정차중,안전운전불이행,건조,맑음,단일로 - 기타,승용,여,53세,상해없음,승용,여,29세,경상
2014042500100521,2014년 4월 25일 19시,금요일,대전광역시 유성구 하기동,경상사고,0,0,1,0,차대차 - 추돌 - 진행중,안전운전불이행,건조,맑음,단일로 - 기타,승용,남,52세,상해없음,승용,남,45세,경상
2014042500100560,2014년 4월 25일 20시,금요일,대전광역시 동구 용운동,경상사고,0,0,1,0,차대사람 - 횡단중,안전운전불이행,건조,맑음,단일로 - 기타,원동기,남,17세,상해없음,보행자,남,21세,경상
2014042500100561,2014년 4월 25일 20시,금요일,대전광역시 서구 도안동,경상사고,0,0,1,0,차대차 - 기타,신호위반,건조,기타,교차로 - 교차로안,자전거,남,14세,상해없음,승용,여,21세,상해없음
2014042500100599,2014년 4월 25일 21시,금요일,대전광역시 서구 관저동,사망사고,1,0,0,0,차대차 - 추돌 - 주정차중,안전운전불이행,건조,맑음,단일로 - 기타,이륜,남,35세,사망,승용,남,64세,상해없음
2014042500100658,2014년 4월 25일 23시,금요일,대전광역시 중구 용두동,경상사고,0,0,2,0,차대차 - 추돌 - 주정차중,안전운전불이행,건조,맑음,교차로 - 교차로안,승용,기타불명,기타불명,기타불명,승합,남,35세,경상
2014042600100026,2014년 4월 26일 00시,토요일,대전광역시 동구 자양동,중상사고,0,2,1,0,차대사람 - 횡단중,보행자보호의무위반,건조,맑음,단일로 - 횡단보도상,이륜,남,20세,중상,보행자,남,20세,중상
2014042600100027,2014년 4월 26일 00시,토요일,대전광역시 유성구 궁동,중상사고,0,1,0,0,차대사람 - 횡단중,안전운전불이행,건조,맑음,단일로 - 기타,승용,남,29세,상해없음,보행자,남,48세,중상
2014042600100049,2014년 4월 26일 01시,토요일,대전광역시 동구 대동,경상사고,0,0,2,0,차대차 - 측면직각충돌,신호위반,건조,맑음,교차로 - 교차로안,승용,남,18세,상해없음,자전거,남,16세,경상
2014042600100110,2014년 4월 26일 06시,토요일,대전광역시 대덕구 오정동,중상사고,0,1,1,0,차대차 - 정면충돌,중앙선침범,건조,맑음,단일로 - 기타,승용,남,51세,상해없음,승용,남,51세,경상
2014042600100111,2014년 4월 26일 06시,토요일,대전광역시 유성구 탑립동,경상사고,0,0,1,0,차대차 - 기타,신호위반,건조,맑음,교차로 - 교차로안,승용,남,55세,상해없음,화물,남,53세,경상
2014042600100142,2014년 4월 26일 08시,토요일,대전광역시 서구 둔산동,경상사고,0,0,1,0,차대차 - 기타,신호위반,건조,맑음,교차로 - 교차로안,승용,남,21세,상해없음,승용,남,56세,경상
2014042600100169,2014년 4월 26일 09시,토요일,대전광역시 중구 문화동,중상사고,0,1,0,0,차대사람 - 횡단중,안전운전불이행,건조,맑음,단일로 - 횡단보도상,화물,남,25세,상해없음,보행자,여,67세,중상
2014042600100170,2014년 4월 26일 09시,토요일,대전광역시 중구 목동,경상사고,0,0,1,0,차대차 - 기타,안전운전불이행,건조,맑음,단일로 - 횡단보도상,승용,여,43세,상해없음,자전거,남,40세,경상
2014042600100171,2014년 4월 26일 09시,토요일,대전광역시 유성구 자운동,경상사고,0,0,1,0,차대차 - 기타,교차로운행방법위반,건조,맑음,교차로 - 교차로안,승용,여,46세,상해없음,승용,여,50세,경상
2014042600100195,2014년 4월 26일 10시,토요일,대전광역시 중구 유천동,중상사고,0,1,0,0,차대사람 - 횡단중,안전운전불이행,건조,맑음,단일로 - 기타,승용,여,23세,상해없음,보행자,여,70세,중상
2014042600100226,2014년 4월 26일 11시,토요일,대전광역시 동구 홍도동,경상사고,0,0,1,0,차대사람 - 차도통행중,안전운전불이행,건조,맑음,단일로 - 기타,승용,여,52세,상해없음,보행자,남,52세,경상
2014042600100256,2014년 4월 26일 12시,토요일,대전광역시 중구 옥계동,중상사고,0,1,0,0,차대차 - 측면직각충돌,안전거리미확보,건조,맑음,단일로 - 기타,승용,남,56세,상해없음,이륜,남,47세,중상
2014042600100257,2014년 4월 26일 12시,토요일,대전광역시 유성구 지족동,경상사고,0,0,1,0,차대차 - 측면직각충돌,신호위반,건조,맑음,단일로 - 기타,승용,남,40세,상해없음,이륜,남,25세,경상
2014042600100258,2014년 4월 26일 12시,토요일,대전광역시 서구 둔산동,중상사고,0,1,2,0,차대차 - 기타,안전거리미확보,건조,맑음,단일로 - 기타,승합,남,47세,상해없음,승용,여,53세,상해없음
2014042600100259,2014년 4월 26일 12시,토요일,대전광역시 유성구 용산동,중상사고,0,1,0,0,차대차 - 기타,안전운전불이행,건조,맑음,단일로 - 기타,화물,남,35세,상해없음,이륜,남,40세,중상
2014042600100294,2014년 4월 26일 13시,토요일,대전광역시 중구 오류동,중상사고,0,1,1,0,차대차 - 측면직각충돌,안전운전불이행,건조,맑음,단일로 - 기타,승용,남,31세,상해없음,승용,남,40세,경상
2014042600100329,2014년 4월 26일 14시,토요일,대전광역시 유성구 장대동,경상사고,0,0,3,0,차대차 - 기타,안전운전불이행,건조,맑음,교차로 - 교차로안,승용,여,59세,상해없음,승용,남,50세,경상
2014042600100360,2014년 4월 26일 15시,토요일,대전광역시 동구 용전동,중상사고,0,1,0,0,차대사람 - 횡단중,안전운전불이행,건조,맑음,단일로 - 횡단보도부근,승용,남,63세,상해없음,보행자,여,50세,중상
2014042600100361,2014년 4월 26일 15시,토요일,대전광역시 서구 만년동,부상신고사고,0,0,0,1,차대차 - 기타,안전운전불이행,건조,맑음,단일로 - 기타,자전거,남,20세,상해없음,자전거,남,8세,부상신고
2014042600100406,2014년 4월 26일 16시,토요일,대전광역시 동구 하소동,경상사고,0,0,2,0,차대차 - 추돌 - 주정차중,안전운전불이행,건조,맑음,교차로 - 교차로부근,승용,남,53세,상해없음,승용,남,28세,경상
2014042600100407,2014년 4월 26일 16시,토요일,대전광역시 서구 변동,경상사고,0,0,1,0,차대차 - 측면직각충돌,안전운전불이행,건조,맑음,단일로 - 기타,승용,여,57세,상해없음,승용,남,58세,경상
2014042600100586,2014년 4월 26일 21시,토요일,대전광역시 중구 중촌동,중상사고,0,1,0,0,차대사람 - 횡단중,보행자보호의무위반,건조,맑음,단일로 - 횡단보도상,화물,남,68세,상해없음,보행자,남,53세,중상
2014042600100587,2014년 4월 26일 21시,토요일,대전광역시 중구 산성동,경상사고,0,0,2,0,차대차 - 측면직각충돌,안전운전불이행,건조,맑음,교차로 - 교차로안,승용,남,56세,상해없음,승용,남,29세,경상
2014042600100588,2014년 4월 26일 21시,토요일,대전광역시 동구 대성동,중상사고,0,1,0,0,차대차 - 측면직각충돌,안전거리미확보,건조,맑음,단일로 - 기타,승용,남,67세,상해없음,원동기,남,36세,중상
2014042600100632,2014년 4월 26일 23시,토요일,대전광역시 중구 대흥동,경상사고,0,0,2,0,차대차 - 측면직각충돌,교차로운행방법위반,건조,맑음,교차로 - 교차로안,승용,여,30세,상해없음,승용,여,54세,경상
2014042600100633,2014년 4월 26일 23시,토요일,대전광역시 유성구 도룡동,경상사고,0,0,1,0,차량단독 - 공작물충돌,안전운전불이행,건조,맑음,단일로 - 기타,자전거,남,19세,경상,,,,
2014042700100064,2014년 4월 27일 02시,일요일,대전광역시 서구 둔산동,경상사고,0,0,2,0,차대차 - 기타,안전거리미확보,건조,흐림,단일로 - 기타,승용,남,47세,상해없음,승용,남,53세,경상
2014042700100084,2014년 4월 27일 03시,일요일,대전광역시 중구 은행동,경상사고,0,0,1,0,차대차 - 측면직각충돌,안전거리미확보,건조,흐림,단일로 - 기타,승용,남,23세,상해없음,승용,남,57세,경상
2014042700100120,2014년 4월 27일 06시,일요일,대전광역시 중구 대흥동,중상사고,0,1,0,0,차대사람 - 차도통행중,안전운전불이행,습기,비,단일로 - 기타,승합,남,51세,상해없음,보행자,여,19세,중상
2014042700100147,2014년 4월 27일 08시,일요일,대전광역시 중구 석교동,중상사고,0,2,1,0,차대차 - 추돌 - 주정차중,안전운전불이행,건조,흐림,교차로 - 교차로부근,승용,남,30세,상해없음,승용,남,47세,경상
2014042700100148,2014년 4월 27일 08시,일요일,대전광역시 서구 도마동,중상사고,0,1,1,0,차대차 - 측면직각충돌,중앙선침범,건조,맑음,단일로 - 기타,화물,남,42세,상해없음,승용,남,57세,중상
2014042700100168,2014년 4월 27일 09시,일요일,대전광역시 동구 용전동,경상사고,0,0,1,0,차대사람 - 횡단중,안전운전불이행,건조,맑음,단일로 - 기타,화물,남,27세,상해없음,보행자,남,7세,경상
2014042700100303,2014년 4월 27일 14시,일요일,대전광역시 중구 용두동,경상사고,0,0,3,0,차대차 - 측면직각충돌,신호위반,건조,맑음,교차로 - 교차로안,승용,남,28세,상해없음,승용,남,47세,경상
2014042700100304,2014년 4월 27일 14시,일요일,대전광역시 유성구 관평동,경상사고,0,0,3,0,차대차 - 측면직각충돌,신호위반,습기,비,교차로 - 교차로안,승용,남,63세,상해없음,승용,남,53세,경상
2014042700100332,2014년 4월 27일 15시,일요일,대전광역시 서구 탄방동,경상사고,0,0,3,0,차대차 - 측면직각충돌,안전운전불이행,습기,비,미분류 - 미분류,승용,여,26세,상해없음,승용,남,62세,상해없음
2014042700100360,2014년 4월 27일 16시,일요일,대전광역시 유성구 관평동,경상사고,0,0,1,0,차대차 - 추돌 - 주정차중,안전운전불이행,습기,비,단일로 - 기타,화물,남,45세,상해없음,승용,여,29세,상해없음
2014042700100379,2014년 4월 27일 17시,일요일,대전광역시 서구 둔산동,경상사고,0,0,3,0,차대차 - 추돌 - 진행중,안전운전불이행,건조,맑음,단일로 - 기타,승용,남,42세,상해없음,승용,남,30세,경상
2014042700100406,2014년 4월 27일 18시,일요일,대전광역시 대덕구 비래동,경상사고,0,0,3,0,차대차 - 측면직각충돌,안전운전불이행,습기,비,단일로 - 기타,승용,남,76세,상해없음,화물,남,33세,경상
2014042700100407,2014년 4월 27일 18시,일요일,대전광역시 유성구 외삼동,경상사고,0,0,2,0,차대차 - 측면직각충돌,안전운전불이행,습기,비,교차로 - 교차로부근,화물,남,45세,상해없음,승용,남,60세,경상
2014042700100505,2014년 4월 27일 20시,일요일,대전광역시 중구 선화동,경상사고,0,0,2,0,차대차 - 추돌 - 주정차중,안전운전불이행,습기,비,단일로 - 횡단보도부근,승용,남,53세,기타불명,승용,남,53세,경상
2014042700100506,2014년 4월 27일 20시,일요일,대전광역시 중구 태평동,경상사고,0,0,1,0,차대차 - 측면직각충돌,교차로운행방법위반,습기,비,단일로 - 기타,승용,남,49세,상해없음,원동기,남,61세,경상
2014042700100550,2014년 4월 27일 21시,일요일,대전광역시 중구 중촌동,중상사고,0,1,0,0,차대사람 - 횡단중,보행자보호의무위반,습기,비,단일로 - 횡단보도상,승용,남,57세,상해없음,보행자,여,63세,중상
2014042700100596,2014년 4월 27일 22시,일요일,대전광역시 중구 선화동,경상사고,0,0,1,0,차대사람 - 횡단중,안전운전불이행,습기,비,단일로 - 횡단보도부근,승합,남,53세,상해없음,보행자,여,22세,경상
2014042700100597,2014년 4월 27일 22시,일요일,대전광역시 대덕구 읍내동,경상사고,0,0,2,0,차대차 - 추돌 - 주정차중,안전운전불이행,습기,비,교차로 - 교차로부근,승용,남,63세,상해없음,승용,남,46세,경상
2014042700100598,2014년 4월 27일 22시,일요일,대전광역시 서구 갈마동,경상사고,0,0,1,0,차대차 - 기타,교차로운행방법위반,습기,비,교차로 - 교차로안,승용,남,63세,상해없음,승용,남,61세,상해없음
2014042800100059,2014년 4월 28일 03시,월요일,대전광역시 서구 갈마동,경상사고,0,0,2,0,차대차 - 기타,안전운전불이행,습기,비,교차로 - 교차로안,승용,남,28세,상해없음,승용,남,56세,상해없음
2014042800100194,2014년 4월 28일 09시,월요일,대전광역시 대덕구 신대동,경상사고,0,0,1,0,차대사람 - 기타,안전운전불이행,습기,비,단일로 - 기타,화물,남,33세,상해없음,보행자,여,59세,경상
2014042800100294,2014년 4월 28일 12시,월요일,대전광역시 중구 유천동,중상사고,0,2,0,0,차대차 - 기타,안전거리미확보,건조,맑음,단일로 - 기타,승용,여,41세,상해없음,승용,여,34세,중상
2014042800100471,2014년 4월 28일 17시,월요일,대전광역시 서구 복수동,경상사고,0,0,5,0,차대차 - 추돌 - 진행중,안전거리미확보,건조,맑음,단일로 - 기타,승용,남,23세,경상,승용,남,47세,경상
2014042800100497,2014년 4월 28일 18시,월요일,대전광역시 중구 문창동,경상사고,0,0,2,0,차대차 - 기타,안전운전불이행,건조,맑음,교차로 - 교차로부근,승용,여,61세,상해없음,화물,남,58세,경상
2014042800100539,2014년 4월 28일 19시,월요일,대전광역시 동구 용전동,경상사고,0,0,1,0,차대차 - 추돌 - 진행중,안전거리미확보,건조,맑음,교차로 - 교차로부근,승용,남,52세,상해없음,승용,남,22세,경상
2014042800100578,2014년 4월 28일 20시,월요일,대전광역시 중구 선화동,경상사고,0,0,1,0,차대차 - 추돌 - 주정차중,안전운전불이행,습기,비,교차로 - 교차로부근,승용,남,47세,상해없음,승용,여,36세,경상
2014042800100579,2014년 4월 28일 20시,월요일,대전광역시 동구 인동,경상사고,0,0,1,0,차대차 - 정면충돌,교차로운행방법위반,건조,맑음,교차로 - 교차로안,승용,남,56세,상해없음,자전거,남,66세,경상
2014042800100580,2014년 4월 28일 20시,월요일,대전광역시 서구 갈마동,경상사고,0,0,1,0,차대차 - 추돌 - 진행중,안전거리미확보,습기,비,단일로 - 기타,승용,남,56세,상해없음,승용,남,29세,경상
2014042900100053,2014년 4월 29일 01시,화요일,대전광역시 서구 도마동,부상신고사고,0,0,0,1,차대차 - 기타,안전운전불이행,습기,비,교차로 - 교차로안,승합,남,35세,상해없음,승용,남,45세,상해없음
2014042900100064,2014년 4월 29일 02시,화요일,대전광역시 중구 석교동,경상사고,0,0,4,0,차대차 - 측면직각충돌,안전운전불이행,건조,흐림,교차로 - 교차로안,승용,남,47세,상해없음,승용,남,45세,경상
2014042900100075,2014년 4월 29일 03시,화요일,대전광역시 중구 중촌동,중상사고,0,2,1,0,차대차 - 추돌 - 주정차중,안전운전불이행,습기,비,단일로 - 기타,승용,남,28세,기타불명,화물,남,54세,경상
2014042900100088,2014년 4월 29일 04시,화요일,대전광역시 중구 옥계동,경상사고,0,0,2,0,차대차 - 측면직각충돌,신호위반,습기,비,교차로 - 교차로안,화물,남,49세,상해없음,화물,남,38세,경상
2014042900100089,2014년 4월 29일 04시,화요일,대전광역시 동구 용전동,경상사고,0,0,1,0,차대사람 - 차도통행중,안전운전불이행,건조,맑음,교차로 - 교차로안,승용,남,45세,상해없음,보행자,남,23세,경상
2014042900100100,2014년 4월 29일 05시,화요일,대전광역시 중구 목동,중상사고,0,1,0,0,차대차 - 측면직각충돌,신호위반,습기,비,교차로 - 교차로안,특수,남,23세,상해없음,원동기,남,68세,중상
2014042900100145,2014년 4월 29일 07시,화요일,대전광역시 서구 월평동,경상사고,0,0,1,0,차대차 - 추돌 - 진행중,안전운전불이행,습기,비,교차로 - 교차로부근,승용,남,21세,상해없음,승용,남,27세,경상
2014042900100196,2014년 4월 29일 08시,화요일,대전광역시 유성구 봉명동,경상사고,0,0,1,0,차대차 - 측면직각충돌,신호위반,습기,비,교차로 - 교차로안,승용,남,61세,상해없음,승용,여,48세,경상
2014042900100233,2014년 4월 29일 09시,화요일,대전광역시 중구 산성동,중상사고,0,1,3,0,차대차 - 추돌 - 진행중,안전운전불이행,습기,비,교차로 - 교차로부근,승용,여,47세,상해없음,승용,남,67세,중상
2014042900100234,2014년 4월 29일 09시,화요일,대전광역시 유성구 장대동,경상사고,0,0,1,0,차대사람 - 기타,안전운전불이행,건조,맑음,단일로 - 기타,승용,여,55세,상해없음,보행자,남,55세,경상
2014042900100273,2014년 4월 29일 11시,화요일,대전광역시 대덕구 덕암동,사망사고,1,0,0,0,차대사람 - 횡단중,안전운전불이행,습기,비,단일로 - 기타,화물,남,52세,상해없음,보행자,남,76세,사망
2014042900100354,2014년 4월 29일 14시,화요일,대전광역시 동구 용전동,중상사고,0,1,0,0,차대차 - 측면직각충돌,안전운전불이행,건조,맑음,교차로 - 교차로안,승용,남,54세,상해없음,자전거,여,67세,중상
2014042900100387,2014년 4월 29일 15시,화요일,대전광역시 중구 선화동,경상사고,0,0,1,0,차대차 - 측면직각충돌,중앙선침범,건조,맑음,단일로 - 기타,승용,남,20세,상해없음,승용,남,58세,경상
2014042900100459,2014년 4월 29일 17시,화요일,대전광역시 서구 둔산동,경상사고,0,0,1,0,차대차 - 추돌 - 진행중,안전거리미확보,건조,맑음,단일로 - 기타,승용,남,43세,상해없음,승용,남,40세,경상
2014042900100538,2014년 4월 29일 19시,화요일,대전광역시 중구 태평동,경상사고,0,0,1,0,차대사람 - 기타,기타,건조,맑음,단일로 - 횡단보도부근,승용,남,60세,상해없음,보행자,여,60세,경상
2014042900100565,2014년 4월 29일 20시,화요일,대전광역시 중구 대흥동,경상사고,0,0,4,0,차대차 - 기타,신호위반,건조,맑음,교차로 - 교차로안,승용,여,52세,상해없음,승용,남,35세,경상
2014042900100566,2014년 4월 29일 20시,화요일,대전광역시 중구 선화동,경상사고,0,0,2,0,차대차 - 기타,교차로운행방법위반,건조,맑음,교차로 - 교차로안,승용,남,61세,경상,승용,남,28세,경상
2014042900100622,2014년 4월 29일 22시,화요일,대전광역시 동구 신흥동,중상사고,0,1,0,0,차대사람 - 기타,안전운전불이행,습기,흐림,단일로 - 기타,승용,남,57세,상해없음,보행자,남,58세,중상
2014042900100623,2014년 4월 29일 22시,화요일,대전광역시 유성구 화암동,중상사고,0,1,2,0,차대차 - 추돌 - 진행중,안전운전불이행,건조,흐림,교차로 - 교차로부근,승용,남,22세,상해없음,승용,남,53세,중상
2014043000100167,2014년 4월 30일 08시,수요일,대전광역시 동구 신안동,경상사고,0,0,1,0,차대차 - 측면직각충돌,신호위반,건조,맑음,교차로 - 교차로안,승용,남,57세,기타불명,승용,남,28세,경상
2014043000100196,2014년 4월 30일 09시,수요일,대전광역시 중구 용두동,경상사고,0,0,1,0,차대차 - 추돌 - 진행중,안전운전불이행,건조,맑음,단일로 - 기타,화물,남,46세,상해없음,승용,남,73세,상해없음
2014043000100197,2014년 4월 30일 09시,수요일,대전광역시 유성구 지족동,중상사고,0,1,0,0,차대사람 - 기타,안전운전불이행,건조,맑음,단일로 - 기타,승용,남,46세,상해없음,보행자,남,50세,중상
2014043000100218,2014년 4월 30일 10시,수요일,대전광역시 유성구 노은동,경상사고,0,0,1,0,차대차 - 기타,안전운전불이행,건조,맑음,교차로 - 교차로안,승용,여,36세,상해없음,승용,남,78세,경상
2014043000100308,2014년 4월 30일 13시,수요일,대전광역시 유성구 봉명동,중상사고,0,1,2,0,차대차 - 기타,신호위반,건조,맑음,단일로 - 기타,특수,남,37세,상해없음,승합,남,56세,경상
2014043000100348,2014년 4월 30일 14시,수요일,대전광역시 동구 삼정동,경상사고,0,0,1,0,차대차 - 기타,안전운전불이행,건조,맑음,단일로 - 기타,화물,남,71세,상해없음,승용,남,37세,경상
2014043000100407,2014년 4월 30일 16시,수요일,대전광역시 중구 문화동,중상사고,0,2,2,0,차대차 - 측면직각충돌,신호위반,건조,맑음,교차로 - 교차로안,승용,여,50세,상해없음,승용,남,54세,상해없음
2014043000100408,2014년 4월 30일 16시,수요일,대전광역시 동구 가양동,경상사고,0,0,1,0,차대차 - 추돌 - 주정차중,안전운전불이행,건조,맑음,단일로 - 기타,승용,여,52세,상해없음,승용,남,40세,경상
2014043000100442,2014년 4월 30일 17시,수요일,대전광역시 중구 선화동,경상사고,0,0,2,0,차대차 - 측면직각충돌,중앙선침범,건조,맑음,단일로 - 기타,승용,여,44세,상해없음,승용,남,50세,경상
2014043000100476,2014년 4월 30일 18시,수요일,대전광역시 서구 도안동,경상사고,0,0,1,0,차대차 - 추돌 - 주정차중,안전운전불이행,건조,맑음,교차로 - 교차로부근,승용,남,22세,상해없음,승용,여,26세,경상
2014043000100477,2014년 4월 30일 18시,수요일,대전광역시 서구 용문동,경상사고,0,0,1,0,차대차 - 측면직각충돌,안전운전불이행,건조,맑음,단일로 - 기타,이륜,남,22세,상해없음,자전거,남,14세,경상
2014043000100514,2014년 4월 30일 19시,수요일,대전광역시 중구 용두동,중상사고,0,1,0,0,차대사람 - 횡단중,안전운전불이행,건조,맑음,단일로 - 기타,승용,여,45세,상해없음,보행자,여,31세,중상
2014043000100598,2014년 4월 30일 21시,수요일,대전광역시 서구 괴정동,경상사고,0,0,2,0,차대차 - 기타,안전운전불이행,건조,맑음,단일로 - 기타,승용,남,26세,상해없음,승용,여,25세,경상
2014043000100640,2014년 4월 30일 22시,수요일,대전광역시 중구 대흥동,경상사고,0,0,2,0,차대차 - 추돌 - 주정차중,안전운전불이행,건조,흐림,교차로 - 교차로부근,승용,남,57세,상해없음,승용,남,31세,경상
2014043000100675,2014년 4월 30일 23시,수요일,대전광역시 대덕구 비래동,경상사고,0,0,1,0,차대차 - 추돌 - 주정차중,안전운전불이행,건조,맑음,교차로 - 교차로부근,화물,남,49세,상해없음,승용,남,42세,경상
2014050100100035,2014년 5월 1일 01시,목요일,대전광역시 서구 둔산동,경상사고,0,0,1,0,차대사람 - 차도통행중,안전운전불이행,건조,맑음,단일로 - 기타,승용,기타불명,기타불명,기타불명,보행자,남,21세,경상
2014050100100048,2014년 5월 1일 02시,목요일,대전광역시 중구 부사동,경상사고,0,0,2,0,차대차 - 측면직각충돌,신호위반,건조,흐림,교차로 - 교차로안,승용,남,46세,상해없음,승용,남,67세,경상
2014050100100117,2014년 5월 1일 07시,목요일,대전광역시 유성구 구암동,중상사고,0,1,0,0,차대사람 - 횡단중,보행자보호의무위반,건조,맑음,단일로 - 횡단보도상,원동기,남,45세,상해없음,보행자,여,58세,중상
2014050100100153,2014년 5월 1일 08시,목요일,대전광역시 유성구 원신흥동,중상사고,0,1,0,0,차대차 - 측면직각충돌,신호위반,건조,맑음,교차로 - 교차로안,승용,남,57세,상해없음,원동기,여,36세,중상
2014050100100278,2014년 5월 1일 13시,목요일,대전광역시 중구 대흥동,경상사고,0,0,1,0,차대차 - 추돌 - 진행중,안전거리미확보,건조,맑음,교차로 - 교차로부근,승용,남,44세,상해없음,승용,여,31세,경상
2014050100100279,2014년 5월 1일 13시,목요일,대전광역시 유성구 봉명동,경상사고,0,0,6,0,차대차 - 측면직각충돌,안전거리미확보,건조,맑음,교차로 - 교차로부근,승용,여,39세,상해없음,승용,여,34세,경상
2014050100100314,2014년 5월 1일 14시,목요일,대전광역시 중구 태평동,중상사고,0,2,1,0,차대차 - 측면직각충돌,안전운전불이행,건조,맑음,단일로 - 기타,승용,남,50세,상해없음,승용,여,60세,중상
2014050100100344,2014년 5월 1일 15시,목요일,대전광역시 서구 갈마동,경상사고,0,0,2,0,차대차 - 추돌 - 주정차중,안전거리미확보,건조,맑음,단일로 - 기타,승용,남,52세,상해없음,승용,남,31세,경상
2014050100100345,2014년 5월 1일 15시,목요일,대전광역시 서구 탄방동,중상사고,0,1,1,0,차대차 - 기타,안전거리미확보,건조,맑음,교차로 - 교차로부근,승용,여,53세,상해없음,승합,남,57세,상해없음
2014050100100397,2014년 5월 1일 16시,목요일,대전광역시 서구 월평동,경상사고,0,0,3,0,차대차 - 추돌 - 진행중,안전운전불이행,건조,맑음,단일로 - 기타,승용,남,48세,상해없음,승용,남,30세,경상
2014050100100437,2014년 5월 1일 17시,목요일,대전광역시 동구 가양동,경상사고,0,0,2,0,차대차 - 추돌 - 주정차중,안전운전불이행,건조,맑음,단일로 - 기타,승용,남,20세,상해없음,승용,남,63세,경상
2014050100100513,2014년 5월 1일 19시,목요일,대전광역시 유성구 관평동,경상사고,0,0,1,0,차대차 - 기타,안전거리미확보,건조,맑음,단일로 - 기타,승용,여,52세,상해없음,승용,여,29세,경상
2014050100100514,2014년 5월 1일 19시,목요일,대전광역시 서구 갈마동,경상사고,0,0,1,0,차대차 - 기타,안전운전불이행,건조,맑음,단일로 - 횡단보도상,승용,여,43세,상해없음,자전거,남,22세,경상
2014050100100573,2014년 5월 1일 21시,목요일,대전광역시 중구 문창동,경상사고,0,0,1,0,차대차 - 측면직각충돌,안전운전불이행,건조,맑음,기타 - 기타,화물,남,42세,상해없음,승용,남,54세,경상
2014050100100574,2014년 5월 1일 21시,목요일,대전광역시 서구 도마동,경상사고,0,0,2,0,차대사람 - 기타,안전운전불이행,건조,맑음,단일로 - 기타,이륜,남,46세,상해없음,보행자,남,54세,경상
2014050100100575,2014년 5월 1일 21시,목요일,대전광역시 서구 가수원동,경상사고,0,0,1,0,차대차 - 측면직각충돌,안전거리미확보,건조,맑음,단일로 - 기타,승용,남,57세,상해없음,승용,남,43세,경상
2014050100100637,2014년 5월 1일 23시,목요일,대전광역시 동구 소제동,경상사고,0,0,3,0,차대차 - 기타,안전운전불이행,건조,맑음,단일로 - 기타,승용,남,61세,상해없음,승용,남,31세,경상
2014050200100025,2014년 5월 2일 00시,금요일,대전광역시 중구 유천동,경상사고,0,0,1,0,차대사람 - 횡단중,신호위반,건조,맑음,교차로 - 교차로부근,승용,남,50세,상해없음,보행자,남,51세,경상
2014050200100149,2014년 5월 2일 08시,금요일,대전광역시 중구 오류동,중상사고,0,1,0,0,차대사람 - 횡단중,보행자보호의무위반,건조,맑음,교차로 - 교차로부근,승용,남,64세,상해없음,보행자,여,62세,중상
2014050200100150,2014년 5월 2일 08시,금요일,대전광역시 서구 도마동,중상사고,0,1,0,0,차대사람 - 기타,안전운전불이행,건조,맑음,교차로 - 교차로안,승용,남,32세,상해없음,보행자,남,74세,중상
2014050200100182,2014년 5월 2일 09시,금요일,대전광역시 유성구 용산동,경상사고,0,0,1,0,차대차 - 기타,신호위반,건조,맑음,교차로 - 교차로안,화물,남,32세,상해없음,승용,여,46세,경상
2014050200100312,2014년 5월 2일 13시,금요일,대전광역시 중구 대흥동,경상사고,0,0,3,0,차대차 - 측면직각충돌,안전운전불이행,건조,맑음,교차로 - 교차로안,승용,남,40세,상해없음,승용,여,48세,경상
2014050200100313,2014년 5월 2일 13시,금요일,대전광역시 대덕구 법동,중상사고,0,1,0,0,차대차 - 측면직각충돌,안전거리미확보,건조,맑음,단일로 - 기타,승용,남,29세,상해없음,승용,여,29세,중상
2014050200100403,2014년 5월 2일 15시,금요일,대전광역시 중구 안영동,경상사고,0,0,1,0,차대사람 - 기타,안전운전불이행,건조,맑음,단일로 - 기타,자전거,남,16세,상해없음,보행자,남,64세,경상