사고번호,사고일시,요일,시군구,사고내용,사망자수,중상자수,경상자수,부상신고자수,사고유형,법규위반,노면상태,기상상태,도로형태,가해운전자 차종,가해운전자 성별,가해운전자 연령,가해운전자 상해정도,피해운전자 차종,피해운전자 성별,피해운전자 연령,피해운전자 상해정도
2014050200100451,2014년 5월 2일 16시,금요일,대전광역시 서구 복수동,경상사고,0,0,1,0,차대사람 - 기타,안전운전불이행,건조,맑음,교차로 - 교차로안,승용,남,33세,상해없음,보행자,남,6세,경상
2014050200100452,2014년 5월 2일 16시,금요일,대전광역시 유성구 노은동,중상사고,0,1,0,0,차대차 - 측면직각충돌,안전거리미확보,건조,맑음,단일로 - 기타,승용,남,31세,상해없음,승용,여,54세,중상
2014050200100453,2014년 5월 2일 16시,금요일,대전광역시 서구 월평동,경상사고,0,0,1,0,차대차 - 기타,기타,건조,맑음,단일로 - 기타,승용,남,55세,상해없음,자전거,남,37세,경상
2014050200100582,2014년 5월 2일 19시,금요일,대전광역시 서구 탄방동,경상사고,0,0,1,0,차대차 - 추돌 - 주정차중,안전운전불이행,건조,맑음,단일로 - 기타,승용,남,52세,상해없음,승용,여,46세,경상
2014050200100619,2014년 5월 2일 20시,금요일,대전광역시 서구 둔산동,중상사고,0,1,0,0,차대사람 - 길가장자리구역통행중,안전운전불이행,건조,맑음,단일로 - 기타,승용,여,43세,상해없음,보행자,여,73세,중상
2014050200100646,2014년 5월 2일 21시,금요일,대전광역시 서구 괴정동,경상사고,0,0,4,0,차대차 - 추돌 - 진행중,안전운전불이행,건조,맑음,단일로 - 횡단보도부근,승용,남,46세,상해없음,승용,여,44세,경상
2014050200100647,2014년 5월 2일 21시,금요일,대전광역시 서구 탄방동,경상사고,0,0,1,0,차대사람 - 길가장자리구역통행중,안전운전불이행,건조,맑음,단일로 - 기타,승용,남,27세,상해없음,보행자,여,32세,경상
2014050200100705,2014년 5월 2일 23시,금요일,대전광역시 대덕구 비래동,경상사고,0,0,2,0,차대차 - 추돌 - 주정차중,안전운전불이행,건조,맑음,단일로 - 기타,승용,남,23세,상해없음,승용,남,27세,경상
2014050200100706,2014년 5월 2일 23시,금요일,대전광역시 유성구 구암동,중상사고,0,2,0,0,차대사람 - 횡단중,안전운전불이행,건조,맑음,교차로 - 교차로부근,승용,남,29세,상해없음,보행자,남,19세,중상
2014050300100041,2014년 5월 3일 01시,토요일,대전광역시 서구 갈마동,경상사고,0,0,1,0,차대사람 - 길가장자리구역통행중,안전운전불이행,건조,맑음,단일로 - 기타,승용,남,47세,상해없음,보행자,남,51세,경상
2014050300100059,2014년 5월 3일 02시,토요일,대전광역시 동구 인동,경상사고,0,0,7,0,차대차 - 추돌 - 진행중,안전운전불이행,건조,맑음,교차로 - 교차로부근,승용,남,52세,상해없음,승용,남,39세,경상
2014050300100091,2014년 5월 3일 04시,토요일,대전광역시 서구 가장동,경상사고,0,0,2,0,차대차 - 추돌 - 진행중,안전운전불이행,건조,맑음,교차로 - 교차로부근,승용,남,40세,상해없음,승용,남,55세,경상
2014050300100107,2014년 5월 3일 05시,토요일,대전광역시 중구 중촌동,중상사고,0,1,0,0,차대차 - 측면직각충돌,신호위반,건조,맑음,교차로 - 교차로안,승용,남,61세,상해없음,자전거,남,54세,중상
2014050300100138,2014년 5월 3일 07시,토요일,대전광역시 서구 용문동,중상사고,0,1,0,0,차대차 - 기타,중앙선침범,건조,맑음,단일로 - 기타,승용,남,50세,상해없음,승용,남,49세,중상
2014050300100265,2014년 5월 3일 11시,토요일,대전광역시 서구 갈마동,중상사고,0,1,0,0,차대사람 - 기타,보행자보호의무위반,건조,맑음,교차로 - 교차로안,승용,여,34세,상해없음,보행자,여,40세,중상
2014050300100352,2014년 5월 3일 13시,토요일,대전광역시 대덕구 석봉동,경상사고,0,0,1,0,차대차 - 측면직각충돌,안전운전불이행,건조,맑음,교차로 - 교차로부근,승용,남,55세,상해없음,승용,남,34세,경상
2014050300100353,2014년 5월 3일 13시,토요일,대전광역시 유성구 신성동,중상사고,0,2,1,0,차대차 - 기타,안전거리미확보,건조,맑음,단일로 - 기타,승용,여,54세,상해없음,승용,남,26세,경상
2014050300100394,2014년 5월 3일 14시,토요일,대전광역시 서구 가장동,사망사고,1,0,0,0,차대차 - 측면직각충돌,안전운전불이행,건조,맑음,교차로 - 교차로안,이륜,남,22세,사망,승용,기타불명,53세,기타불명
2014050300100436,2014년 5월 3일 15시,토요일,대전광역시 중구 산성동,경상사고,0,0,1,0,차대차 - 측면직각충돌,교차로운행방법위반,건조,맑음,교차로 - 교차로안,승용,남,79세,상해없음,승용,남,28세,경상
2014050300100437,2014년 5월 3일 15시,토요일,대전광역시 중구 선화동,중상사고,0,1,0,0,차대사람 - 횡단중,안전운전불이행,건조,맑음,단일로 - 기타,승용,여,47세,상해없음,보행자,남,5세,중상
2014050300100489,2014년 5월 3일 16시,토요일,대전광역시 중구 부사동,중상사고,0,1,0,0,차대차 - 측면직각충돌,안전운전불이행,건조,맑음,단일로 - 기타,화물,남,58세,상해없음,이륜,남,21세,중상
2014050300100700,2014년 5월 3일 22시,토요일,대전광역시 동구 용전동,경상사고,0,0,1,0,차대사람 - 길가장자리구역통행중,안전운전불이행,건조,맑음,교차로 - 교차로안,승용,여,30세,상해없음,보행자,남,31세,경상
2014050400100082,2014년 5월 4일 05시,일요일,대전광역시 동구 신흥동,중상사고,0,1,0,0,차대차 - 측면직각충돌,신호위반,건조,맑음,교차로 - 교차로안,승용,남,58세,상해없음,승용,남,71세,중상
2014050400100097,2014년 5월 4일 06시,일요일,대전광역시 서구 도마동,경상사고,0,0,2,0,차대차 - 측면직각충돌,안전운전불이행,건조,맑음,교차로 - 교차로안,승용,남,25세,상해없음,승용,남,40세,경상
2014050400100137,2014년 5월 4일 09시,일요일,대전광역시 중구 용두동,경상사고,0,0,1,0,차대사람 - 기타,불법유턴,건조,맑음,단일로 - 기타,승용,남,55세,상해없음,보행자,남,53세,경상
2014050400100268,2014년 5월 4일 15시,일요일,대전광역시 유성구 장대동,경상사고,0,0,1,0,차대사람 - 차도통행중,안전운전불이행,건조,맑음,단일로 - 기타,승용,남,75세,상해없음,보행자,여,66세,경상
2014050400100351,2014년 5월 4일 18시,일요일,대전광역시 유성구 방동,중상사고,0,2,8,1,차대차 - 추돌 - 주정차중,안전운전불이행,건조,맑음,단일로 - 기타,승용,남,52세,상해없음,승용,남,42세,경상
2014050400100384,2014년 5월 4일 19시,일요일,대전광역시 중구 문창동,경상사고,0,0,2,0,차대차 - 측면직각충돌,불법유턴,건조,맑음,단일로 - 기타,승용,남,48세,기타불명,승합,여,47세,경상
2014050400100385,2014년 5월 4일 19시,일요일,대전광역시 동구 삼성동,경상사고,0,0,1,0,차대차 - 추돌 - 주정차중,안전운전불이행,건조,맑음,단일로 - 기타,승합,남,44세,상해없음,승용,여,37세,경상
2014050400100428,2014년 5월 4일 20시,일요일,대전광역시 동구 중동,중상사고,0,1,0,0,차대사람 - 차도통행중,안전운전불이행,습기,비,단일로 - 기타,승용,남,58세,상해없음,보행자,여,61세,중상
2014050400100466,2014년 5월 4일 21시,일요일,대전광역시 대덕구 중리동,경상사고,0,0,3,0,차대차 - 추돌 - 주정차중,신호위반,건조,맑음,단일로 - 기타,승용,남,56세,상해없음,승용,여,32세,경상
2014050400100495,2014년 5월 4일 22시,일요일,대전광역시 대덕구 중리동,경상사고,0,0,1,0,차대차 - 추돌 - 주정차중,안전운전불이행,습기,비,교차로 - 교차로부근,승용,남,50세,상해없음,승용,남,25세,경상
2014050400100518,2014년 5월 4일 23시,일요일,대전광역시 중구 산성동,경상사고,0,0,1,0,차대차 - 측면직각충돌,안전운전불이행,건조,맑음,교차로 - 교차로안,승용,남,64세,상해없음,승용,여,56세,경상
2014050400100519,2014년 5월 4일 23시,일요일,대전광역시 동구 소제동,경상사고,0,0,2,0,차대차 - 측면직각충돌,교차로운행방법위반,건조,맑음,교차로 - 교차로안,승용,남,34세,상해없음,승용,남,53세,상해없음
2014050400100520,2014년 5월 4일 23시,일요일,대전광역시 유성구 관평동,경상사고,0,0,2,0,차대차 - 측면직각충돌,신호위반,건조,맑음,교차로 - 교차로안,승용,남,45세,상해없음,승용,남,43세,경상
2014050500100034,2014년 5월 5일 01시,월요일,대전광역시 서구 월평동,경상사고,0,0,1,0,차대차 - 추돌 - 주정차중,안전운전불이행,건조,맑음,단일로 - 기타,승용,남,28세,상해없음,원동기,남,31세,경상
2014050500100087,2014년 5월 5일 06시,월요일,대전광역시 서구 갈마동,경상사고,0,0,1,0,차대차 - 추돌 - 주정차중,안전운전불이행,건조,맑음,교차로 - 교차로부근,승용,남,26세,상해없음,화물,남,37세,경상
2014050500100137,2014년 5월 5일 09시,월요일,대전광역시 중구 태평동,경상사고,0,0,1,0,차량단독 - 공작물충돌,기타,건조,맑음,단일로 - 기타,승합,남,58세,상해없음,,,,
2014050500100138,2014년 5월 5일 09시,월요일,대전광역시 서구 월평동,경상사고,0,0,1,0,차대사람 - 보도통행중,보행자보호의무위반,건조,맑음,교차로 - 교차로안,승용,남,38세,상해없음,보행자,여,56세,경상
2014050500100139,2014년 5월 5일 09시,월요일,대전광역시 서구 둔산동,경상사고,0,0,1,0,차대차 - 추돌 - 진행중,안전거리미확보,건조,맑음,단일로 - 기타,승용,남,27세,상해없음,화물,남,45세,경상
2014050500100365,2014년 5월 5일 16시,월요일,대전광역시 중구 산성동,경상사고,0,0,2,0,차대차 - 측면직각충돌,안전운전불이행,건조,맑음,교차로 - 교차로안,승합,남,57세,상해없음,승용,여,32세,경상
2014050500100366,2014년 5월 5일 16시,월요일,대전광역시 동구 구도동,중상사고,0,1,0,1,차대차 - 측면직각충돌,신호위반,건조,맑음,교차로 - 교차로안,승용,남,60세,중상,승합,남,51세,부상신고
2014050500100396,2014년 5월 5일 17시,월요일,대전광역시 동구 신상동,경상사고,0,0,3,0,차대차 - 추돌 - 진행중,안전거리미확보,건조,맑음,단일로 - 기타,화물,남,55세,상해없음,승용,남,41세,경상
2014050500100397,2014년 5월 5일 17시,월요일,대전광역시 동구 가오동,경상사고,0,0,6,0,차대차 - 측면직각충돌,안전거리미확보,건조,맑음,단일로 - 기타,승용,남,55세,상해없음,승용,여,35세,경상
2014050500100398,2014년 5월 5일 17시,월요일,대전광역시 서구 갈마동,중상사고,0,4,1,0,차대차 - 측면직각충돌,안전거리미확보,건조,맑음,단일로 - 기타,승용,여,68세,상해없음,승용,남,71세,중상
2014050500100466,2014년 5월 5일 19시,월요일,대전광역시 동구 소제동,경상사고,0,0,1,0,차대차 - 측면직각충돌,안전운전불이행,건조,맑음,단일로 - 기타,승용,남,53세,상해없음,승용,남,57세,경상
2014050500100467,2014년 5월 5일 19시,월요일,대전광역시 서구 정림동,중상사고,0,1,0,0,차대차 - 기타,안전운전불이행,건조,맑음,교차로 - 교차로안,승용,남,41세,상해없음,자전거,남,22세,중상
2014050500100543,2014년 5월 5일 22시,월요일,대전광역시 서구 탄방동,경상사고,0,0,2,0,차대차 - 측면직각충돌,교차로운행방법위반,건조,맑음,교차로 - 교차로안,승용,남,73세,상해없음,승용,남,44세,경상
2014050500100569,2014년 5월 5일 23시,월요일,대전광역시 유성구 덕명동,중상사고,0,1,0,0,차대차 - 추돌 - 주정차중,안전운전불이행,건조,맑음,교차로 - 교차로부근,승용,남,51세,상해없음,화물,남,70세,중상
2014050600100015,2014년 5월 6일 00시,화요일,대전광역시 동구 용운동,경상사고,0,0,1,0,차대차 - 측면직각충돌,신호위반,건조,맑음,교차로 - 교차로안,승용,남,34세,상해없음,승용,남,55세,경상
2014050600100032,2014년 5월 6일 01시,화요일,대전광역시 서구 월평동,중상사고,0,1,3,0,차대차 - 정면충돌,신호위반,건조,맑음,교차로 - 교차로부근,승용,남,61세,상해없음,승용,남,30세,경상
2014050600100067,2014년 5월 6일 05시,화요일,대전광역시 서구 탄방동,중상사고,0,1,0,0,차대사람 - 기타,안전운전불이행,건조,맑음,교차로 - 교차로부근,승용,남,28세,상해없음,보행자,남,25세,중상
2014050600100114,2014년 5월 6일 09시,화요일,대전광역시 중구 중촌동,경상사고,0,0,1,0,차대차 - 측면직각충돌,교차로운행방법위반,건조,맑음,교차로 - 교차로안,승용,여,58세,상해없음,원동기,남,70세,경상
2014050600100115,2014년 5월 6일 09시,화요일,대전광역시 중구 중촌동,중상사고,0,1,1,0,차대차 - 측면직각충돌,안전운전불이행,건조,맑음,단일로 - 기타,원동기,남,74세,중상,승용,여,56세,경상
2014050600100198,2014년 5월 6일 12시,화요일,대전광역시 대덕구 대화동,경상사고,0,0,1,0,차대사람 - 기타,안전운전불이행,건조,맑음,단일로 - 기타,승용,남,56세,상해없음,보행자,남,4세,경상
2014050600100331,2014년 5월 6일 16시,화요일,대전광역시 동구 삼성동,중상사고,0,1,0,0,차대사람 - 길가장자리구역통행중,안전운전불이행,건조,맑음,교차로 - 교차로부근,승용,남,56세,상해없음,보행자,남,5세,중상
2014050600100332,2014년 5월 6일 16시,화요일,대전광역시 동구 판암동,경상사고,0,0,1,0,차대차 - 추돌 - 주정차중,안전운전불이행,건조,맑음,교차로 - 교차로부근,승용,남,54세,상해없음,승용,남,33세,경상
2014050600100333,2014년 5월 6일 16시,화요일,대전광역시 서구 탄방동,경상사고,0,0,1,0,차대차 - 측면직각충돌,안전거리미확보,건조,맑음,단일로 - 기타,승용,남,47세,상해없음,승용,남,24세,경상
2014050600100424,2014년 5월 6일 19시,화요일,대전광역시 서구 가장동,중상사고,0,1,0,0,차대차 - 기타,중앙선침범,건조,맑음,교차로 - 교차로부근,기타불명,기타불명,기타불명,기타불명,이륜,남,53세,중상
2014050600100446,2014년 5월 6일 20시,화요일,대전광역시 중구 선화동,중상사고,0,1,0,0,차대사람 - 기타,안전운전불이행,건조,맑음,단일로 - 기타,승용,남,68세,상해없음,보행자,남,77세,상해없음
2014050600100447,2014년 5월 6일 20시,화요일,대전광역시 중구 문화동,중상사고,0,1,4,0,차대차 - 기타,교차로운행방법위반,건조,맑음,교차로 - 교차로안,승용,남,34세,상해없음,승용,남,61세,경상
2014050600100448,2014년 5월 6일 20시,화요일,대전광역시 서구 괴정동,경상사고,0,0,1,0,차대차 - 기타,안전운전불이행,건조,맑음,단일로 - 기타,승용,남,51세,상해없음,이륜,남,19세,경상
2014050600100449,2014년 5월 6일 20시,화요일,대전광역시 서구 갈마동,경상사고,0,0,2,0,차대사람 - 보도통행중,보행자보호의무위반,건조,맑음,단일로 - 기타,승용,남,55세,상해없음,보행자,남,21세,경상
2014050600100520,2014년 5월 6일 23시,화요일,대전광역시 유성구 장대동,경상사고,0,0,1,0,차대차 - 추돌 - 주정차중,안전운전불이행,건조,맑음,단일로 - 기타,승용,남,21세,상해없음,승용,남,53세,경상
2014050700100127,2014년 5월 7일 08시,수요일,대전광역시 동구 가양동,경상사고,0,0,1,0,차대사람 - 길가장자리구역통행중,안전운전불이행,건조,맑음,단일로 - 기타,승용,기타불명,기타불명,기타불명,보행자,여,13세,경상
2014050700100167,2014년 5월 7일 09시,수요일,대전광역시 대덕구 오정동,경상사고,0,0,1,0,차대차 - 추돌 - 주정차중,안전운전불이행,건조,맑음,단일로 - 기타,승용,여,46세,상해없음,승용,여,46세,경상
2014050700100226,2014년 5월 7일 11시,수요일,대전광역시 대덕구 대화동,경상사고,0,0,1,0,차대차 - 기타,안전운전불이행,건조,맑음,교차로 - 교차로안,승용,여,32세,상해없음,승용,남,39세,경상
2014050700100285,2014년 5월 7일 13시,수요일,대전광역시 동구 하소동,경상사고,0,0,1,0,차량단독 - 공작물충돌,기타,건조,맑음,단일로 - 기타,승합,남,54세,상해없음,,,,
2014050700100331,2014년 5월 7일 14시,수요일,대전광역시 중구 오류동,중상사고,0,1,0,0,차대차 - 측면직각충돌,신호위반,건조,맑음,교차로 - 교차로안,승용,남,64세,상해없음,원동기,남,68세,중상
2014050700100403,2014년 5월 7일 16시,수요일,대전광역시 대덕구 비래동,중상사고,0,1,0,0,차대차 - 정면충돌,중앙선침범,건조,맑음,단일로 - 기타,승용,남,53세,상해없음,이륜,남,24세,중상
2014050700100439,2014년 5월 7일 17시,수요일,대전광역시 중구 대흥동,경상사고,0,0,1,0,차대차 - 측면직각충돌,안전운전불이행,건조,맑음,단일로 - 기타,화물,남,49세,상해없음,승용,남,76세,상해없음
2014050700100492,2014년 5월 7일 18시,수요일,대전광역시 대덕구 중리동,경상사고,0,0,2,0,차대차 - 기타,안전운전불이행,건조,맑음,교차로 - 교차로안,승용,남,39세,상해없음,승용,여,41세,경상
2014050700100525,2014년 5월 7일 19시,수요일,대전광역시 서구 도마동,경상사고,0,0,1,0,차대사람 - 보도통행중,기타,건조,기타,단일로 - 기타,자전거,남,52세,상해없음,보행자,남,24세,경상
2014050700100526,2014년 5월 7일 19시,수요일,대전광역시 대덕구 법동,중상사고,0,1,0,0,차대차 - 기타,안전운전불이행,건조,맑음,교차로 - 교차로안,화물,남,39세,상해없음,자전거,남,33세,중상
2014050700100527,2014년 5월 7일 19시,수요일,대전광역시 서구 둔산동,경상사고,0,0,2,0,차대차 - 추돌 - 주정차중,안전운전불이행,건조,맑음,단일로 - 기타,승용,남,56세,상해없음,승용,남,22세,경상
2014050700100566,2014년 5월 7일 20시,수요일,대전광역시 대덕구 덕암동,중상사고,0,1,0,0,차대사람 - 기타,안전운전불이행,건조,맑음,단일로 - 기타,승용,남,48세,기타불명,보행자,여,35세,중상
2014050700100608,2014년 5월 7일 21시,수요일,대전광역시 동구 가양동,중상사고,0,1,0,0,차대사람 - 길가장자리구역통행중,안전운전불이행,건조,맑음,교차로 - 교차로부근,승합,남,55세,상해없음,보행자,여,49세,중상
2014050700100677,2014년 5월 7일 23시,수요일,대전광역시 서구 갈마동,경상사고,0,0,1,0,차대차 - 추돌 - 주정차중,안전운전불이행,습기,비,단일로 - 기타,승용,남,22세,상해없음,화물,남,54세,경상
2014050800100120,2014년 5월 8일 07시,목요일,대전광역시 유성구 봉명동,경상사고,0,0,6,0,차대차 - 측면직각충돌,신호위반,건조,맑음,교차로 - 교차로안,승합,남,58세,상해없음,승용,남,33세,경상
2014050800100169,2014년 5월 8일 08시,목요일,대전광역시 유성구 장대동,중상사고,0,1,1,0,차대차 - 추돌 - 주정차중,안전거리미확보,건조,맑음,단일로 - 기타,승합,남,65세,상해없음,승용,남,57세,경상
2014050800100221,2014년 5월 8일 10시,목요일,대전광역시 대덕구 오정동,경상사고,0,0,1,0,차대차 - 추돌 - 주정차중,안전운전불이행,건조,맑음,단일로 - 기타,승합,남,47세,상해없음,승용,여,53세,경상
2014050800100256,2014년 5월 8일 11시,목요일,대전광역시 서구 갈마동,경상사고,0,0,2,0,차대차 - 기타,안전거리미확보,건조,맑음,단일로 - 기타,승합,남,40세,상해없음,승용,여,28세,경상
2014050800100350,2014년 5월 8일 14시,목요일,대전광역시 동구 용전동,사망사고,1,1,1,0,차대차 - 측면직각충돌,중앙선침범,건조,맑음,미분류 - 미분류,이륜,남,16세,중상,화물,남,63세,경상
2014050800100351,2014년 5월 8일 14시,목요일,대전광역시 대덕구 읍내동,경상사고,0,0,2,1,차대차 - 측면직각충돌,신호위반,건조,맑음,교차로 - 교차로안,승용,여,46세,상해없음,승용,남,70세,경상
2014050800100530,2014년 5월 8일 18시,목요일,대전광역시 서구 갈마동,중상사고,0,1,0,0,차대사람 - 횡단중,보행자보호의무위반,건조,맑음,단일로 - 횡단보도상,승합,남,59세,상해없음,보행자,여,50세,중상
2014050800100531,2014년 5월 8일 18시,목요일,대전광역시 서구 갈마동,경상사고,0,0,1,0,차대사람 - 길가장자리구역통행중,안전운전불이행,건조,맑음,단일로 - 기타,승용,기타불명,기타불명,기타불명,보행자,남,27세,경상
2014050800100575,2014년 5월 8일 19시,목요일,대전광역시 동구 가오동,중상사고,0,1,0,0,차대차 - 측면직각충돌,안전운전불이행,건조,맑음,교차로 - 교차로안,승용,여,46세,상해없음,자전거,남,36세,중상
2014050800100576,2014년 5월 8일 19시,목요일,대전광역시 유성구 봉명동,경상사고,0,0,7,0,차대차 - 추돌 - 주정차중,안전거리미확보,건조,맑음,단일로 - 기타,승용,남,16세,상해없음,승합,남,35세,경상
2014050800100577,2014년 5월 8일 19시,목요일,대전광역시 서구 둔산동,경상사고,0,0,1,0,차대차 - 기타,차로위반,건조,맑음,단일로 - 기타,승용,남,54세,상해없음,원동기,남,19세,경상
2014050800100697,2014년 5월 8일 23시,목요일,대전광역시 서구 복수동,경상사고,0,0,1,0,차대사람 - 길가장자리구역통행중,중앙선침범,건조,맑음,단일로 - 기타,승용,남,26세,상해없음,보행자,남,31세,경상
2014050800100698,2014년 5월 8일 23시,목요일,대전광역시 서구 둔산동,중상사고,0,1,0,0,차대차 - 측면직각충돌,신호위반,건조,맑음,교차로 - 교차로안,승용,남,63세,상해없음,승용,남,47세,중상
2014050900100017,2014년 5월 9일 00시,금요일,대전광역시 유성구 하기동,중상사고,0,2,2,0,차대차 - 측면직각충돌,교차로운행방법위반,건조,맑음,교차로 - 교차로안,승용,남,28세,상해없음,승용,여,35세,경상
2014050900100036,2014년 5월 9일 03시,금요일,대전광역시 서구 둔산동,중상사고,0,1,0,0,차대차 - 추돌 - 진행중,안전운전불이행,건조,맑음,단일로 - 기타,특수,기타불명,기타불명,기타불명,자전거,남,37세,중상
2014050900100042,2014년 5월 9일 04시,금요일,대전광역시 대덕구 비래동,중상사고,0,2,0,0,차대차 - 추돌 - 주정차중,안전운전불이행,건조,맑음,교차로 - 교차로안,화물,남,33세,상해없음,화물,남,65세,중상
2014050900100179,2014년 5월 9일 09시,금요일,대전광역시 서구 내동,경상사고,0,0,2,0,차대차 - 기타,신호위반,건조,맑음,교차로 - 교차로안,승용,남,65세,상해없음,승합,여,49세,상해없음
2014050900100213,2014년 5월 9일 10시,금요일,대전광역시 중구 대흥동,경상사고,0,0,1,0,차대차 - 측면직각충돌,안전운전불이행,건조,맑음,단일로 - 횡단보도상,승용,여,57세,상해없음,자전거,남,58세,경상
2014050900100214,2014년 5월 9일 10시,금요일,대전광역시 대덕구 중리동,경상사고,0,0,1,0,차대차 - 추돌 - 주정차중,안전운전불이행,건조,맑음,단일로 - 기타,승용,남,40세,상해없음,승용,여,31세,경상
2014050900100299,2014년 5월 9일 13시,금요일,대전광역시 동구 판암동,중상사고,0,1,0,0,차량단독 - 기타,기타,건조,맑음,단일로 - 기타,승합,남,43세,상해없음,,,,
2014050900100374,2014년 5월 9일 15시,금요일,대전광역시 중구 선화동,경상사고,0,0,1,0,차대사람 - 기타,안전운전불이행,건조,맑음,단일로 - 기타,기타불명,기타불명,기타불명,기타불명,보행자,여,50세,경상
2014050900100477,2014년 5월 9일 17시,금요일,대전광역시 대덕구 덕암동,중상사고,0,1,0,0,차대차 - 측면직각충돌,교차로운행방법위반,건조,맑음,교차로 - 교차로안,원동기,남,60세,중상,화물,남,38세,상해없음
2014050900100478,2014년 5월 9일 17시,금요일,대전광역시 서구 둔산동,중상사고,0,1,2,0,차대차 - 기타,교차로운행방법위반,건조,맑음,교차로 - 교차로안,화물,남,55세,상해없음,승용,여,41세,중상
2014050900100479,2014년 5월 9일 17시,금요일,대전광역시 서구 둔산동,경상사고,0,0,2,0,차대차 - 추돌 - 진행중,안전운전불이행,건조,맑음,단일로 - 기타,승용,여,53세,상해없음,승용,남,30세,경상
2014050900100551,2014년 5월 9일 19시,금요일,대전광역시 대덕구 목상동,경상사고,0,0,4,0,차대차 - 추돌 - 진행중,안전운전불이행,건조,맑음,단일로 - 기타,승용,남,68세,상해없음,승용,남,30세,경상
2014050900100572,2014년 5월 9일 19시,금요일,대전광역시 동구 용운동,경상사고,0,0,1,0,차대차 - 측면직각충돌,중앙선침범,건조,맑음,단일로 - 기타,승용,남,62세,상해없음,승용,남,41세,경상
2014050900100573,2014년 5월 9일 19시,금요일,대전광역시 동구 중동,경상사고,0,0,1,0,차대사람 - 횡단중,보행자보호의무위반,건조,맑음,교차로 - 교차로안,승용,남,52세,상해없음,보행자,여,74세,경상
2014050900100600,2014년 5월 9일 20시,금요일,대전광역시 유성구 교촌동,경상사고,0,0,2,0,차대차 - 추돌 - 주정차중,안전운전불이행,건조,맑음,교차로 - 교차로부근,화물,남,53세,상해없음,승용,여,40세,경상
2014050900100644,2014년 5월 9일 21시,금요일,대전광역시 서구 탄방동,경상사고,0,0,1,0,차대차 - 측면직각충돌,중앙선침범,건조,맑음,단일로 - 기타,승용,남,32세,상해없음,승용,남,32세,경상
2014050900100692,2014년 5월 9일 22시,금요일,대전광역시 서구 도마동,경상사고,0,0,1,0,차대차 - 추돌 - 주정차중,안전운전불이행,건조,맑음,교차로 - 교차로안,승용,남,54세,상해없음,이륜,남,41세,경상
2014050900100728,2014년 5월 9일 23시,금요일,대전광역시 유성구 노은동,경상사고,0,0,1,0,차대차 - 기타,교차로운행방법위반,건조,맑음,교차로 - 교차로안,자전거,남,24세,경상,승용,남,30세,상해없음
2014051000100022,2014년 5월 10일 00시,토요일,대전광역시 중구 산성동,경상사고,0,0,3,0,차대차 - 정면충돌,신호위반,건조,맑음,교차로 - 교차로안,승용,남,45세,상해없음,승용,여,56세,경상
2014051000100023,2014년 5월 10일 00시,토요일,대전광역시 서구 둔산동,중상사고,0,1,1,0,차대차 - 추돌 - 주정차중,안전운전불이행,건조,맑음,교차로 - 교차로부근,승용,남,24세,상해없음,승용,여,25세,경상
2014051000100073,2014년 5월 10일 03시,토요일,대전광역시 서구 둔산동,중상사고,0,1,0,0,차대사람 - 기타,안전운전불이행,건조,맑음,단일로 - 기타,승용,남,26세,상해없음,보행자,여,18세,중상
2014051000100099,2014년 5월 10일 05시,토요일,대전광역시 서구 월평동,중상사고,0,1,0,0,차대차 - 측면직각충돌,신호위반,건조,맑음,교차로 - 교차로안,승용,남,59세,상해없음,승용,여,47세,중상
2014051000100128,2014년 5월 10일 07시,토요일,대전광역시 서구 도마동,경상사고,0,0,1,0,차대차 - 측면직각충돌,신호위반,건조,맑음,교차로 - 교차로안,승용,남,30세,상해없음,승합,남,53세,상해없음
2014051000100129,2014년 5월 10일 07시,토요일,대전광역시 서구 둔산동,중상사고,0,1,1,0,차대차 - 측면직각충돌,신호위반,건조,맑음,교차로 - 교차로안,승용,남,55세,기타불명,승용,남,57세,경상
2014051000100205,2014년 5월 10일 10시,토요일,대전광역시 동구 대별동,중상사고,0,1,0,0,차대차 - 기타,신호위반,건조,맑음,단일로 - 교량,화물,남,33세,상해없음,승용,여,38세,중상
2014051000100218,2014년 5월 10일 10시,토요일,대전광역시 대덕구 오정동,중상사고,0,1,0,0,차량단독 - 기타,기타,건조,맑음,교차로 - 교차로안,승합,남,46세,상해없음,,,,
2014051000100219,2014년 5월 10일 10시,토요일,대전광역시 유성구 대정동,경상사고,0,0,1,0,차대차 - 기타,신호위반,건조,맑음,교차로 - 교차로안,승용,여,51세,상해없음,승용,여,54세,경상
2014051000100256,2014년 5월 10일 11시,토요일,대전광역시 서구 월평동,경상사고,0,0,2,0,차대차 - 기타,안전운전불이행,건조,맑음,단일로 - 기타,이륜,남,31세,상해없음,승용,여,57세,경상
2014051000100293,2014년 5월 10일 12시,토요일,대전광역시 중구 산성동,경상사고,0,0,1,0,차대차 - 기타,안전운전불이행,건조,맑음,교차로 - 교차로부근,승용,남,52세,상해없음,이륜,남,37세,경상
2014051000100294,2014년 5월 10일 12시,토요일,대전광역시 유성구 도룡동,경상사고,0,0,2,0,차대차 - 기타,안전운전불이행,건조,맑음,단일로 - 기타,승용,여,30세,상해없음,승용,남,61세,경상
2014051000100333,2014년 5월 10일 13시,토요일,대전광역시 중구 문창동,경상사고,0,0,2,0,차대차 - 추돌 - 진행중,안전운전불이행,건조,맑음,교차로 - 교차로부근,승용,남,30세,상해없음,승용,남,40세,경상
2014051000100378,2014년 5월 10일 14시,토요일,대전광역시 중구 문화동,중상사고,0,1,0,0,차대차 - 측면직각충돌,안전운전불이행,건조,맑음,단일로 - 기타,이륜,남,18세,상해없음,승용,여,30세,중상