사고번호,사고일시,요일,시군구,사고내용,사망자수,중상자수,경상자수,부상신고자수,사고유형,법규위반,노면상태,기상상태,도로형태,가해운전자 차종,가해운전자 성별,가해운전자 연령,가해운전자 상해정도,피해운전자 차종,피해운전자 성별,피해운전자 연령,피해운전자 상해정도
2014051000100443,2014년 5월 10일 16시,토요일,대전광역시 서구 둔산동,경상사고,0,0,1,0,차대차 - 기타,안전운전불이행,건조,맑음,기타 - 기타,자전거,남,23세,경상,자전거,남,16세,상해없음
2014051000100493,2014년 5월 10일 17시,토요일,대전광역시 동구 용전동,경상사고,0,0,1,0,차대차 - 기타,안전거리미확보,건조,맑음,단일로 - 기타,승용,남,58세,상해없음,승용,여,40세,경상
2014051000100524,2014년 5월 10일 18시,토요일,대전광역시 유성구 관평동,중상사고,0,2,0,0,차대차 - 측면직각충돌,신호위반,건조,맑음,교차로 - 교차로안,승용,남,27세,상해없음,승용,남,57세,중상
2014051000100525,2014년 5월 10일 18시,토요일,대전광역시 서구 둔산동,중상사고,0,1,0,0,차대차 - 기타,기타,건조,맑음,단일로 - 기타,승용,남,44세,상해없음,이륜,남,43세,중상
2014051000100562,2014년 5월 10일 19시,토요일,대전광역시 서구 괴정동,경상사고,0,0,1,0,차대사람 - 보도통행중,안전운전불이행,건조,맑음,기타 - 기타,자전거,남,19세,상해없음,보행자,남,2세,경상
2014051000100633,2014년 5월 10일 21시,토요일,대전광역시 서구 둔산동,경상사고,0,0,3,0,차대차 - 기타,신호위반,건조,맑음,교차로 - 교차로안,승용,남,39세,상해없음,승용,남,35세,경상
2014051000100670,2014년 5월 10일 22시,토요일,대전광역시 중구 태평동,경상사고,0,0,1,0,차대사람 - 횡단중,안전운전불이행,건조,맑음,단일로 - 기타,승용,남,56세,상해없음,보행자,남,49세,경상
2014051100100026,2014년 5월 11일 00시,일요일,대전광역시 동구 가양동,중상사고,0,1,0,0,차대사람 - 횡단중,안전운전불이행,건조,맑음,단일로 - 기타,승용,남,56세,상해없음,보행자,남,36세,중상
2014051100100085,2014년 5월 11일 04시,일요일,대전광역시 유성구 도룡동,경상사고,0,0,3,0,차대차 - 기타,안전운전불이행,건조,맑음,단일로 - 기타,승용,남,23세,상해없음,승용,남,51세,경상
2014051100100140,2014년 5월 11일 09시,일요일,대전광역시 동구 용운동,경상사고,0,0,1,0,차대차 - 추돌 - 진행중,중앙선침범,건조,맑음,교차로 - 교차로부근,승용,남,25세,상해없음,승합,남,53세,상해없음
2014051100100165,2014년 5월 11일 10시,일요일,대전광역시 대덕구 덕암동,중상사고,0,1,0,0,차대사람 - 차도통행중,안전운전불이행,건조,맑음,단일로 - 기타,승용,남,70세,기타불명,보행자,남,49세,중상
2014051100100291,2014년 5월 11일 16시,일요일,대전광역시 서구 변동,경상사고,0,0,2,0,차대차 - 정면충돌,신호위반,습기,비,교차로 - 교차로안,승용,남,51세,상해없음,승용,남,33세,경상
2014051100100334,2014년 5월 11일 17시,일요일,대전광역시 유성구 자운동,경상사고,0,0,2,0,차대차 - 측면직각충돌,안전거리미확보,건조,맑음,단일로 - 기타,승용,남,49세,상해없음,승용,남,46세,경상
2014051100100335,2014년 5월 11일 17시,일요일,대전광역시 유성구 반석동,중상사고,0,1,0,0,차대차 - 기타,안전거리미확보,습기,비,단일로 - 기타,승용,남,33세,상해없음,이륜,여,60세,중상
2014051100100336,2014년 5월 11일 17시,일요일,대전광역시 서구 탄방동,경상사고,0,0,2,0,차대사람 - 보도통행중,보행자보호의무위반,건조,맑음,단일로 - 횡단보도상,승용,남,21세,상해없음,보행자,남,20세,경상
2014051100100462,2014년 5월 11일 20시,일요일,대전광역시 유성구 어은동,경상사고,0,0,1,0,차량단독 - 기타,기타,습기,비,단일로 - 기타,승합,남,56세,상해없음,,,,
2014051200100031,2014년 5월 12일 00시,월요일,대전광역시 서구 도마동,경상사고,0,0,1,0,차대차 - 추돌 - 주정차중,중앙선침범,건조,기타,교차로 - 교차로부근,승용,남,27세,상해없음,승용,남,36세,경상
2014051200100137,2014년 5월 12일 08시,월요일,대전광역시 중구 석교동,중상사고,0,1,0,0,차대차 - 기타,불법유턴,건조,맑음,기타 - 기타,승용,여,43세,상해없음,승용,여,45세,중상
2014051200100164,2014년 5월 12일 09시,월요일,대전광역시 서구 흑석동,경상사고,0,0,1,0,차대차 - 정면충돌,신호위반,건조,맑음,교차로 - 교차로안,승용,남,56세,상해없음,승합,남,59세,경상
2014051200100227,2014년 5월 12일 11시,월요일,대전광역시 동구 자양동,경상사고,0,0,2,0,차대차 - 측면직각충돌,안전거리미확보,건조,맑음,단일로 - 기타,승용,남,24세,상해없음,승용,남,30세,경상
2014051200100228,2014년 5월 12일 11시,월요일,대전광역시 유성구 궁동,중상사고,0,1,0,0,차대사람 - 보도통행중,보행자보호의무위반,건조,맑음,단일로 - 횡단보도상,승용,남,52세,상해없음,보행자,남,71세,중상
2014051200100290,2014년 5월 12일 13시,월요일,대전광역시 중구 유천동,경상사고,0,0,3,0,차대차 - 추돌 - 주정차중,안전운전불이행,건조,맑음,단일로 - 기타,승용,여,55세,상해없음,승용,남,81세,경상
2014051200100291,2014년 5월 12일 13시,월요일,대전광역시 중구 석교동,경상사고,0,0,1,0,차대차 - 측면직각충돌,신호위반,건조,맑음,교차로 - 교차로안,화물,남,45세,상해없음,승용,남,37세,경상
2014051200100314,2014년 5월 12일 14시,월요일,대전광역시 서구 둔산동,경상사고,0,0,1,0,차대사람 - 횡단중,안전운전불이행,건조,맑음,단일로 - 기타,승용,여,52세,상해없음,보행자,여,39세,경상
2014051200100356,2014년 5월 12일 15시,월요일,대전광역시 동구 용운동,경상사고,0,0,1,0,차대사람 - 횡단중,신호위반,건조,맑음,교차로 - 교차로부근,승용,기타불명,기타불명,기타불명,보행자,남,10세,경상
2014051200100357,2014년 5월 12일 15시,월요일,대전광역시 동구 인동,중상사고,0,2,0,0,차대차 - 측면직각충돌,중앙선침범,건조,맑음,교차로 - 교차로부근,화물,남,30세,상해없음,승용,남,55세,중상
2014051200100394,2014년 5월 12일 16시,월요일,대전광역시 중구 유천동,경상사고,0,0,3,0,차대차 - 측면직각충돌,신호위반,건조,맑음,교차로 - 교차로안,승용,남,72세,상해없음,승용,여,65세,상해없음
2014051200100395,2014년 5월 12일 16시,월요일,대전광역시 중구 유천동,경상사고,0,0,2,0,차대차 - 추돌 - 주정차중,안전운전불이행,건조,맑음,교차로 - 교차로부근,승용,남,24세,상해없음,화물,남,48세,경상
2014051200100478,2014년 5월 12일 18시,월요일,대전광역시 서구 복수동,경상사고,0,0,1,0,차대사람 - 횡단중,기타,건조,맑음,단일로 - 기타,승용,여,40세,상해없음,보행자,남,11세,경상
2014051200100479,2014년 5월 12일 18시,월요일,대전광역시 서구 도마동,경상사고,0,0,4,0,차대차 - 측면직각충돌,안전운전불이행,건조,맑음,교차로 - 교차로부근,승용,여,46세,경상,승용,남,34세,경상
2014051200100589,2014년 5월 12일 22시,월요일,대전광역시 유성구 궁동,부상신고사고,0,0,0,1,차대사람 - 기타,안전운전불이행,건조,맑음,교차로 - 교차로안,승용,기타불명,기타불명,기타불명,보행자,여,23세,부상신고
2014051200100590,2014년 5월 12일 22시,월요일,대전광역시 유성구 학하동,중상사고,0,1,0,0,차대차 - 측면직각충돌,신호위반,건조,맑음,교차로 - 교차로안,승합,남,48세,상해없음,승용,여,42세,중상
2014051200100609,2014년 5월 12일 23시,월요일,대전광역시 중구 산성동,경상사고,0,0,2,0,차대차 - 추돌 - 주정차중,안전운전불이행,건조,맑음,단일로 - 기타,승용,남,45세,상해없음,승용,남,60세,경상
2014051300100029,2014년 5월 13일 01시,화요일,대전광역시 동구 가오동,중상사고,0,1,0,0,차대차 - 측면직각충돌,신호위반,건조,맑음,교차로 - 교차로안,승용,남,60세,상해없음,이륜,남,16세,중상
2014051300100066,2014년 5월 13일 06시,화요일,대전광역시 서구 탄방동,경상사고,0,0,1,0,차대차 - 기타,안전운전불이행,건조,맑음,단일로 - 기타,승용,남,51세,상해없음,승용,여,44세,경상
2014051300100101,2014년 5월 13일 07시,화요일,대전광역시 서구 월평동,중상사고,0,1,0,0,차대차 - 기타,안전거리미확보,건조,맑음,단일로 - 기타,승용,남,52세,상해없음,승용,남,48세,중상
2014051300100149,2014년 5월 13일 08시,화요일,대전광역시 중구 선화동,중상사고,0,1,0,0,차대사람 - 횡단중,보행자보호의무위반,건조,맑음,교차로 - 교차로안,승용,여,39세,상해없음,보행자,여,26세,중상
2014051300100150,2014년 5월 13일 08시,화요일,대전광역시 동구 용운동,중상사고,0,1,0,0,차대사람 - 길가장자리구역통행중,안전운전불이행,건조,맑음,단일로 - 기타,승용,여,42세,상해없음,보행자,여,56세,중상
2014051300100182,2014년 5월 13일 09시,화요일,대전광역시 서구 둔산동,경상사고,0,0,1,0,차대차 - 추돌 - 주정차중,안전운전불이행,건조,맑음,단일로 - 기타,승용,여,56세,상해없음,승용,여,51세,경상
2014051300100241,2014년 5월 13일 11시,화요일,대전광역시 동구 용전동,경상사고,0,0,1,0,차대차 - 추돌 - 주정차중,안전운전불이행,건조,맑음,단일로 - 기타,화물,남,56세,상해없음,승용,여,44세,경상
2014051300100267,2014년 5월 13일 12시,화요일,대전광역시 서구 갈마동,사망사고,1,1,0,0,차대차 - 기타,안전운전불이행,건조,맑음,단일로 - 교량,화물,남,57세,사망,승용,여,51세,중상
2014051300100285,2014년 5월 13일 13시,화요일,대전광역시 중구 태평동,경상사고,0,0,1,0,차대차 - 측면직각충돌,신호위반,건조,맑음,교차로 - 교차로안,승용,여,44세,상해없음,승용,여,30세,경상
2014051300100370,2014년 5월 13일 15시,화요일,대전광역시 중구 선화동,경상사고,0,0,1,0,차대차 - 추돌 - 진행중,안전운전불이행,건조,맑음,단일로 - 기타,승용,남,47세,상해없음,승용,남,46세,경상
2014051300100491,2014년 5월 13일 18시,화요일,대전광역시 동구 가양동,경상사고,0,0,1,0,차대사람 - 횡단중,안전운전불이행,건조,맑음,단일로 - 기타,승용,여,40세,상해없음,보행자,여,4세,경상
2014051300100519,2014년 5월 13일 19시,화요일,대전광역시 동구 가양동,경상사고,0,0,1,0,차대사람 - 횡단중,보행자보호의무위반,건조,맑음,단일로 - 횡단보도상,화물,남,55세,상해없음,보행자,여,24세,경상
2014051300100637,2014년 5월 13일 23시,화요일,대전광역시 대덕구 중리동,경상사고,0,0,2,0,차대차 - 측면직각충돌,중앙선침범,건조,맑음,단일로 - 기타,승용,남,40세,상해없음,승용,남,45세,경상
2014051400100019,2014년 5월 14일 00시,수요일,대전광역시 서구 갈마동,중상사고,0,1,0,0,차대차 - 측면직각충돌,신호위반,건조,맑음,교차로 - 교차로안,승용,여,45세,상해없음,승용,남,25세,중상
2014051400100020,2014년 5월 14일 00시,수요일,대전광역시 유성구 구암동,부상신고사고,0,0,0,1,차대사람 - 횡단중,신호위반,건조,맑음,교차로 - 교차로안,승용,남,29세,상해없음,보행자,남,52세,부상신고
2014051400100063,2014년 5월 14일 04시,수요일,대전광역시 중구 석교동,경상사고,0,0,2,0,차대차 - 측면직각충돌,신호위반,건조,맑음,교차로 - 교차로안,승용,여,51세,경상,승합,남,41세,경상
2014051400100147,2014년 5월 14일 08시,수요일,대전광역시 대덕구 대화동,경상사고,0,0,1,0,차대차 - 측면직각충돌,안전운전불이행,건조,맑음,교차로 - 교차로부근,승용,남,59세,상해없음,화물,여,31세,경상
2014051400100180,2014년 5월 14일 09시,수요일,대전광역시 유성구 관평동,경상사고,0,0,1,0,차대차 - 측면직각충돌,신호위반,건조,맑음,교차로 - 교차로안,승용,남,35세,상해없음,승용,여,39세,경상
2014051400100279,2014년 5월 14일 12시,수요일,대전광역시 유성구 원내동,중상사고,0,1,0,0,차대차 - 추돌 - 진행중,안전운전불이행,건조,맑음,교차로 - 교차로부근,승용,남,56세,상해없음,승용,여,28세,중상
2014051400100280,2014년 5월 14일 12시,수요일,대전광역시 서구 둔산동,경상사고,0,0,1,0,차대차 - 추돌 - 진행중,안전운전불이행,건조,맑음,단일로 - 기타,승용,여,27세,상해없음,승용,여,44세,경상
2014051400100281,2014년 5월 14일 12시,수요일,대전광역시 서구 탄방동,경상사고,0,0,1,0,차대차 - 추돌 - 주정차중,안전운전불이행,건조,맑음,단일로 - 기타,승용,남,58세,상해없음,승용,여,54세,경상
2014051400100314,2014년 5월 14일 13시,수요일,대전광역시 동구 가오동,중상사고,0,1,0,0,차대차 - 측면직각충돌,안전거리미확보,건조,맑음,교차로 - 교차로안,승용,여,41세,상해없음,원동기,남,79세,중상
2014051400100315,2014년 5월 14일 13시,수요일,대전광역시 서구 탄방동,경상사고,0,0,1,0,차대차 - 측면직각충돌,교차로운행방법위반,건조,맑음,교차로 - 교차로안,승용,여,52세,상해없음,승용,여,60세,경상
2014051400100355,2014년 5월 14일 14시,수요일,대전광역시 서구 탄방동,경상사고,0,0,1,0,차대차 - 추돌 - 진행중,안전거리미확보,건조,맑음,교차로 - 교차로부근,승용,여,48세,상해없음,승용,남,40세,경상
2014051400100398,2014년 5월 14일 15시,수요일,대전광역시 유성구 탑립동,경상사고,0,0,1,0,차대차 - 측면직각충돌,중앙선침범,건조,맑음,단일로 - 기타,승용,남,58세,상해없음,승용,남,28세,경상
2014051400100423,2014년 5월 14일 16시,수요일,대전광역시 동구 용전동,경상사고,0,0,1,0,차대차 - 측면직각충돌,안전운전불이행,건조,맑음,단일로 - 기타,화물,남,35세,상해없음,승용,남,71세,상해없음
2014051400100424,2014년 5월 14일 16시,수요일,대전광역시 동구 가오동,경상사고,0,0,1,0,차대차 - 추돌 - 진행중,안전운전불이행,건조,맑음,교차로 - 교차로부근,승합,남,65세,상해없음,자전거,여,70세,경상
2014051400100425,2014년 5월 14일 16시,수요일,대전광역시 대덕구 비래동,사망사고,2,0,0,0,차량단독 - 공작물충돌,안전운전불이행,건조,맑음,교차로 - 교차로부근,화물,남,54세,사망,,,,
2014051400100474,2014년 5월 14일 17시,수요일,대전광역시 유성구 봉명동,경상사고,0,0,1,0,차대차 - 추돌 - 진행중,안전거리미확보,건조,맑음,단일로 - 기타,승용,여,36세,상해없음,승용,남,50세,경상
2014051400100509,2014년 5월 14일 18시,수요일,대전광역시 서구 갈마동,중상사고,0,1,0,0,차대사람 - 기타,기타,건조,맑음,단일로 - 기타,원동기,남,31세,상해없음,보행자,남,12세,중상
2014051400100633,2014년 5월 14일 21시,수요일,대전광역시 동구 성남동,중상사고,0,1,0,0,차대사람 - 횡단중,신호위반,건조,맑음,단일로 - 횡단보도상,승용,남,18세,상해없음,보행자,여,8세,중상
2014051400100634,2014년 5월 14일 21시,수요일,대전광역시 동구 용전동,경상사고,0,0,1,0,차대차 - 측면직각충돌,안전거리미확보,건조,맑음,단일로 - 횡단보도부근,승용,남,57세,상해없음,승용,남,50세,경상
2014051400100635,2014년 5월 14일 21시,수요일,대전광역시 동구 가양동,경상사고,0,0,3,0,차대차 - 추돌 - 진행중,안전거리미확보,건조,맑음,교차로 - 교차로안,승용,남,21세,경상,승용,여,25세,경상
2014051400100666,2014년 5월 14일 22시,수요일,대전광역시 서구 관저동,경상사고,0,0,2,0,차대차 - 추돌 - 진행중,안전운전불이행,건조,맑음,교차로 - 교차로부근,화물,남,47세,상해없음,승용,남,62세,경상
2014051500100046,2014년 5월 15일 01시,목요일,대전광역시 유성구 지족동,경상사고,0,0,1,0,차대차 - 추돌 - 진행중,안전운전불이행,건조,맑음,교차로 - 교차로부근,화물,남,57세,상해없음,승용,남,31세,경상
2014051500100125,2014년 5월 15일 07시,목요일,대전광역시 중구 부사동,중상사고,0,1,0,0,차대차 - 측면직각충돌,교차로운행방법위반,건조,맑음,교차로 - 교차로안,승용,남,52세,상해없음,자전거,여,60세,중상
2014051500100164,2014년 5월 15일 08시,목요일,대전광역시 중구 대흥동,중상사고,0,1,0,0,차대사람 - 횡단중,보행자보호의무위반,건조,맑음,단일로 - 횡단보도상,승용,남,38세,상해없음,보행자,여,10세,중상
2014051500100202,2014년 5월 15일 09시,목요일,대전광역시 유성구 구성동,중상사고,0,1,0,0,차대차 - 기타,중앙선침범,건조,맑음,단일로 - 기타,승용,남,47세,상해없음,이륜,남,30세,중상
2014051500100203,2014년 5월 15일 09시,목요일,대전광역시 유성구 계산동,경상사고,0,0,2,0,차대차 - 기타,교차로운행방법위반,건조,맑음,교차로 - 교차로안,승용,여,45세,상해없음,승용,여,31세,경상
2014051500100262,2014년 5월 15일 11시,목요일,대전광역시 동구 용운동,중상사고,0,1,0,0,차대사람 - 횡단중,보행자보호의무위반,건조,맑음,교차로 - 교차로부근,승용,남,26세,상해없음,보행자,남,74세,중상
2014051500100296,2014년 5월 15일 12시,목요일,대전광역시 유성구 지족동,중상사고,0,1,0,0,차량단독 - 기타,안전운전불이행,건조,맑음,기타 - 기타,자전거,남,17세,중상,,,,
2014051500100332,2014년 5월 15일 13시,목요일,대전광역시 동구 성남동,중상사고,0,1,0,0,차대사람 - 횡단중,안전운전불이행,건조,맑음,교차로 - 교차로부근,건설기계,남,54세,상해없음,보행자,남,22세,중상
2014051500100333,2014년 5월 15일 13시,목요일,대전광역시 대덕구 석봉동,경상사고,0,0,1,0,차대차 - 추돌 - 주정차중,안전운전불이행,건조,맑음,미분류 - 미분류,승용,남,58세,상해없음,승용,여,44세,경상
2014051500100468,2014년 5월 15일 16시,목요일,대전광역시 서구 탄방동,중상사고,0,2,0,0,차대차 - 기타,중앙선침범,건조,맑음,단일로 - 기타,승용,남,63세,상해없음,승용,남,52세,중상
2014051500100607,2014년 5월 15일 19시,목요일,대전광역시 중구 안영동,경상사고,0,0,2,0,차대차 - 측면직각충돌,차로위반,건조,맑음,단일로 - 기타,화물,남,46세,상해없음,승용,남,60세,경상
2014051500100622,2014년 5월 15일 19시,목요일,대전광역시 서구 둔산동,경상사고,0,0,1,0,차대차 - 추돌 - 진행중,안전거리미확보,건조,맑음,교차로 - 교차로부근,승용,여,67세,상해없음,원동기,남,18세,경상
2014051500100655,2014년 5월 15일 20시,목요일,대전광역시 중구 옥계동,중상사고,0,1,0,0,차대차 - 기타,중앙선침범,건조,맑음,단일로 - 기타,승용,여,42세,상해없음,자전거,여,67세,중상
2014051500100695,2014년 5월 15일 21시,목요일,대전광역시 동구 인동,경상사고,0,0,1,0,차대차 - 측면직각충돌,안전운전불이행,건조,맑음,교차로 - 교차로안,승용,여,33세,상해없음,자전거,남,64세,경상
2014051500100696,2014년 5월 15일 21시,목요일,대전광역시 동구 대동,경상사고,0,0,1,0,차대사람 - 횡단중,안전운전불이행,건조,맑음,단일로 - 기타,승용,여,49세,상해없음,보행자,남,37세,경상
2014051500100697,2014년 5월 15일 21시,목요일,대전광역시 유성구 봉명동,중상사고,0,1,0,0,차대차 - 추돌 - 진행중,안전거리미확보,건조,맑음,단일로 - 기타,승용,남,52세,상해없음,승용,남,56세,중상
2014051600100022,2014년 5월 16일 00시,금요일,대전광역시 중구 대사동,경상사고,0,0,2,0,차대차 - 추돌 - 주정차중,안전운전불이행,건조,맑음,교차로 - 교차로부근,승용,남,41세,상해없음,화물,남,53세,경상
2014051600100074,2014년 5월 16일 05시,금요일,대전광역시 서구 월평동,중상사고,0,1,1,0,차대차 - 측면직각충돌,교차로운행방법위반,건조,맑음,교차로 - 교차로안,승용,남,75세,상해없음,승용,남,63세,경상
2014051600100147,2014년 5월 16일 08시,금요일,대전광역시 동구 가양동,중상사고,0,1,0,0,차대사람 - 차도통행중,안전운전불이행,건조,맑음,단일로 - 기타,승용,남,64세,상해없음,보행자,남,8세,중상
2014051600100148,2014년 5월 16일 08시,금요일,대전광역시 서구 만년동,중상사고,0,1,0,0,차대차 - 기타,안전운전불이행,건조,맑음,단일로 - 횡단보도상,승용,남,41세,상해없음,자전거,남,57세,중상
2014051600100149,2014년 5월 16일 08시,금요일,대전광역시 서구 갈마동,중상사고,0,1,1,0,차대차 - 추돌 - 진행중,안전거리미확보,건조,맑음,단일로 - 기타,승용,남,53세,상해없음,승용,남,37세,경상
2014051600100184,2014년 5월 16일 09시,금요일,대전광역시 중구 사정동,경상사고,0,0,1,0,차대차 - 측면직각충돌,교차로운행방법위반,건조,맑음,교차로 - 교차로안,화물,남,48세,상해없음,승용,남,50세,경상
2014051600100232,2014년 5월 16일 11시,금요일,대전광역시 중구 유천동,경상사고,0,0,1,0,차대차 - 추돌 - 진행중,안전운전불이행,건조,맑음,교차로 - 교차로안,승합,남,48세,상해없음,승용,남,46세,경상
2014051600100307,2014년 5월 16일 13시,금요일,대전광역시 중구 태평동,경상사고,0,0,1,0,차대사람 - 길가장자리구역통행중,안전운전불이행,건조,맑음,교차로 - 교차로부근,승용,남,82세,상해없음,보행자,남,71세,경상
2014051600100308,2014년 5월 16일 13시,금요일,대전광역시 서구 둔산동,경상사고,0,0,1,0,차대차 - 추돌 - 진행중,안전거리미확보,건조,맑음,교차로 - 교차로안,승용,남,55세,상해없음,원동기,남,40세,경상
2014051600100341,2014년 5월 16일 14시,금요일,대전광역시 서구 도안동,경상사고,0,0,1,0,차량단독 - 전도전복,안전운전불이행,건조,맑음,교차로 - 교차로부근,승합,남,56세,상해없음,,,,
2014051600100419,2014년 5월 16일 16시,금요일,대전광역시 동구 자양동,중상사고,0,1,0,0,차대사람 - 보도통행중,안전운전불이행,건조,맑음,교차로 - 교차로안,승용,남,31세,상해없음,보행자,여,18세,중상
2014051600100420,2014년 5월 16일 16시,금요일,대전광역시 유성구 구암동,경상사고,0,0,1,0,차대차 - 추돌 - 주정차중,안전운전불이행,건조,맑음,교차로 - 교차로부근,승용,남,64세,상해없음,승용,남,40세,경상
2014051600100476,2014년 5월 16일 17시,금요일,대전광역시 중구 목동,중상사고,0,1,0,0,차대사람 - 횡단중,안전운전불이행,건조,맑음,단일로 - 기타,자전거,남,7세,상해없음,보행자,남,35세,중상
2014051600100477,2014년 5월 16일 17시,금요일,대전광역시 서구 정림동,경상사고,0,0,1,0,차대차 - 추돌 - 진행중,안전운전불이행,건조,맑음,단일로 - 기타,승용,남,55세,상해없음,승용,남,55세,경상
2014051600100529,2014년 5월 16일 18시,금요일,대전광역시 중구 문창동,경상사고,0,0,1,0,차대차 - 측면직각충돌,중앙선침범,건조,맑음,단일로 - 기타,승용,남,36세,상해없음,승용,남,56세,경상
2014051600100530,2014년 5월 16일 18시,금요일,대전광역시 서구 정림동,경상사고,0,0,1,0,차대차 - 추돌 - 주정차중,기타,건조,맑음,단일로 - 기타,승용,남,57세,상해없음,이륜,남,28세,경상
2014051600100562,2014년 5월 16일 19시,금요일,대전광역시 서구 둔산동,경상사고,0,0,1,0,차대차 - 기타,안전운전불이행,건조,맑음,단일로 - 기타,승합,남,40세,상해없음,승용,남,68세,경상
2014051600100599,2014년 5월 16일 20시,금요일,대전광역시 중구 유천동,경상사고,0,0,1,0,차대사람 - 횡단중,보행자보호의무위반,건조,맑음,단일로 - 횡단보도상,승용,기타불명,기타불명,기타불명,보행자,여,57세,경상
2014051600100600,2014년 5월 16일 20시,금요일,대전광역시 동구 홍도동,경상사고,0,0,2,0,차대차 - 측면직각충돌,중앙선침범,건조,맑음,단일로 - 기타,승용,남,47세,상해없음,화물,남,27세,경상
2014051600100646,2014년 5월 16일 21시,금요일,대전광역시 유성구 탑립동,경상사고,0,0,1,0,차대차 - 기타,안전운전불이행,건조,맑음,단일로 - 기타,승용,남,41세,상해없음,승용,여,51세,경상
2014051700100090,2014년 5월 17일 04시,토요일,대전광역시 서구 도안동,경상사고,0,0,2,0,차대차 - 추돌 - 주정차중,안전운전불이행,건조,맑음,교차로 - 교차로안,승용,남,50세,상해없음,승용,남,32세,경상
2014051700100121,2014년 5월 17일 06시,토요일,대전광역시 동구 홍도동,경상사고,0,0,1,0,차대차 - 측면직각충돌,중앙선침범,건조,맑음,단일로 - 기타,승용,남,28세,상해없음,승용,남,68세,경상
2014051700100255,2014년 5월 17일 11시,토요일,대전광역시 유성구 구암동,경상사고,0,0,1,0,차량단독 - 기타,안전운전불이행,건조,맑음,단일로 - 기타,승합,남,38세,상해없음,,,,
2014051700100289,2014년 5월 17일 12시,토요일,대전광역시 동구 소제동,경상사고,0,0,2,0,차대차 - 추돌 - 주정차중,안전운전불이행,건조,맑음,단일로 - 기타,승합,남,53세,상해없음,승용,남,59세,경상
2014051700100321,2014년 5월 17일 13시,토요일,대전광역시 대덕구 오정동,경상사고,0,0,2,0,차대차 - 추돌 - 주정차중,안전운전불이행,건조,맑음,단일로 - 기타,승용,남,21세,기타불명,승용,여,53세,경상
2014051700100322,2014년 5월 17일 13시,토요일,대전광역시 유성구 관평동,경상사고,0,0,2,0,차대차 - 기타,신호위반,건조,맑음,교차로 - 교차로안,승용,여,41세,상해없음,승용,남,24세,경상
2014051700100323,2014년 5월 17일 13시,토요일,대전광역시 유성구 용산동,중상사고,0,1,0,0,차대사람 - 기타,안전운전불이행,건조,맑음,단일로 - 기타,자전거,남,45세,상해없음,보행자,남,54세,중상
2014051700100416,2014년 5월 17일 15시,토요일,대전광역시 대덕구 덕암동,중상사고,0,1,1,0,차대차 - 측면직각충돌,안전운전불이행,건조,맑음,단일로 - 기타,승용,여,44세,경상,승용,남,60세,중상
2014051700100454,2014년 5월 17일 16시,토요일,대전광역시 대덕구 송촌동,경상사고,0,0,1,0,차대차 - 측면직각충돌,교차로운행방법위반,건조,맑음,교차로 - 교차로안,이륜,남,46세,상해없음,자전거,남,11세,경상
2014051700100489,2014년 5월 17일 17시,토요일,대전광역시 동구 세천동,사망사고,1,0,0,0,차량단독 - 공작물충돌,안전운전불이행,건조,맑음,단일로 - 기타,원동기,남,59세,사망,,,,
2014051700100571,2014년 5월 17일 19시,토요일,대전광역시 서구 둔산동,경상사고,0,0,1,0,차대차 - 추돌 - 진행중,안전거리미확보,건조,맑음,교차로 - 교차로부근,승용,여,58세,상해없음,승용,남,45세,경상
2014051700100572,2014년 5월 17일 19시,토요일,대전광역시 서구 둔산동,경상사고,0,0,3,0,차대차 - 측면직각충돌,신호위반,건조,맑음,교차로 - 교차로안,승용,여,52세,상해없음,승용,남,69세,경상
2014051700100605,2014년 5월 17일 20시,토요일,대전광역시 중구 유천동,중상사고,0,2,8,0,차대차 - 측면직각충돌,안전거리미확보,건조,맑음,단일로 - 기타,승용,여,36세,상해없음,승합,남,53세,상해없음
2014051700100678,2014년 5월 17일 22시,토요일,대전광역시 서구 둔산동,경상사고,0,0,3,0,차대차 - 정면충돌,신호위반,건조,맑음,교차로 - 교차로안,승용,여,51세,경상,승용,여,46세,경상
2014051700100709,2014년 5월 17일 23시,토요일,대전광역시 서구 만년동,중상사고,0,1,0,0,차대사람 - 횡단중,신호위반,건조,맑음,단일로 - 횡단보도상,승용,남,33세,상해없음,보행자,남,30세,중상
2014051800100085,2014년 5월 18일 03시,일요일,대전광역시 대덕구 중리동,경상사고,0,0,2,0,차대차 - 측면직각충돌,신호위반,건조,맑음,교차로 - 교차로안,승용,남,54세,상해없음,승용,남,72세,경상
2014051800100086,2014년 5월 18일 03시,일요일,대전광역시 유성구 봉명동,경상사고,0,0,1,0,차량단독 - 공작물충돌,안전운전불이행,건조,맑음,단일로 - 기타,승용,남,25세,경상,,,,
2014051800100087,2014년 5월 18일 03시,일요일,대전광역시 서구 갈마동,경상사고,0,0,3,0,차대차 - 측면직각충돌,중앙선침범,건조,맑음,단일로 - 기타,승용,남,39세,상해없음,승용,남,24세,경상
2014051800100111,2014년 5월 18일 05시,일요일,대전광역시 중구 태평동,경상사고,0,0,5,0,차대차 - 추돌 - 진행중,안전운전불이행,건조,흐림,교차로 - 교차로부근,승용,남,60세,상해없음,승용,남,59세,경상
2014051800100112,2014년 5월 18일 05시,일요일,대전광역시 서구 갈마동,중상사고,0,1,2,0,차대차 - 측면직각충돌,신호위반,건조,맑음,교차로 - 교차로안,승용,남,26세,상해없음,승용,남,61세,경상