사고번호,사고일시,요일,시군구,사고내용,사망자수,중상자수,경상자수,부상신고자수,사고유형,법규위반,노면상태,기상상태,도로형태,가해운전자 차종,가해운전자 성별,가해운전자 연령,가해운전자 상해정도,피해운전자 차종,피해운전자 성별,피해운전자 연령,피해운전자 상해정도
2014051800100176,2014년 5월 18일 09시,일요일,대전광역시 유성구 봉명동,중상사고,0,1,0,0,차대사람 - 기타,보행자보호의무위반,건조,맑음,단일로 - 기타,승용,남,54세,상해없음,보행자,여,29세,중상
2014051800100292,2014년 5월 18일 13시,일요일,대전광역시 서구 월평동,경상사고,0,0,1,0,차대차 - 기타,안전운전불이행,건조,맑음,단일로 - 기타,승용,남,41세,상해없음,승용,남,67세,경상
2014051800100324,2014년 5월 18일 14시,일요일,대전광역시 중구 유천동,중상사고,0,1,0,0,차대사람 - 기타,신호위반,건조,맑음,단일로 - 기타,승용,남,44세,상해없음,보행자,여,59세,중상
2014051800100325,2014년 5월 18일 14시,일요일,대전광역시 대덕구 중리동,경상사고,0,0,1,0,차대차 - 측면직각충돌,안전운전불이행,건조,맑음,교차로 - 교차로부근,승용,남,51세,상해없음,자전거,남,31세,경상
2014051800100326,2014년 5월 18일 14시,일요일,대전광역시 서구 둔산동,경상사고,0,0,5,0,차대차 - 기타,교차로운행방법위반,건조,맑음,교차로 - 교차로안,승용,남,50세,경상,승용,남,33세,경상
2014051800100356,2014년 5월 18일 15시,일요일,대전광역시 동구 삼성동,경상사고,0,0,2,0,차대차 - 추돌 - 주정차중,안전운전불이행,건조,맑음,교차로 - 교차로부근,승용,남,36세,상해없음,승용,남,45세,경상
2014051800100357,2014년 5월 18일 15시,일요일,대전광역시 유성구 관평동,중상사고,0,1,0,0,차대차 - 기타,안전운전불이행,건조,맑음,기타 - 기타,화물,남,44세,상해없음,자전거,남,12세,중상
2014051800100395,2014년 5월 18일 16시,일요일,대전광역시 동구 원동,중상사고,0,1,0,0,차대사람 - 횡단중,보행자보호의무위반,건조,맑음,단일로 - 횡단보도상,승용,여,54세,상해없음,보행자,남,83세,중상
2014051800100455,2014년 5월 18일 18시,일요일,대전광역시 유성구 방동,경상사고,0,0,1,0,차대차 - 추돌 - 주정차중,안전운전불이행,건조,맑음,단일로 - 기타,화물,남,52세,상해없음,승용,남,28세,경상
2014051800100486,2014년 5월 18일 19시,일요일,대전광역시 서구 도마동,경상사고,0,0,1,0,차대차 - 추돌 - 진행중,안전운전불이행,건조,맑음,단일로 - 기타,승용,여,24세,상해없음,승용,남,73세,경상
2014051800100587,2014년 5월 18일 22시,일요일,대전광역시 중구 유천동,경상사고,0,0,1,0,차대차 - 기타,안전운전불이행,건조,맑음,단일로 - 기타,승용,남,54세,상해없음,승합,남,52세,경상
2014051800100608,2014년 5월 18일 23시,일요일,대전광역시 동구 가양동,경상사고,0,0,2,0,차대차 - 추돌 - 진행중,안전운전불이행,건조,맑음,단일로 - 기타,승용,남,26세,상해없음,승용,남,32세,경상
2014051900100025,2014년 5월 19일 02시,월요일,대전광역시 서구 둔산동,경상사고,0,0,1,0,차대사람 - 기타,안전운전불이행,건조,맑음,단일로 - 기타,승용,남,45세,상해없음,보행자,남,50세,경상
2014051900100031,2014년 5월 19일 04시,월요일,대전광역시 대덕구 신탄진동,중상사고,0,1,0,0,차대차 - 추돌 - 진행중,안전운전불이행,건조,맑음,단일로 - 기타,승용,남,31세,상해없음,이륜,남,45세,중상
2014051900100118,2014년 5월 19일 08시,월요일,대전광역시 대덕구 중리동,경상사고,0,0,3,1,차대차 - 측면직각충돌,안전운전불이행,건조,맑음,단일로 - 기타,승용,여,47세,기타불명,승용,여,42세,경상
2014051900100119,2014년 5월 19일 08시,월요일,대전광역시 서구 만년동,경상사고,0,0,1,0,차대차 - 기타,안전운전불이행,건조,맑음,단일로 - 기타,승용,여,61세,상해없음,이륜,남,16세,경상
2014051900100301,2014년 5월 19일 14시,월요일,대전광역시 유성구 전민동,중상사고,0,1,0,0,차대사람 - 횡단중,신호위반,건조,맑음,교차로 - 교차로부근,승용,남,24세,상해없음,보행자,남,7세,중상
2014051900100340,2014년 5월 19일 15시,월요일,대전광역시 대덕구 오정동,경상사고,0,0,1,0,차대차 - 추돌 - 주정차중,안전운전불이행,건조,맑음,교차로 - 교차로부근,승용,남,48세,상해없음,승용,남,47세,경상
2014051900100341,2014년 5월 19일 15시,월요일,대전광역시 서구 둔산동,경상사고,0,0,1,0,차대차 - 측면직각충돌,안전운전불이행,건조,맑음,단일로 - 기타,승용,남,51세,상해없음,승용,남,46세,경상
2014051900100495,2014년 5월 19일 19시,월요일,대전광역시 동구 대동,경상사고,0,0,1,0,차대차 - 기타,기타,건조,맑음,단일로 - 기타,승용,남,55세,상해없음,원동기,남,58세,경상
2014051900100535,2014년 5월 19일 20시,월요일,대전광역시 동구 삼정동,경상사고,0,0,2,0,차대차 - 추돌 - 주정차중,안전운전불이행,건조,맑음,단일로 - 기타,승용,남,47세,상해없음,승용,남,35세,경상
2014051900100536,2014년 5월 19일 20시,월요일,대전광역시 서구 도안동,경상사고,0,0,1,0,차대사람 - 기타,안전운전불이행,건조,맑음,단일로 - 기타,승용,여,33세,상해없음,보행자,남,66세,경상
2014051900100567,2014년 5월 19일 21시,월요일,대전광역시 유성구 갑동,부상신고사고,0,0,0,1,차대차 - 추돌 - 주정차중,안전운전불이행,건조,맑음,교차로 - 교차로부근,화물,남,61세,상해없음,화물,남,48세,부상신고
2014051900100600,2014년 5월 19일 22시,월요일,대전광역시 중구 태평동,경상사고,0,0,1,0,차대차 - 기타,차로위반,건조,맑음,단일로 - 기타,승용,남,45세,상해없음,승용,남,43세,상해없음
2014051900100601,2014년 5월 19일 22시,월요일,대전광역시 대덕구 오정동,중상사고,0,1,0,0,차량단독 - 기타,기타,건조,맑음,단일로 - 기타,승합,남,53세,상해없음,,,,
2014052000100025,2014년 5월 20일 00시,화요일,대전광역시 중구 태평동,중상사고,0,1,1,0,차대차 - 측면직각충돌,신호위반,건조,맑음,교차로 - 교차로안,승용,남,40세,상해없음,승용,남,76세,경상
2014052000100026,2014년 5월 20일 00시,화요일,대전광역시 서구 월평동,경상사고,0,0,2,0,차대차 - 추돌 - 주정차중,안전운전불이행,건조,맑음,교차로 - 교차로부근,승용,남,34세,상해없음,승용,남,60세,경상
2014052000100035,2014년 5월 20일 01시,화요일,대전광역시 유성구 관평동,중상사고,0,1,2,0,차대차 - 측면직각충돌,안전운전불이행,건조,맑음,교차로 - 교차로안,승용,남,40세,상해없음,승용,남,62세,경상
2014052000100055,2014년 5월 20일 04시,화요일,대전광역시 서구 가장동,경상사고,0,0,2,0,차대차 - 측면직각충돌,신호위반,건조,맑음,교차로 - 교차로안,승용,남,28세,상해없음,승용,남,60세,경상
2014052000100095,2014년 5월 20일 07시,화요일,대전광역시 대덕구 덕암동,경상사고,0,0,2,0,차대차 - 측면직각충돌,안전거리미확보,건조,맑음,단일로 - 기타,승용,남,41세,상해없음,승용,여,54세,경상
2014052000100193,2014년 5월 20일 10시,화요일,대전광역시 유성구 구암동,경상사고,0,0,1,0,차대차 - 측면직각충돌,안전운전불이행,건조,맑음,단일로 - 기타,승용,남,29세,상해없음,승용,남,45세,경상
2014052000100214,2014년 5월 20일 11시,화요일,대전광역시 중구 선화동,중상사고,0,1,0,0,차대차 - 측면직각충돌,교차로운행방법위반,건조,맑음,교차로 - 교차로안,원동기,남,55세,중상,승용,남,23세,상해없음
2014052000100215,2014년 5월 20일 11시,화요일,대전광역시 동구 홍도동,중상사고,0,1,0,0,차대차 - 측면직각충돌,직진우회전진행방해,건조,맑음,교차로 - 교차로안,승용,남,44세,상해없음,자전거,남,71세,중상
2014052000100323,2014년 5월 20일 14시,화요일,대전광역시 동구 가양동,경상사고,0,0,1,0,차대차 - 추돌 - 진행중,안전거리미확보,건조,맑음,단일로 - 기타,승용,여,51세,상해없음,원동기,남,41세,경상
2014052000100400,2014년 5월 20일 16시,화요일,대전광역시 동구 가양동,경상사고,0,0,1,0,차대차 - 추돌 - 진행중,안전운전불이행,건조,맑음,단일로 - 기타,승용,남,46세,상해없음,자전거,남,24세,경상
2014052000100468,2014년 5월 20일 18시,화요일,대전광역시 중구 태평동,경상사고,0,0,1,0,차대차 - 측면직각충돌,안전운전불이행,건조,맑음,단일로 - 기타,승용,남,32세,상해없음,승용,남,40세,경상
2014052000100469,2014년 5월 20일 18시,화요일,대전광역시 유성구 봉명동,경상사고,0,0,1,0,차대차 - 측면직각충돌,안전운전불이행,건조,맑음,교차로 - 교차로안,승용,여,51세,상해없음,승용,남,34세,경상
2014052000100499,2014년 5월 20일 19시,화요일,대전광역시 유성구 장대동,경상사고,0,0,2,0,차대차 - 측면직각충돌,안전거리미확보,건조,맑음,단일로 - 기타,승용,남,68세,상해없음,화물,남,44세,경상
2014052000100500,2014년 5월 20일 19시,화요일,대전광역시 유성구 원내동,경상사고,0,0,1,0,차대차 - 기타,안전운전불이행,건조,맑음,교차로 - 교차로부근,승용,남,59세,상해없음,화물,여,51세,경상
2014052000100531,2014년 5월 20일 20시,화요일,대전광역시 동구 대동,중상사고,0,1,0,0,차대사람 - 기타,안전운전불이행,건조,맑음,교차로 - 교차로안,승용,남,29세,상해없음,보행자,남,34세,중상
2014052000100532,2014년 5월 20일 20시,화요일,대전광역시 대덕구 법동,경상사고,0,0,1,0,차대차 - 추돌 - 주정차중,안전운전불이행,건조,맑음,교차로 - 교차로부근,승용,남,51세,상해없음,승용,남,38세,경상
2014052000100533,2014년 5월 20일 20시,화요일,대전광역시 유성구 원신흥동,경상사고,0,0,1,0,차대차 - 측면직각충돌,안전운전불이행,건조,맑음,교차로 - 교차로안,승용,기타불명,기타불명,기타불명,승용,여,23세,경상
2014052000100585,2014년 5월 20일 22시,화요일,대전광역시 중구 부사동,중상사고,0,1,0,0,차대사람 - 횡단중,신호위반,건조,맑음,단일로 - 횡단보도상,원동기,남,19세,상해없음,보행자,여,70세,중상
2014052000100618,2014년 5월 20일 23시,화요일,대전광역시 중구 유천동,경상사고,0,0,4,0,차대차 - 추돌 - 주정차중,안전운전불이행,건조,맑음,단일로 - 기타,승용,여,26세,상해없음,승용,남,38세,경상
2014052100100020,2014년 5월 21일 00시,수요일,대전광역시 유성구 신동,중상사고,0,1,0,0,차량단독 - 기타,안전운전불이행,건조,맑음,단일로 - 기타,이륜,남,18세,중상,,,,
2014052100100060,2014년 5월 21일 04시,수요일,대전광역시 동구 대성동,중상사고,0,1,0,0,차대차 - 기타,중앙선침범,건조,맑음,단일로 - 기타,승용,남,25세,상해없음,승용,남,30세,중상
2014052100100078,2014년 5월 21일 06시,수요일,대전광역시 대덕구 오정동,경상사고,0,0,2,0,차대차 - 측면직각충돌,안전거리미확보,건조,맑음,단일로 - 기타,화물,남,64세,상해없음,승합,남,49세,경상
2014052100100079,2014년 5월 21일 06시,수요일,대전광역시 대덕구 오정동,경상사고,0,0,1,0,차대사람 - 기타,안전운전불이행,건조,맑음,단일로 - 기타,자전거,남,59세,상해없음,보행자,여,67세,경상
2014052100100108,2014년 5월 21일 07시,수요일,대전광역시 유성구 상대동,경상사고,0,0,1,0,차대사람 - 길가장자리구역통행중,안전운전불이행,건조,맑음,단일로 - 기타,화물,기타불명,기타불명,기타불명,보행자,여,16세,경상
2014052100100182,2014년 5월 21일 09시,수요일,대전광역시 동구 홍도동,중상사고,0,2,0,0,차대사람 - 길가장자리구역통행중,안전운전불이행,건조,맑음,교차로 - 교차로안,승용,여,52세,상해없음,보행자,여,35세,중상
2014052100100183,2014년 5월 21일 09시,수요일,대전광역시 대덕구 문평동,경상사고,0,0,1,0,차대차 - 추돌 - 주정차중,안전운전불이행,건조,맑음,단일로 - 기타,승용,남,58세,상해없음,승용,여,30세,경상
2014052100100295,2014년 5월 21일 13시,수요일,대전광역시 동구 자양동,중상사고,0,2,3,0,차대차 - 측면직각충돌,안전운전불이행,건조,맑음,교차로 - 교차로안,승용,남,36세,상해없음,승용,남,23세,경상
2014052100100330,2014년 5월 21일 14시,수요일,대전광역시 유성구 구암동,경상사고,0,0,1,0,차대차 - 측면직각충돌,신호위반,건조,맑음,단일로 - 기타,승용,여,30세,상해없음,승용,남,46세,경상
2014052100100515,2014년 5월 21일 18시,수요일,대전광역시 유성구 노은동,중상사고,0,1,0,0,차대차 - 측면직각충돌,신호위반,건조,맑음,교차로 - 교차로안,승용,남,27세,상해없음,승용,남,36세,중상
2014052200100027,2014년 5월 22일 01시,목요일,대전광역시 동구 효동,중상사고,0,1,0,0,차대사람 - 횡단중,신호위반,건조,맑음,교차로 - 교차로안,승합,남,72세,상해없음,보행자,여,28세,중상
2014052200100116,2014년 5월 22일 07시,목요일,대전광역시 중구 대사동,경상사고,0,0,1,0,차대차 - 측면직각충돌,안전운전불이행,건조,맑음,교차로 - 교차로안,화물,남,45세,상해없음,원동기,남,81세,경상
2014052200100157,2014년 5월 22일 08시,목요일,대전광역시 중구 대사동,중상사고,0,1,0,0,차대차 - 추돌 - 주정차중,안전운전불이행,건조,맑음,단일로 - 기타,승용,남,52세,상해없음,승용,남,23세,중상
2014052200100158,2014년 5월 22일 08시,목요일,대전광역시 중구 오류동,경상사고,0,0,1,0,차대차 - 측면직각충돌,안전운전불이행,건조,맑음,단일로 - 기타,자전거,여,62세,상해없음,자전거,남,56세,경상
2014052200100159,2014년 5월 22일 08시,목요일,대전광역시 서구 복수동,중상사고,0,1,0,0,차대사람 - 횡단중,신호위반,건조,맑음,교차로 - 교차로부근,화물,남,46세,상해없음,보행자,여,71세,중상
2014052200100160,2014년 5월 22일 08시,목요일,대전광역시 대덕구 중리동,경상사고,0,0,1,0,차대사람 - 기타,안전운전불이행,건조,맑음,단일로 - 기타,승용,여,39세,상해없음,보행자,여,43세,경상
2014052200100161,2014년 5월 22일 08시,목요일,대전광역시 대덕구 오정동,경상사고,0,0,1,0,차대차 - 측면직각충돌,안전운전불이행,건조,맑음,교차로 - 교차로안,승용,남,54세,상해없음,자전거,남,18세,경상
2014052200100184,2014년 5월 22일 09시,목요일,대전광역시 중구 대흥동,중상사고,0,2,0,0,차대차 - 추돌 - 주정차중,불법유턴,건조,맑음,교차로 - 교차로안,승용,남,72세,상해없음,승용,남,41세,중상
2014052200100276,2014년 5월 22일 12시,목요일,대전광역시 중구 유천동,경상사고,0,0,1,0,차대차 - 측면직각충돌,안전운전불이행,건조,맑음,교차로 - 교차로안,화물,남,51세,상해없음,자전거,여,52세,경상
2014052200100347,2014년 5월 22일 14시,목요일,대전광역시 동구 자양동,경상사고,0,0,1,0,차대차 - 추돌 - 주정차중,안전운전불이행,건조,맑음,단일로 - 기타,화물,여,54세,상해없음,승용,남,63세,경상
2014052200100348,2014년 5월 22일 14시,목요일,대전광역시 서구 도마동,경상사고,0,0,1,0,차대사람 - 길가장자리구역통행중,안전운전불이행,건조,맑음,단일로 - 기타,승용,남,20세,상해없음,보행자,여,21세,경상
2014052200100489,2014년 5월 22일 17시,목요일,대전광역시 중구 사정동,경상사고,0,0,1,0,차량단독 - 기타,기타,건조,맑음,단일로 - 기타,승합,남,57세,상해없음,,,,
2014052200100530,2014년 5월 22일 18시,목요일,대전광역시 동구 자양동,경상사고,0,0,1,0,차대사람 - 길가장자리구역통행중,안전운전불이행,건조,맑음,단일로 - 기타,승용,기타불명,기타불명,기타불명,보행자,여,19세,경상
2014052200100567,2014년 5월 22일 19시,목요일,대전광역시 유성구 계산동,경상사고,0,0,1,0,차대차 - 측면직각충돌,안전운전불이행,건조,맑음,단일로 - 기타,승용,남,46세,상해없음,승용,남,51세,경상
2014052200100568,2014년 5월 22일 19시,목요일,대전광역시 서구 둔산동,경상사고,0,0,3,0,차대차 - 측면직각충돌,안전거리미확보,건조,맑음,단일로 - 기타,승용,남,51세,상해없음,승용,남,39세,경상
2014052200100610,2014년 5월 22일 20시,목요일,대전광역시 대덕구 중리동,경상사고,0,0,1,0,차대차 - 정면충돌,안전운전불이행,건조,맑음,단일로 - 기타,승용,여,50세,상해없음,승용,여,25세,기타불명
2014052300100018,2014년 5월 23일 00시,금요일,대전광역시 서구 관저동,경상사고,0,0,2,0,차대차 - 측면직각충돌,신호위반,건조,맑음,교차로 - 교차로안,승용,남,68세,상해없음,승용,여,36세,경상
2014052300100019,2014년 5월 23일 00시,금요일,대전광역시 서구 둔산동,경상사고,0,0,1,0,차대차 - 측면직각충돌,교차로운행방법위반,건조,맑음,교차로 - 교차로안,승용,남,58세,상해없음,승용,남,40세,경상
2014052300100075,2014년 5월 23일 06시,금요일,대전광역시 대덕구 덕암동,경상사고,0,0,1,0,차대사람 - 횡단중,안전운전불이행,건조,맑음,단일로 - 횡단보도상,승용,여,53세,상해없음,보행자,여,17세,경상
2014052300100100,2014년 5월 23일 07시,금요일,대전광역시 중구 선화동,경상사고,0,0,1,0,차대차 - 정면충돌,교차로운행방법위반,건조,맑음,교차로 - 교차로안,승합,남,46세,상해없음,승용,남,68세,경상
2014052300100168,2014년 5월 23일 09시,금요일,대전광역시 서구 월평동,경상사고,0,0,1,0,차대차 - 측면직각충돌,신호위반,건조,맑음,교차로 - 교차로안,승용,남,60세,상해없음,승용,남,56세,경상
2014052300100210,2014년 5월 23일 10시,금요일,대전광역시 대덕구 법동,경상사고,0,0,1,0,차대차 - 측면직각충돌,차로위반,건조,맑음,단일로 - 기타,승용,남,61세,상해없음,승용,여,41세,경상
2014052300100274,2014년 5월 23일 12시,금요일,대전광역시 중구 부사동,중상사고,0,1,0,0,차량단독 - 공작물충돌,안전운전불이행,건조,맑음,교차로 - 교차로안,승합,여,56세,상해없음,,,,
2014052300100306,2014년 5월 23일 13시,금요일,대전광역시 중구 은행동,경상사고,0,0,2,0,차대차 - 기타,교차로운행방법위반,건조,맑음,교차로 - 교차로안,원동기,남,44세,경상,승용,여,53세,경상
2014052300100307,2014년 5월 23일 13시,금요일,대전광역시 서구 탄방동,중상사고,0,1,0,0,차대사람 - 기타,안전운전불이행,건조,맑음,교차로 - 교차로안,원동기,남,56세,상해없음,보행자,여,83세,중상
2014052300100445,2014년 5월 23일 17시,금요일,대전광역시 중구 사정동,경상사고,0,0,1,0,차대사람 - 기타,안전운전불이행,건조,맑음,단일로 - 횡단보도상,승용,남,40세,상해없음,보행자,남,11세,경상
2014052300100446,2014년 5월 23일 17시,금요일,대전광역시 서구 탄방동,경상사고,0,0,1,0,차대사람 - 보도통행중,보행자보호의무위반,건조,맑음,단일로 - 횡단보도상,승용,기타불명,기타불명,기타불명,보행자,여,9세,경상
2014052300100447,2014년 5월 23일 17시,금요일,대전광역시 서구 탄방동,중상사고,0,2,0,0,차대차 - 추돌 - 주정차중,안전운전불이행,건조,맑음,단일로 - 기타,승용,남,42세,상해없음,승용,남,55세,중상
2014052300100497,2014년 5월 23일 18시,금요일,대전광역시 중구 오류동,중상사고,0,1,0,0,차대차 - 기타,안전운전불이행,건조,맑음,단일로 - 기타,원동기,남,54세,중상,승용,남,47세,상해없음
2014052300100523,2014년 5월 23일 19시,금요일,대전광역시 중구 석교동,사망사고,1,0,0,0,차대차 - 측면직각충돌,안전운전불이행,건조,맑음,교차로 - 교차로안,승용,여,40세,상해없음,원동기,남,17세,사망
2014052300100524,2014년 5월 23일 19시,금요일,대전광역시 중구 선화동,경상사고,0,0,3,0,차대차 - 측면직각충돌,중앙선침범,건조,맑음,단일로 - 기타,승용,남,33세,상해없음,승용,여,39세,경상
2014052300100575,2014년 5월 23일 20시,금요일,대전광역시 대덕구 비래동,경상사고,0,0,1,0,차대사람 - 기타,안전운전불이행,건조,맑음,단일로 - 기타,승용,여,43세,상해없음,보행자,남,36세,경상
2014052300100602,2014년 5월 23일 21시,금요일,대전광역시 중구 문화동,중상사고,0,1,0,0,차대차 - 측면직각충돌,중앙선침범,건조,맑음,단일로 - 기타,승용,남,49세,상해없음,승용,남,30세,중상
2014052300100635,2014년 5월 23일 22시,금요일,대전광역시 동구 가오동,경상사고,0,0,1,0,차대차 - 측면직각충돌,안전운전불이행,건조,맑음,단일로 - 기타,승용,여,31세,상해없음,원동기,남,22세,경상
2014052300100636,2014년 5월 23일 22시,금요일,대전광역시 유성구 도룡동,경상사고,0,0,1,0,차대차 - 측면직각충돌,안전운전불이행,건조,맑음,단일로 - 기타,승용,기타불명,기타불명,기타불명,승용,남,28세,경상
2014052400100025,2014년 5월 24일 00시,토요일,대전광역시 서구 갈마동,경상사고,0,0,1,0,차대차 - 추돌 - 주정차중,안전운전불이행,건조,맑음,단일로 - 기타,승용,남,37세,상해없음,승용,남,34세,경상
2014052400100026,2014년 5월 24일 00시,토요일,대전광역시 서구 월평동,중상사고,0,2,0,0,차대차 - 측면직각충돌,안전운전불이행,건조,맑음,단일로 - 기타,승용,남,48세,상해없음,승용,남,23세,중상
2014052400100027,2014년 5월 24일 00시,토요일,대전광역시 유성구 궁동,중상사고,0,1,1,0,차대차 - 측면직각충돌,과속,건조,흐림,단일로 - 기타,원동기,남,28세,경상,자전거,남,22세,중상
2014052400100049,2014년 5월 24일 01시,토요일,대전광역시 서구 괴정동,경상사고,0,0,3,0,차대차 - 측면직각충돌,직진우회전진행방해,건조,기타,교차로 - 교차로안,승용,남,28세,상해없음,승용,남,46세,상해없음
2014052400100050,2014년 5월 24일 01시,토요일,대전광역시 서구 괴정동,경상사고,0,0,2,0,차대차 - 측면직각충돌,신호위반,건조,기타,교차로 - 교차로안,승용,남,39세,상해없음,승용,남,49세,경상
2014052400100084,2014년 5월 24일 03시,토요일,대전광역시 서구 괴정동,경상사고,0,0,1,0,차대차 - 측면직각충돌,직진우회전진행방해,건조,기타,교차로 - 교차로안,승용,남,36세,상해없음,승용,여,55세,경상
2014052400100085,2014년 5월 24일 03시,토요일,대전광역시 서구 둔산동,경상사고,0,0,1,0,차대사람 - 길가장자리구역통행중,안전운전불이행,건조,맑음,단일로 - 기타,승용,남,18세,상해없음,보행자,남,21세,경상
2014052400100134,2014년 5월 24일 06시,토요일,대전광역시 서구 용문동,경상사고,0,0,3,0,차대차 - 측면직각충돌,안전운전불이행,건조,맑음,교차로 - 교차로안,승용,남,18세,상해없음,승용,남,19세,경상
2014052400100159,2014년 5월 24일 07시,토요일,대전광역시 동구 가양동,경상사고,0,0,1,0,차대차 - 추돌 - 주정차중,안전운전불이행,건조,맑음,단일로 - 기타,승용,남,26세,상해없음,승용,남,55세,경상
2014052400100160,2014년 5월 24일 07시,토요일,대전광역시 서구 용문동,경상사고,0,0,2,0,차대차 - 측면직각충돌,신호위반,건조,맑음,교차로 - 교차로안,승용,여,70세,기타불명,승용,남,53세,경상
2014052400100215,2014년 5월 24일 09시,토요일,대전광역시 서구 괴정동,경상사고,0,0,1,0,차대차 - 측면직각충돌,안전운전불이행,건조,맑음,단일로 - 기타,승용,남,19세,기타불명,승용,여,43세,경상
2014052400100307,2014년 5월 24일 12시,토요일,대전광역시 중구 유천동,중상사고,0,1,0,0,차대차 - 측면직각충돌,안전운전불이행,건조,맑음,단일로 - 기타,화물,남,24세,상해없음,자전거,남,74세,중상
2014052400100340,2014년 5월 24일 13시,토요일,대전광역시 동구 용전동,경상사고,0,0,1,0,차대차 - 기타,안전운전불이행,건조,맑음,단일로 - 기타,승용,기타불명,기타불명,기타불명,자전거,남,14세,경상
2014052400100377,2014년 5월 24일 14시,토요일,대전광역시 동구 판암동,경상사고,0,0,2,0,차대차 - 측면직각충돌,신호위반,건조,맑음,교차로 - 교차로안,승용,남,47세,상해없음,승용,남,34세,경상
2014052400100378,2014년 5월 24일 14시,토요일,대전광역시 동구 용전동,경상사고,0,0,1,0,차대사람 - 횡단중,보행자보호의무위반,건조,맑음,교차로 - 교차로부근,화물,남,59세,상해없음,보행자,남,71세,경상
2014052400100417,2014년 5월 24일 15시,토요일,대전광역시 중구 유천동,경상사고,0,0,1,0,차대사람 - 차도통행중,안전운전불이행,건조,맑음,교차로 - 교차로부근,원동기,남,47세,상해없음,보행자,남,13세,경상
2014052400100456,2014년 5월 24일 16시,토요일,대전광역시 동구 대성동,경상사고,0,0,3,0,차대차 - 추돌 - 주정차중,안전운전불이행,건조,맑음,단일로 - 횡단보도부근,승용,여,36세,상해없음,승용,여,55세,경상
2014052400100582,2014년 5월 24일 19시,토요일,대전광역시 중구 유천동,부상신고사고,0,0,0,1,차대차 - 기타,교차로운행방법위반,건조,맑음,교차로 - 교차로안,승용,기타불명,기타불명,기타불명,자전거,남,55세,부상신고
2014052400100610,2014년 5월 24일 20시,토요일,대전광역시 서구 둔산동,경상사고,0,0,1,0,차대차 - 측면직각충돌,신호위반,건조,맑음,교차로 - 교차로안,승용,여,48세,상해없음,이륜,남,33세,경상
2014052400100639,2014년 5월 24일 21시,토요일,대전광역시 유성구 용산동,중상사고,0,1,0,0,차대차 - 측면직각충돌,신호위반,건조,맑음,교차로 - 교차로안,승용,남,53세,상해없음,이륜,남,18세,중상
2014052400100670,2014년 5월 24일 22시,토요일,대전광역시 중구 문화동,중상사고,0,1,0,0,차대사람 - 기타,안전운전불이행,건조,맑음,단일로 - 기타,승용,남,71세,상해없음,보행자,여,47세,중상
2014052400100671,2014년 5월 24일 22시,토요일,대전광역시 대덕구 석봉동,중상사고,0,1,0,0,차대차 - 기타,신호위반,건조,맑음,교차로 - 교차로부근,승용,남,25세,상해없음,이륜,남,24세,중상
2014052400100672,2014년 5월 24일 22시,토요일,대전광역시 유성구 봉명동,경상사고,0,0,2,0,차대차 - 정면충돌,신호위반,건조,맑음,교차로 - 교차로안,승용,남,51세,상해없음,승용,남,67세,경상
2014052400100695,2014년 5월 24일 23시,토요일,대전광역시 중구 유천동,경상사고,0,0,3,0,차대차 - 기타,안전운전불이행,건조,맑음,교차로 - 교차로안,승용,남,21세,상해없음,승용,남,44세,경상
2014052500100027,2014년 5월 25일 00시,일요일,대전광역시 서구 가장동,경상사고,0,0,1,0,차대차 - 측면직각충돌,안전거리미확보,건조,맑음,단일로 - 기타,승용,남,22세,상해없음,승용,남,38세,경상
2014052500100028,2014년 5월 25일 00시,일요일,대전광역시 서구 갈마동,중상사고,0,1,0,0,차대차 - 기타,안전운전불이행,건조,맑음,교차로 - 교차로안,승용,남,23세,상해없음,이륜,남,20세,중상
2014052500100045,2014년 5월 25일 01시,일요일,대전광역시 유성구 반석동,경상사고,0,0,2,0,차대차 - 추돌 - 주정차중,안전운전불이행,건조,맑음,교차로 - 교차로부근,승용,남,27세,상해없음,화물,남,46세,경상
2014052500100108,2014년 5월 25일 06시,일요일,대전광역시 유성구 전민동,중상사고,0,1,0,0,차대차 - 기타,안전운전불이행,건조,맑음,교차로 - 교차로안,화물,남,25세,상해없음,승용,남,40세,중상
2014052500100119,2014년 5월 25일 07시,일요일,대전광역시 동구 가양동,경상사고,0,0,2,0,차대차 - 측면직각충돌,안전운전불이행,건조,맑음,단일로 - 기타,승용,남,32세,상해없음,승용,남,39세,경상
2014052500100135,2014년 5월 25일 08시,일요일,대전광역시 서구 월평동,경상사고,0,0,2,0,차대차 - 측면직각충돌,안전운전불이행,건조,맑음,교차로 - 교차로안,승용,남,26세,상해없음,승용,남,54세,경상
2014052500100149,2014년 5월 25일 09시,일요일,대전광역시 대덕구 중리동,경상사고,0,0,2,0,차대차 - 추돌 - 주정차중,안전운전불이행,건조,맑음,교차로 - 교차로부근,승용,여,35세,상해없음,승용,여,32세,경상
2014052500100194,2014년 5월 25일 11시,일요일,대전광역시 대덕구 이현동,부상신고사고,0,0,0,1,차량단독 - 도로외이탈 - 추락,안전운전불이행,건조,맑음,단일로 - 기타,자전거,남,60세,부상신고,,,,
2014052500100266,2014년 5월 25일 13시,일요일,대전광역시 중구 태평동,경상사고,0,0,3,0,차대차 - 추돌 - 진행중,안전거리미확보,건조,맑음,교차로 - 교차로안,승용,남,50세,상해없음,승용,남,64세,경상