사고번호,사고일시,요일,시군구,사고내용,사망자수,중상자수,경상자수,부상신고자수,사고유형,법규위반,노면상태,기상상태,도로형태,가해운전자 차종,가해운전자 성별,가해운전자 연령,가해운전자 상해정도,피해운전자 차종,피해운전자 성별,피해운전자 연령,피해운전자 상해정도
2014052500100267,2014년 5월 25일 13시,일요일,대전광역시 대덕구 상서동,경상사고,0,0,2,0,차대차 - 추돌 - 주정차중,안전운전불이행,건조,맑음,단일로 - 기타,승용,남,46세,상해없음,승용,남,26세,경상
2014052500100268,2014년 5월 25일 13시,일요일,대전광역시 서구 갈마동,경상사고,0,0,1,0,차대차 - 기타,신호위반,건조,맑음,교차로 - 교차로안,승용,여,44세,상해없음,이륜,남,29세,경상
2014052500100294,2014년 5월 25일 14시,일요일,대전광역시 중구 대흥동,경상사고,0,0,1,0,차대차 - 정면충돌,교차로운행방법위반,건조,맑음,교차로 - 교차로안,승용,여,52세,상해없음,자전거,남,10세,경상
2014052500100295,2014년 5월 25일 14시,일요일,대전광역시 서구 도안동,중상사고,0,1,0,0,차대차 - 기타,신호위반,습기,흐림,교차로 - 교차로안,승합,남,53세,상해없음,승용,여,53세,중상
2014052500100296,2014년 5월 25일 14시,일요일,대전광역시 서구 갈마동,경상사고,0,0,1,0,차대차 - 기타,안전운전불이행,건조,맑음,단일로 - 기타,승용,남,43세,상해없음,승용,남,57세,경상
2014052500100325,2014년 5월 25일 15시,일요일,대전광역시 서구 둔산동,경상사고,0,0,3,0,차대차 - 추돌 - 주정차중,안전운전불이행,습기,비,단일로 - 기타,승용,여,51세,상해없음,승용,여,49세,경상
2014052500100371,2014년 5월 25일 16시,일요일,대전광역시 중구 문화동,경상사고,0,0,1,0,차대사람 - 횡단중,신호위반,습기,비,단일로 - 기타,승용,여,39세,상해없음,보행자,여,54세,경상
2014052500100395,2014년 5월 25일 17시,일요일,대전광역시 대덕구 덕암동,중상사고,0,2,2,0,차대차 - 기타,안전운전불이행,건조,맑음,단일로 - 기타,승용,여,49세,상해없음,승용,여,39세,중상
2014052500100438,2014년 5월 25일 18시,일요일,대전광역시 대덕구 중리동,경상사고,0,0,1,0,차대사람 - 기타,안전운전불이행,습기,비,단일로 - 기타,승용,남,49세,상해없음,보행자,남,35세,경상
2014052500100439,2014년 5월 25일 18시,일요일,대전광역시 유성구 도룡동,경상사고,0,0,1,0,차대차 - 기타,중앙선침범,습기,비,단일로 - 기타,승용,남,54세,상해없음,승용,남,32세,경상
2014052500100440,2014년 5월 25일 18시,일요일,대전광역시 서구 갈마동,경상사고,0,0,1,0,차대차 - 기타,신호위반,습기,비,교차로 - 교차로안,승용,여,27세,상해없음,이륜,남,53세,경상
2014052500100478,2014년 5월 25일 19시,일요일,대전광역시 동구 원동,중상사고,0,1,0,0,차대사람 - 횡단중,안전운전불이행,습기,비,단일로 - 기타,화물,남,58세,상해없음,보행자,남,49세,중상
2014052500100479,2014년 5월 25일 19시,일요일,대전광역시 서구 갈마동,중상사고,0,1,0,0,차대차 - 기타,안전운전불이행,습기,비,단일로 - 기타,이륜,남,36세,상해없음,자전거,남,31세,중상
2014052500100591,2014년 5월 25일 21시,일요일,대전광역시 서구 갈마동,경상사고,0,0,3,0,차대차 - 기타,신호위반,습기,비,교차로 - 교차로안,승용,여,47세,상해없음,승합,남,43세,경상
2014052500100592,2014년 5월 25일 21시,일요일,대전광역시 유성구 장대동,중상사고,0,1,3,0,차대차 - 기타,안전운전불이행,습기,비,교차로 - 교차로안,승용,여,48세,상해없음,승용,여,48세,경상
2014052500100655,2014년 5월 25일 23시,일요일,대전광역시 서구 가장동,중상사고,0,1,0,0,차대사람 - 횡단중,신호위반,습기,비,교차로 - 교차로안,승용,남,53세,상해없음,보행자,여,41세,중상
2014052500100656,2014년 5월 25일 23시,일요일,대전광역시 유성구 화암동,경상사고,0,0,4,0,차대차 - 추돌 - 진행중,안전운전불이행,습기,비,교차로 - 교차로부근,승용,남,53세,상해없음,승용,여,39세,경상
2014052600100041,2014년 5월 26일 02시,월요일,대전광역시 중구 대흥동,경상사고,0,0,1,0,차대차 - 기타,안전운전불이행,건조,맑음,단일로 - 기타,승용,남,29세,상해없음,승용,남,41세,경상
2014052600100042,2014년 5월 26일 02시,월요일,대전광역시 서구 갈마동,경상사고,0,0,2,0,차대차 - 기타,안전운전불이행,습기,비,단일로 - 교량,승용,여,33세,상해없음,승용,여,23세,경상
2014052600100060,2014년 5월 26일 04시,월요일,대전광역시 중구 오류동,경상사고,0,0,1,0,차대차 - 측면직각충돌,신호위반,건조,흐림,교차로 - 교차로안,승용,남,49세,상해없음,원동기,남,60세,경상
2014052600100080,2014년 5월 26일 06시,월요일,대전광역시 유성구 노은동,경상사고,0,0,1,0,차대차 - 기타,신호위반,습기,흐림,교차로 - 교차로안,승용,남,40세,상해없음,승용,남,40세,경상
2014052600100169,2014년 5월 26일 09시,월요일,대전광역시 서구 둔산동,경상사고,0,0,1,0,차대차 - 기타,교차로운행방법위반,건조,맑음,교차로 - 교차로안,승용,여,52세,상해없음,화물,남,44세,경상
2014052600100208,2014년 5월 26일 10시,월요일,대전광역시 서구 둔산동,경상사고,0,0,1,0,차대차 - 추돌 - 진행중,안전거리미확보,건조,맑음,단일로 - 기타,승용,남,44세,상해없음,승용,남,59세,경상
2014052600100239,2014년 5월 26일 11시,월요일,대전광역시 중구 오류동,경상사고,0,0,1,0,차대차 - 측면직각충돌,안전운전불이행,건조,맑음,교차로 - 교차로안,승용,여,49세,상해없음,자전거,남,74세,경상
2014052600100240,2014년 5월 26일 11시,월요일,대전광역시 동구 성남동,중상사고,0,1,0,0,차량단독 - 기타,안전운전불이행,건조,맑음,단일로 - 기타,승합,남,51세,상해없음,,,,
2014052600100241,2014년 5월 26일 11시,월요일,대전광역시 서구 둔산동,경상사고,0,0,1,0,차대사람 - 길가장자리구역통행중,안전운전불이행,건조,맑음,단일로 - 기타,승용,여,58세,상해없음,보행자,여,71세,경상
2014052600100267,2014년 5월 26일 12시,월요일,대전광역시 유성구 송강동,경상사고,0,0,1,0,차대차 - 기타,안전운전불이행,건조,맑음,기타 - 기타,승용,남,46세,상해없음,승용,여,31세,경상
2014052600100359,2014년 5월 26일 15시,월요일,대전광역시 서구 내동,중상사고,0,1,0,0,차대사람 - 차도통행중,안전운전불이행,기타,기타,단일로 - 횡단보도부근,승용,남,44세,상해없음,보행자,여,76세,중상
2014052600100360,2014년 5월 26일 15시,월요일,대전광역시 유성구 장대동,경상사고,0,0,1,0,차대차 - 측면직각충돌,안전거리미확보,건조,맑음,단일로 - 기타,화물,남,54세,상해없음,승용,여,51세,경상
2014052600100442,2014년 5월 26일 17시,월요일,대전광역시 동구 자양동,경상사고,0,0,4,0,차대차 - 추돌 - 주정차중,안전운전불이행,건조,맑음,단일로 - 기타,승용,남,66세,경상,원동기,남,66세,경상
2014052600100443,2014년 5월 26일 17시,월요일,대전광역시 서구 도마동,중상사고,0,1,0,0,차대차 - 측면직각충돌,안전운전불이행,건조,기타,교차로 - 교차로안,승용,남,59세,상해없음,승용,여,30세,중상
2014052600100444,2014년 5월 26일 17시,월요일,대전광역시 서구 변동,중상사고,0,1,0,0,차대사람 - 보도통행중,안전운전불이행,건조,맑음,단일로 - 기타,화물,남,38세,상해없음,보행자,여,26세,중상
2014052600100626,2014년 5월 26일 22시,월요일,대전광역시 서구 괴정동,경상사고,0,0,1,0,차대차 - 기타,안전운전불이행,건조,맑음,교차로 - 교차로부근,승용,기타불명,기타불명,기타불명,승용,여,52세,경상
2014052600100627,2014년 5월 26일 22시,월요일,대전광역시 서구 월평동,경상사고,0,0,1,0,차대차 - 기타,안전운전불이행,건조,맑음,단일로 - 횡단보도상,승용,남,45세,상해없음,자전거,여,23세,경상
2014052600100628,2014년 5월 26일 22시,월요일,대전광역시 서구 갈마동,경상사고,0,0,1,0,차대차 - 기타,안전운전불이행,건조,맑음,단일로 - 횡단보도상,승용,남,43세,상해없음,자전거,남,25세,경상
2014052600100646,2014년 5월 26일 23시,월요일,대전광역시 서구 탄방동,경상사고,0,0,1,0,차대사람 - 기타,보행자보호의무위반,건조,맑음,단일로 - 횡단보도상,승용,여,68세,상해없음,보행자,여,22세,경상
2014052700100032,2014년 5월 27일 02시,화요일,대전광역시 동구 비룡동,경상사고,0,0,1,0,차량단독 - 공작물충돌,안전운전불이행,건조,맑음,단일로 - 기타,승용,남,22세,경상,,,,
2014052700100059,2014년 5월 27일 05시,화요일,대전광역시 대덕구 중리동,경상사고,0,0,1,0,차대차 - 추돌 - 진행중,안전운전불이행,건조,맑음,단일로 - 기타,승용,남,46세,상해없음,화물,남,53세,경상
2014052700100081,2014년 5월 27일 06시,화요일,대전광역시 서구 괴정동,경상사고,0,0,2,0,차대차 - 정면충돌,신호위반,건조,맑음,교차로 - 교차로안,승용,남,66세,상해없음,승용,남,66세,경상
2014052700100109,2014년 5월 27일 07시,화요일,대전광역시 서구 갈마동,경상사고,0,0,1,0,차대사람 - 길가장자리구역통행중,안전운전불이행,건조,맑음,단일로 - 기타,승용,기타불명,기타불명,기타불명,보행자,남,39세,경상
2014052700100110,2014년 5월 27일 07시,화요일,대전광역시 유성구 궁동,중상사고,0,1,1,0,차대차 - 기타,신호위반,건조,맑음,교차로 - 교차로안,승용,여,39세,경상,승용,남,30세,중상
2014052700100166,2014년 5월 27일 08시,화요일,대전광역시 서구 가장동,경상사고,0,0,1,0,차대차 - 기타,중앙선침범,건조,맑음,단일로 - 기타,자전거,남,60세,상해없음,이륜,남,70세,경상
2014052700100167,2014년 5월 27일 08시,화요일,대전광역시 대덕구 신탄진동,경상사고,0,0,3,0,차대차 - 측면직각충돌,안전운전불이행,건조,맑음,교차로 - 교차로안,승용,남,52세,상해없음,화물,남,34세,경상
2014052700100234,2014년 5월 27일 10시,화요일,대전광역시 대덕구 읍내동,경상사고,0,0,1,0,차대차 - 측면직각충돌,안전운전불이행,건조,맑음,단일로 - 기타,화물,남,40세,상해없음,자전거,남,26세,경상
2014052700100235,2014년 5월 27일 10시,화요일,대전광역시 서구 월평동,경상사고,0,0,1,0,차대차 - 측면직각충돌,안전운전불이행,건조,맑음,교차로 - 교차로안,승용,남,51세,상해없음,승용,남,53세,경상
2014052700100351,2014년 5월 27일 14시,화요일,대전광역시 중구 태평동,경상사고,0,0,2,0,차대차 - 측면직각충돌,안전운전불이행,건조,맑음,교차로 - 교차로부근,승용,남,76세,상해없음,승용,남,48세,경상
2014052700100352,2014년 5월 27일 14시,화요일,대전광역시 중구 사정동,중상사고,0,1,0,0,차대차 - 측면직각충돌,불법유턴,건조,맑음,교차로 - 교차로안,자전거,남,11세,중상,승용,여,43세,상해없음
2014052700100487,2014년 5월 27일 17시,화요일,대전광역시 중구 태평동,경상사고,0,0,1,0,차대차 - 기타,안전운전불이행,건조,맑음,교차로 - 교차로안,승용,여,42세,상해없음,이륜,남,36세,경상
2014052700100524,2014년 5월 27일 18시,화요일,대전광역시 동구 용운동,경상사고,0,0,1,0,차대사람 - 기타,안전운전불이행,건조,맑음,단일로 - 기타,승용,남,30세,상해없음,보행자,여,21세,경상
2014052700100575,2014년 5월 27일 20시,화요일,대전광역시 유성구 송강동,경상사고,0,0,1,0,차대차 - 기타,안전거리미확보,건조,맑음,교차로 - 교차로부근,화물,남,65세,상해없음,승용,남,24세,경상
2014052700100576,2014년 5월 27일 20시,화요일,대전광역시 유성구 노은동,중상사고,0,1,0,0,차대차 - 측면직각충돌,신호위반,건조,맑음,교차로 - 교차로안,승용,남,53세,상해없음,승용,남,52세,중상
2014052700100577,2014년 5월 27일 20시,화요일,대전광역시 서구 갈마동,경상사고,0,0,1,0,차대차 - 측면직각충돌,신호위반,건조,맑음,교차로 - 교차로안,승용,남,55세,상해없음,이륜,남,59세,경상
2014052700100590,2014년 5월 27일 21시,화요일,대전광역시 대덕구 연축동,경상사고,0,0,3,0,차대차 - 기타,안전운전불이행,건조,맑음,단일로 - 기타,화물,남,53세,상해없음,화물,남,33세,경상
2014052700100604,2014년 5월 27일 21시,화요일,대전광역시 중구 선화동,경상사고,0,0,4,0,차대차 - 추돌 - 진행중,신호위반,건조,맑음,교차로 - 교차로안,승용,남,25세,상해없음,승합,남,42세,경상
2014052700100635,2014년 5월 27일 22시,화요일,대전광역시 서구 가수원동,경상사고,0,0,2,0,차대차 - 추돌 - 주정차중,안전운전불이행,건조,맑음,단일로 - 기타,승용,여,34세,상해없음,승용,남,26세,경상
2014052700100648,2014년 5월 27일 23시,화요일,대전광역시 서구 변동,경상사고,0,0,3,0,차대차 - 추돌 - 주정차중,안전운전불이행,건조,맑음,교차로 - 교차로부근,승용,여,42세,상해없음,화물,남,48세,경상
2014052700100649,2014년 5월 27일 23시,화요일,대전광역시 서구 둔산동,중상사고,0,1,0,0,차대차 - 측면직각충돌,신호위반,건조,맑음,교차로 - 교차로안,승용,남,56세,상해없음,승용,여,55세,중상
2014052800100021,2014년 5월 28일 00시,수요일,대전광역시 중구 산성동,부상신고사고,0,0,0,1,차대사람 - 기타,안전운전불이행,건조,맑음,교차로 - 교차로부근,화물,남,48세,상해없음,보행자,남,49세,부상신고
2014052800100054,2014년 5월 28일 04시,수요일,대전광역시 중구 대흥동,경상사고,0,0,1,0,차대차 - 추돌 - 주정차중,안전운전불이행,건조,맑음,단일로 - 기타,승용,여,43세,상해없음,승용,남,55세,경상
2014052800100055,2014년 5월 28일 04시,수요일,대전광역시 대덕구 대화동,경상사고,0,0,1,0,차량단독 - 주차차량충돌,안전운전불이행,건조,맑음,단일로 - 기타,원동기,남,34세,경상,,,,
2014052800100078,2014년 5월 28일 06시,수요일,대전광역시 중구 선화동,경상사고,0,0,4,0,차대차 - 측면직각충돌,신호위반,건조,맑음,교차로 - 교차로안,승용,남,59세,상해없음,승용,여,46세,경상
2014052800100268,2014년 5월 28일 12시,수요일,대전광역시 동구 원동,경상사고,0,0,1,0,차대사람 - 길가장자리구역통행중,안전운전불이행,건조,맑음,교차로 - 교차로부근,승용,남,63세,기타불명,보행자,여,80세,경상
2014052800100332,2014년 5월 28일 14시,수요일,대전광역시 중구 중촌동,중상사고,0,1,0,0,차대사람 - 횡단중,안전운전불이행,건조,맑음,단일로 - 기타,승용,남,38세,상해없음,보행자,여,70세,중상
2014052800100333,2014년 5월 28일 14시,수요일,대전광역시 동구 원동,중상사고,0,1,0,0,차량단독 - 기타,안전운전불이행,건조,맑음,단일로 - 기타,승합,남,58세,상해없음,,,,
2014052800100334,2014년 5월 28일 14시,수요일,대전광역시 유성구 원신흥동,경상사고,0,0,1,0,차대차 - 추돌 - 진행중,신호위반,건조,맑음,교차로 - 교차로안,승용,남,51세,상해없음,승합,남,51세,경상
2014052800100609,2014년 5월 28일 21시,수요일,대전광역시 서구 탄방동,경상사고,0,0,2,0,차대차 - 추돌 - 주정차중,안전운전불이행,건조,맑음,교차로 - 교차로부근,승용,여,62세,상해없음,승용,남,42세,경상
2014052800100646,2014년 5월 28일 22시,수요일,대전광역시 중구 대흥동,경상사고,0,0,2,0,차대차 - 측면직각충돌,불법유턴,건조,맑음,단일로 - 기타,승용,여,48세,상해없음,승용,여,37세,경상
2014052900100035,2014년 5월 29일 01시,목요일,대전광역시 서구 괴정동,경상사고,0,0,1,0,차대차 - 추돌 - 주정차중,안전운전불이행,건조,맑음,단일로 - 기타,승용,남,33세,상해없음,승용,남,45세,경상
2014052900100091,2014년 5월 29일 06시,목요일,대전광역시 중구 부사동,중상사고,0,1,0,0,차대차 - 측면직각충돌,안전운전불이행,건조,맑음,교차로 - 교차로부근,승용,여,63세,상해없음,자전거,여,23세,중상
2014052900100121,2014년 5월 29일 07시,목요일,대전광역시 동구 용전동,경상사고,0,0,1,0,차대차 - 측면직각충돌,교차로운행방법위반,건조,맑음,교차로 - 교차로안,승용,남,27세,상해없음,승용,여,39세,경상
2014052900100164,2014년 5월 29일 08시,목요일,대전광역시 유성구 하기동,경상사고,0,0,1,0,차대차 - 측면직각충돌,안전운전불이행,건조,맑음,교차로 - 교차로안,기타불명,기타불명,기타불명,기타불명,승용,여,30세,경상
2014052900100165,2014년 5월 29일 08시,목요일,대전광역시 서구 둔산동,경상사고,0,0,1,0,차대차 - 추돌 - 주정차중,안전운전불이행,건조,맑음,단일로 - 기타,승용,남,35세,상해없음,승용,남,49세,상해없음
2014052900100166,2014년 5월 29일 08시,목요일,대전광역시 유성구 전민동,경상사고,0,0,1,0,차대사람 - 기타,기타,건조,맑음,단일로 - 기타,승합,남,57세,상해없음,보행자,여,53세,경상
2014052900100192,2014년 5월 29일 09시,목요일,대전광역시 중구 중촌동,경상사고,0,0,1,0,차대차 - 측면직각충돌,안전운전불이행,건조,맑음,단일로 - 기타,승용,남,45세,상해없음,자전거,남,71세,경상
2014052900100237,2014년 5월 29일 11시,목요일,대전광역시 유성구 원내동,중상사고,0,5,1,1,차대사람 - 기타,안전운전불이행,건조,맑음,단일로 - 기타,승합,남,54세,부상신고,보행자,여,73세,중상
2014052900100250,2014년 5월 29일 11시,목요일,대전광역시 서구 둔산동,경상사고,0,0,1,0,차대차 - 추돌 - 진행중,안전거리미확보,건조,맑음,교차로 - 교차로부근,승용,여,54세,상해없음,승용,남,58세,경상
2014052900100251,2014년 5월 29일 11시,목요일,대전광역시 유성구 봉명동,중상사고,0,1,0,0,차대차 - 기타,안전운전불이행,건조,맑음,단일로 - 기타,화물,남,44세,상해없음,자전거,남,22세,중상
2014052900100252,2014년 5월 29일 11시,목요일,대전광역시 서구 월평동,중상사고,0,1,1,0,차대차 - 측면직각충돌,안전거리미확보,건조,맑음,교차로 - 교차로부근,승용,남,67세,상해없음,승용,여,40세,중상
2014052900100319,2014년 5월 29일 13시,목요일,대전광역시 서구 갈마동,경상사고,0,0,1,0,차대차 - 측면직각충돌,안전운전불이행,건조,맑음,교차로 - 교차로안,승용,남,30세,상해없음,승용,남,63세,경상
2014052900100375,2014년 5월 29일 15시,목요일,대전광역시 대덕구 석봉동,중상사고,0,2,0,0,차대차 - 기타,안전운전불이행,건조,맑음,단일로 - 기타,승용,남,25세,상해없음,승용,남,72세,중상
2014052900100437,2014년 5월 29일 16시,목요일,대전광역시 동구 가양동,경상사고,0,0,1,0,차대차 - 추돌 - 주정차중,직진우회전진행방해,건조,맑음,교차로 - 교차로안,승용,남,33세,상해없음,승용,여,50세,경상
2014052900100473,2014년 5월 29일 17시,목요일,대전광역시 동구 정동,중상사고,0,1,0,0,차량단독 - 기타,기타,건조,맑음,단일로 - 기타,승합,남,50세,상해없음,,,,
2014052900100518,2014년 5월 29일 18시,목요일,대전광역시 중구 대흥동,경상사고,0,0,1,0,차대차 - 측면직각충돌,안전운전불이행,건조,맑음,단일로 - 기타,승합,남,56세,상해없음,자전거,남,26세,경상
2014052900100519,2014년 5월 29일 18시,목요일,대전광역시 중구 오류동,중상사고,0,1,0,0,차대사람 - 차도통행중,안전운전불이행,건조,맑음,단일로 - 기타,승용,남,48세,상해없음,보행자,여,21세,중상
2014052900100520,2014년 5월 29일 18시,목요일,대전광역시 유성구 봉명동,경상사고,0,0,1,0,차대차 - 추돌 - 진행중,신호위반,건조,맑음,교차로 - 교차로안,승용,남,77세,상해없음,승용,남,55세,경상
2014052900100664,2014년 5월 29일 23시,목요일,대전광역시 대덕구 읍내동,사망사고,1,0,0,0,차대차 - 추돌 - 주정차중,안전운전불이행,건조,맑음,단일로 - 기타,승용,남,32세,사망,화물,남,47세,상해없음
2014053000100063,2014년 5월 30일 04시,금요일,대전광역시 동구 용전동,중상사고,0,1,0,0,차대사람 - 보도통행중,보행자보호의무위반,건조,맑음,단일로 - 횡단보도상,승용,남,22세,상해없음,보행자,남,31세,중상
2014053000100071,2014년 5월 30일 05시,금요일,대전광역시 중구 사정동,경상사고,0,0,1,0,차대차 - 측면직각충돌,안전운전불이행,건조,맑음,교차로 - 교차로안,건설기계,남,52세,상해없음,승용,남,38세,경상
2014053000100121,2014년 5월 30일 07시,금요일,대전광역시 중구 문화동,경상사고,0,0,1,0,차대차 - 기타,안전운전불이행,건조,맑음,단일로 - 기타,화물,남,41세,상해없음,자전거,남,16세,경상
2014053000100122,2014년 5월 30일 07시,금요일,대전광역시 동구 천동,중상사고,0,1,0,0,차대차 - 기타,안전거리미확보,건조,맑음,단일로 - 기타,화물,남,47세,상해없음,원동기,남,65세,중상
2014053000100123,2014년 5월 30일 07시,금요일,대전광역시 서구 복수동,경상사고,0,0,2,0,차대차 - 추돌 - 주정차중,안전운전불이행,건조,맑음,교차로 - 교차로부근,승용,남,40세,상해없음,승용,남,29세,경상
2014053000100173,2014년 5월 30일 08시,금요일,대전광역시 유성구 도룡동,경상사고,0,0,2,0,차대차 - 추돌 - 주정차중,안전운전불이행,건조,맑음,교차로 - 교차로부근,승용,여,42세,상해없음,승용,남,60세,경상
2014053000100174,2014년 5월 30일 08시,금요일,대전광역시 서구 갈마동,경상사고,0,0,1,0,차대차 - 추돌 - 진행중,안전운전불이행,건조,맑음,단일로 - 기타,승용,여,28세,상해없음,승용,남,54세,상해없음
2014053000100175,2014년 5월 30일 08시,금요일,대전광역시 유성구 관평동,경상사고,0,0,1,0,차대차 - 기타,안전운전불이행,건조,맑음,교차로 - 교차로안,승용,여,33세,상해없음,자전거,여,51세,경상
2014053000100201,2014년 5월 30일 09시,금요일,대전광역시 중구 대흥동,중상사고,0,1,0,0,차대사람 - 차도통행중,안전운전불이행,건조,맑음,교차로 - 교차로안,화물,남,44세,상해없음,보행자,여,74세,중상
2014053000100361,2014년 5월 30일 14시,금요일,대전광역시 중구 유천동,경상사고,0,0,2,0,차대차 - 측면직각충돌,신호위반,건조,맑음,교차로 - 교차로안,승용,남,53세,상해없음,화물,남,52세,경상
2014053000100406,2014년 5월 30일 15시,금요일,대전광역시 유성구 탑립동,경상사고,0,0,1,0,차대차 - 측면직각충돌,중앙선침범,건조,맑음,단일로 - 기타,승용,여,52세,상해없음,승용,여,26세,경상
2014053000100569,2014년 5월 30일 18시,금요일,대전광역시 중구 오류동,경상사고,0,0,2,0,차대차 - 추돌 - 진행중,안전운전불이행,건조,흐림,교차로 - 교차로부근,승용,여,53세,상해없음,승용,여,44세,경상
2014053000100570,2014년 5월 30일 18시,금요일,대전광역시 서구 도안동,경상사고,0,0,1,0,차대차 - 추돌 - 주정차중,안전거리미확보,건조,맑음,교차로 - 교차로부근,승용,남,39세,상해없음,승용,남,38세,경상
2014053000100600,2014년 5월 30일 19시,금요일,대전광역시 중구 문화동,경상사고,0,0,1,0,차대사람 - 보도통행중,기타,건조,맑음,단일로 - 기타,승용,남,45세,상해없음,보행자,남,52세,경상
2014053000100672,2014년 5월 30일 21시,금요일,대전광역시 서구 월평동,경상사고,0,0,1,0,차대차 - 추돌 - 주정차중,중앙선침범,건조,맑음,단일로 - 기타,승합,남,41세,상해없음,승용,남,34세,상해없음
2014053000100711,2014년 5월 30일 22시,금요일,대전광역시 동구 용전동,경상사고,0,0,2,0,차대차 - 추돌 - 진행중,안전거리미확보,건조,맑음,단일로 - 기타,승용,남,61세,상해없음,승용,남,64세,경상
2014053000100747,2014년 5월 30일 23시,금요일,대전광역시 중구 대흥동,경상사고,0,0,1,0,차대사람 - 기타,신호위반,건조,맑음,단일로 - 기타,승용,남,41세,상해없음,보행자,남,31세,경상
2014053000100748,2014년 5월 30일 23시,금요일,대전광역시 서구 둔산동,경상사고,0,0,1,0,차대사람 - 차도통행중,안전운전불이행,건조,맑음,단일로 - 기타,승용,남,29세,상해없음,보행자,여,21세,경상
2014053100100119,2014년 5월 31일 05시,토요일,대전광역시 유성구 어은동,중상사고,0,1,1,0,차대차 - 측면직각충돌,안전운전불이행,건조,맑음,기타 - 기타,화물,남,56세,상해없음,승용,여,55세,경상
2014053100100146,2014년 5월 31일 06시,토요일,대전광역시 서구 내동,중상사고,0,1,0,0,차대차 - 기타,신호위반,건조,맑음,교차로 - 교차로안,승용,남,53세,상해없음,자전거,남,36세,중상
2014053100100147,2014년 5월 31일 06시,토요일,대전광역시 유성구 탑립동,중상사고,0,1,0,0,차량단독 - 전도전복,안전운전불이행,건조,맑음,교차로 - 교차로부근,화물,남,55세,상해없음,,,,
2014053100100229,2014년 5월 31일 09시,토요일,대전광역시 동구 대동,경상사고,0,0,1,0,차대차 - 측면직각충돌,신호위반,건조,맑음,교차로 - 교차로안,승용,여,43세,상해없음,승용,남,55세,경상
2014053100100266,2014년 5월 31일 10시,토요일,대전광역시 대덕구 읍내동,경상사고,0,0,1,0,차대차 - 기타,안전운전불이행,건조,맑음,단일로 - 기타,승용,남,21세,상해없음,승용,여,47세,경상
2014053100100267,2014년 5월 31일 10시,토요일,대전광역시 대덕구 신탄진동,경상사고,0,0,1,0,차대차 - 추돌 - 주정차중,안전거리미확보,건조,맑음,교차로 - 교차로부근,건설기계,남,54세,상해없음,승용,남,62세,경상
2014053100100355,2014년 5월 31일 12시,토요일,대전광역시 동구 판암동,중상사고,0,1,0,0,차대차 - 측면직각충돌,안전운전불이행,건조,맑음,단일로 - 기타,승용,남,37세,상해없음,원동기,남,75세,중상
2014053100100397,2014년 5월 31일 13시,토요일,대전광역시 대덕구 송촌동,경상사고,0,0,1,0,차대사람 - 횡단중,보행자보호의무위반,건조,맑음,교차로 - 교차로안,승합,남,58세,상해없음,보행자,남,13세,경상
2014053100100398,2014년 5월 31일 13시,토요일,대전광역시 유성구 원촌동,중상사고,0,1,1,0,차대차 - 측면직각충돌,신호위반,건조,맑음,교차로 - 교차로안,승용,남,43세,상해없음,승용,남,22세,경상
2014053100100399,2014년 5월 31일 13시,토요일,대전광역시 서구 둔산동,경상사고,0,0,1,0,차대사람 - 길가장자리구역통행중,안전운전불이행,건조,맑음,교차로 - 교차로부근,승용,남,36세,상해없음,보행자,여,22세,경상
2014053100100490,2014년 5월 31일 15시,토요일,대전광역시 서구 가장동,중상사고,0,1,0,0,차대차 - 측면직각충돌,안전운전불이행,건조,맑음,단일로 - 기타,승용,남,69세,중상,승용,남,43세,상해없음
2014053100100521,2014년 5월 31일 16시,토요일,대전광역시 유성구 지족동,중상사고,0,1,0,0,차대사람 - 횡단중,보행자보호의무위반,건조,맑음,단일로 - 횡단보도상,승용,여,37세,상해없음,보행자,여,38세,중상
2014053100100622,2014년 5월 31일 18시,토요일,대전광역시 동구 신흥동,경상사고,0,0,1,0,차대차 - 측면직각충돌,신호위반,건조,맑음,단일로 - 횡단보도부근,승용,남,61세,상해없음,승용,남,45세,경상
2014053100100623,2014년 5월 31일 18시,토요일,대전광역시 서구 둔산동,경상사고,0,0,1,0,차대사람 - 기타,안전운전불이행,기타,맑음,기타 - 기타,자전거,남,81세,상해없음,보행자,여,74세,경상
2014053100100624,2014년 5월 31일 18시,토요일,대전광역시 유성구 원신흥동,경상사고,0,0,2,0,차대차 - 추돌 - 진행중,안전운전불이행,건조,맑음,교차로 - 교차로부근,기타불명,기타불명,기타불명,기타불명,화물,남,46세,경상
2014053100100625,2014년 5월 31일 18시,토요일,대전광역시 유성구 봉명동,경상사고,0,0,1,0,차대차 - 기타,안전거리미확보,건조,맑음,교차로 - 교차로안,승용,여,20세,상해없음,승용,남,69세,경상
2014053100100717,2014년 5월 31일 20시,토요일,대전광역시 서구 도마동,경상사고,0,0,1,0,차대사람 - 횡단중,안전운전불이행,건조,기타,교차로 - 교차로안,승용,남,25세,상해없음,보행자,남,53세,경상
2014053100100759,2014년 5월 31일 21시,토요일,대전광역시 동구 판암동,경상사고,0,0,1,0,차대사람 - 길가장자리구역통행중,안전운전불이행,건조,맑음,단일로 - 기타,화물,남,43세,상해없음,보행자,여,35세,경상
2014053100100791,2014년 5월 31일 22시,토요일,대전광역시 중구 대흥동,경상사고,0,0,1,0,차대사람 - 차도통행중,안전운전불이행,건조,맑음,교차로 - 교차로안,승용,남,33세,상해없음,보행자,남,29세,경상