사고번호,사고일시,요일,시군구,사고내용,사망자수,중상자수,경상자수,부상신고자수,사고유형,법규위반,노면상태,기상상태,도로형태,가해운전자 차종,가해운전자 성별,가해운전자 연령,가해운전자 상해정도,피해운전자 차종,피해운전자 성별,피해운전자 연령,피해운전자 상해정도
2014053100100792,2014년 5월 31일 22시,토요일,대전광역시 동구 가양동,중상사고,0,1,0,0,차대사람 - 횡단중,안전운전불이행,건조,맑음,교차로 - 교차로안,승용,여,50세,상해없음,보행자,여,22세,중상
2014060100100090,2014년 6월 1일 05시,일요일,대전광역시 중구 대흥동,경상사고,0,0,1,1,차대차 - 측면직각충돌,신호위반,건조,맑음,교차로 - 교차로안,화물,남,50세,상해없음,승용,남,38세,경상
2014060100100243,2014년 6월 1일 13시,일요일,대전광역시 서구 내동,경상사고,0,0,4,0,차대차 - 측면직각충돌,기타,건조,맑음,기타 - 기타,승용,여,42세,상해없음,승용,남,39세,경상
2014060100100283,2014년 6월 1일 14시,일요일,대전광역시 유성구 갑동,중상사고,0,1,0,0,차대차 - 기타,차로위반,건조,맑음,교차로 - 교차로안,승용,남,43세,상해없음,이륜,남,38세,중상
2014060100100284,2014년 6월 1일 14시,일요일,대전광역시 유성구 용계동,중상사고,0,1,0,0,차대사람 - 횡단중,보행자보호의무위반,건조,맑음,단일로 - 횡단보도상,승용,여,34세,상해없음,보행자,남,6세,중상
2014060100100285,2014년 6월 1일 14시,일요일,대전광역시 서구 갈마동,경상사고,0,0,8,0,차대차 - 기타,안전운전불이행,건조,맑음,교차로 - 교차로부근,승용,여,41세,상해없음,승용,여,35세,경상
2014060100100310,2014년 6월 1일 15시,일요일,대전광역시 동구 마산동,사망사고,1,1,0,0,차량단독 - 도로외이탈 - 추락,안전운전불이행,건조,맑음,단일로 - 기타,농기계,남,76세,사망,,,,
2014060100100311,2014년 6월 1일 15시,일요일,대전광역시 유성구 갑동,중상사고,0,1,0,0,차대사람 - 차도통행중,안전운전불이행,건조,맑음,단일로 - 기타,승용,남,65세,상해없음,보행자,남,4세,중상
2014060100100346,2014년 6월 1일 16시,일요일,대전광역시 유성구 봉명동,경상사고,0,0,4,0,차대차 - 추돌 - 주정차중,안전거리미확보,건조,맑음,단일로 - 기타,건설기계,남,54세,상해없음,승용,남,31세,경상
2014060100100366,2014년 6월 1일 17시,일요일,대전광역시 동구 중동,경상사고,0,0,1,0,차대사람 - 기타,안전운전불이행,건조,맑음,교차로 - 교차로안,승용,남,30세,상해없음,보행자,남,21세,경상
2014060100100478,2014년 6월 1일 21시,일요일,대전광역시 중구 오류동,경상사고,0,0,1,0,차대차 - 추돌 - 주정차중,안전운전불이행,건조,맑음,교차로 - 교차로부근,승용,남,52세,상해없음,승용,남,33세,경상
2014060100100479,2014년 6월 1일 21시,일요일,대전광역시 동구 효동,중상사고,0,1,0,0,차대사람 - 횡단중,안전운전불이행,건조,맑음,단일로 - 기타,승용,남,54세,상해없음,보행자,남,37세,중상
2014060200100021,2014년 6월 2일 01시,월요일,대전광역시 동구 중동,중상사고,0,1,0,0,차대사람 - 횡단중,안전운전불이행,건조,맑음,단일로 - 기타,승용,남,22세,상해없음,보행자,남,55세,중상
2014060200100053,2014년 6월 2일 06시,월요일,대전광역시 대덕구 신일동,경상사고,0,0,1,0,차대차 - 측면직각충돌,신호위반,건조,맑음,교차로 - 교차로안,화물,남,54세,상해없음,승합,남,68세,경상
2014060200100146,2014년 6월 2일 09시,월요일,대전광역시 중구 태평동,경상사고,0,0,2,0,차대차 - 추돌 - 진행중,안전운전불이행,건조,맑음,교차로 - 교차로안,승합,남,46세,상해없음,승용,여,43세,경상
2014060200100181,2014년 6월 2일 10시,월요일,대전광역시 중구 대사동,중상사고,0,1,0,0,차대차 - 정면충돌,안전운전불이행,건조,맑음,교차로 - 교차로부근,승용,남,69세,상해없음,승용,남,49세,중상
2014060200100298,2014년 6월 2일 14시,월요일,대전광역시 서구 내동,경상사고,0,0,1,0,차대사람 - 횡단중,보행자보호의무위반,건조,맑음,단일로 - 횡단보도상,이륜,남,75세,상해없음,보행자,여,49세,경상
2014060200100299,2014년 6월 2일 14시,월요일,대전광역시 서구 도안동,중상사고,0,1,0,0,차대차 - 기타,신호위반,건조,맑음,교차로 - 교차로안,승용,남,40세,상해없음,승용,남,37세,중상
2014060200100479,2014년 6월 2일 19시,월요일,대전광역시 동구 자양동,중상사고,0,1,0,0,차대차 - 기타,교차로운행방법위반,습기,비,교차로 - 교차로안,승용,남,56세,상해없음,이륜,남,26세,중상
2014060200100480,2014년 6월 2일 19시,월요일,대전광역시 서구 정림동,경상사고,0,0,2,0,차대차 - 추돌 - 진행중,안전거리미확보,습기,흐림,교차로 - 교차로부근,승용,남,40세,기타불명,승용,남,27세,경상
2014060200100568,2014년 6월 2일 21시,월요일,대전광역시 중구 유천동,경상사고,0,0,1,0,차대차 - 기타,안전운전불이행,건조,맑음,단일로 - 기타,화물,남,35세,상해없음,화물,남,52세,경상
2014060200100569,2014년 6월 2일 21시,월요일,대전광역시 동구 인동,중상사고,0,1,0,0,차대사람 - 횡단중,안전운전불이행,습기,흐림,단일로 - 횡단보도부근,승용,남,32세,상해없음,보행자,남,52세,중상
2014060200100570,2014년 6월 2일 21시,월요일,대전광역시 서구 괴정동,경상사고,0,0,2,0,차대차 - 추돌 - 주정차중,안전운전불이행,건조,맑음,단일로 - 기타,승용,남,28세,상해없음,승용,남,60세,경상
2014060200100571,2014년 6월 2일 21시,월요일,대전광역시 유성구 화암동,부상신고사고,0,0,0,1,차량단독 - 기타,안전거리미확보,건조,맑음,단일로 - 기타,승합,남,52세,상해없음,,,,
2014060200100617,2014년 6월 2일 22시,월요일,대전광역시 중구 대흥동,경상사고,0,0,1,0,차대차 - 기타,안전운전불이행,건조,맑음,단일로 - 기타,승용,남,61세,상해없음,승용,남,48세,경상
2014060200100618,2014년 6월 2일 22시,월요일,대전광역시 서구 도마동,중상사고,0,1,1,0,차대차 - 추돌 - 진행중,안전운전불이행,건조,맑음,교차로 - 교차로안,승용,남,55세,상해없음,승용,남,71세,경상
2014060300100057,2014년 6월 3일 02시,화요일,대전광역시 서구 월평동,중상사고,0,1,2,0,차대차 - 기타,신호위반,습기,비,교차로 - 교차로안,승용,남,38세,상해없음,승용,남,23세,중상
2014060300100217,2014년 6월 3일 09시,화요일,대전광역시 서구 갈마동,경상사고,0,0,1,0,차대차 - 추돌 - 진행중,안전거리미확보,습기,비,단일로 - 기타,승합,남,41세,상해없음,승용,남,58세,경상
2014060300100363,2014년 6월 3일 14시,화요일,대전광역시 유성구 교촌동,경상사고,0,0,2,0,차대차 - 기타,교차로운행방법위반,건조,맑음,교차로 - 교차로안,승용,남,30세,상해없음,승용,남,74세,경상
2014060300100405,2014년 6월 3일 15시,화요일,대전광역시 서구 갈마동,경상사고,0,0,1,0,차대사람 - 차도통행중,안전운전불이행,건조,흐림,단일로 - 기타,기타불명,기타불명,기타불명,기타불명,보행자,여,22세,경상
2014060300100482,2014년 6월 3일 17시,화요일,대전광역시 서구 도마동,경상사고,0,0,1,0,차대사람 - 기타,안전운전불이행,건조,맑음,단일로 - 기타,이륜,남,28세,상해없음,보행자,남,2세,경상
2014060300100483,2014년 6월 3일 17시,화요일,대전광역시 유성구 봉명동,경상사고,0,0,1,0,차대차 - 기타,안전운전불이행,습기,흐림,교차로 - 교차로부근,승용,여,41세,상해없음,승용,남,32세,경상
2014060300100523,2014년 6월 3일 18시,화요일,대전광역시 중구 유천동,경상사고,0,0,1,0,차대사람 - 횡단중,안전운전불이행,건조,맑음,단일로 - 횡단보도부근,승용,여,66세,상해없음,보행자,남,17세,경상
2014060300100581,2014년 6월 3일 20시,화요일,대전광역시 동구 삼성동,경상사고,0,0,1,0,차대사람 - 횡단중,안전운전불이행,건조,맑음,단일로 - 기타,승용,여,36세,상해없음,보행자,여,61세,경상
2014060300100582,2014년 6월 3일 20시,화요일,대전광역시 서구 갈마동,중상사고,0,1,0,0,차대사람 - 기타,안전운전불이행,건조,흐림,단일로 - 기타,승용,남,56세,상해없음,보행자,남,17세,중상
2014060300100623,2014년 6월 3일 21시,화요일,대전광역시 중구 오류동,경상사고,0,0,1,0,차대사람 - 횡단중,안전운전불이행,건조,맑음,교차로 - 교차로부근,승용,기타불명,기타불명,기타불명,보행자,남,25세,경상
2014060300100664,2014년 6월 3일 22시,화요일,대전광역시 동구 가양동,경상사고,0,0,7,0,차대차 - 측면직각충돌,중앙선침범,건조,맑음,교차로 - 교차로부근,승용,남,44세,상해없음,승합,남,26세,경상
2014060300100665,2014년 6월 3일 22시,화요일,대전광역시 유성구 봉명동,경상사고,0,0,1,0,차대사람 - 기타,안전운전불이행,건조,흐림,교차로 - 교차로부근,승용,남,64세,상해없음,보행자,남,44세,경상
2014060300100704,2014년 6월 3일 23시,화요일,대전광역시 서구 월평동,중상사고,0,2,1,0,차대차 - 추돌 - 주정차중,안전운전불이행,건조,흐림,교차로 - 교차로부근,승용,남,27세,상해없음,승용,남,32세,중상
2014060400100047,2014년 6월 4일 01시,수요일,대전광역시 중구 태평동,경상사고,0,0,1,0,차대차 - 측면직각충돌,신호위반,건조,맑음,교차로 - 교차로안,승용,남,25세,상해없음,승용,남,68세,경상
2014060400100103,2014년 6월 4일 05시,수요일,대전광역시 동구 자양동,경상사고,0,0,1,0,차대사람 - 횡단중,안전운전불이행,건조,맑음,단일로 - 횡단보도상,승용,남,68세,상해없음,보행자,남,24세,경상
2014060400100252,2014년 6월 4일 11시,수요일,대전광역시 동구 가양동,경상사고,0,0,1,0,차대사람 - 기타,교차로운행방법위반,건조,맑음,교차로 - 교차로안,승용,남,63세,상해없음,보행자,여,67세,경상
2014060400100407,2014년 6월 4일 16시,수요일,대전광역시 중구 대흥동,중상사고,0,1,0,0,차대차 - 추돌 - 진행중,안전운전불이행,건조,맑음,단일로 - 기타,화물,남,51세,상해없음,승용,남,49세,중상
2014060400100408,2014년 6월 4일 16시,수요일,대전광역시 동구 가오동,경상사고,0,0,2,0,차대차 - 측면직각충돌,안전거리미확보,건조,맑음,교차로 - 교차로부근,승용,남,51세,상해없음,승용,남,51세,경상
2014060400100409,2014년 6월 4일 16시,수요일,대전광역시 대덕구 중리동,경상사고,0,0,1,0,차대사람 - 횡단중,안전운전불이행,건조,맑음,단일로 - 기타,승용,남,52세,상해없음,보행자,여,56세,경상
2014060400100456,2014년 6월 4일 17시,수요일,대전광역시 대덕구 중리동,부상신고사고,0,0,0,1,차대사람 - 기타,안전운전불이행,건조,맑음,단일로 - 기타,승용,기타불명,42세,기타불명,보행자,여,10세,부상신고
2014060400100490,2014년 6월 4일 18시,수요일,대전광역시 서구 만년동,중상사고,0,1,2,0,차대차 - 추돌 - 주정차중,안전운전불이행,건조,맑음,교차로 - 교차로부근,승용,남,32세,상해없음,승용,남,34세,중상
2014060400100526,2014년 6월 4일 19시,수요일,대전광역시 대덕구 법동,중상사고,0,2,1,0,차대차 - 측면직각충돌,신호위반,건조,맑음,교차로 - 교차로안,승합,남,46세,상해없음,승용,남,59세,경상
2014060400100527,2014년 6월 4일 19시,수요일,대전광역시 서구 갈마동,중상사고,0,1,0,0,차대사람 - 기타,안전운전불이행,건조,맑음,단일로 - 횡단보도상,승용,남,40세,상해없음,보행자,남,64세,중상
2014060400100598,2014년 6월 4일 21시,수요일,대전광역시 중구 대사동,경상사고,0,0,1,0,차대차 - 추돌 - 진행중,안전운전불이행,건조,맑음,단일로 - 기타,승용,남,44세,상해없음,승용,여,27세,경상
2014060400100624,2014년 6월 4일 22시,수요일,대전광역시 서구 탄방동,경상사고,0,0,1,0,차대사람 - 보도통행중,안전운전불이행,건조,맑음,단일로 - 기타,이륜,남,16세,상해없음,보행자,여,30세,경상
2014060400100660,2014년 6월 4일 23시,수요일,대전광역시 중구 대사동,경상사고,0,0,2,0,차대차 - 추돌 - 진행중,안전거리미확보,건조,맑음,단일로 - 기타,승용,남,41세,경상,화물,남,31세,경상
2014060400100661,2014년 6월 4일 23시,수요일,대전광역시 유성구 하기동,경상사고,0,0,1,0,차대차 - 기타,안전운전불이행,습기,맑음,교차로 - 교차로부근,승용,여,46세,상해없음,승용,여,20세,경상
2014060500100012,2014년 6월 5일 00시,목요일,대전광역시 유성구 반석동,경상사고,0,0,1,0,차대차 - 측면직각충돌,안전운전불이행,건조,맑음,단일로 - 기타,승용,남,30세,상해없음,승용,남,55세,경상
2014060500100037,2014년 6월 5일 02시,목요일,대전광역시 대덕구 오정동,경상사고,0,0,2,0,차대차 - 추돌 - 주정차중,안전운전불이행,건조,맑음,교차로 - 교차로부근,승용,남,52세,상해없음,승용,남,60세,경상
2014060500100049,2014년 6월 5일 03시,목요일,대전광역시 서구 용문동,중상사고,0,1,1,0,차대사람 - 보도통행중,보행자보호의무위반,건조,맑음,교차로 - 교차로부근,화물,남,52세,상해없음,보행자,여,20세,중상
2014060500100050,2014년 6월 5일 03시,목요일,대전광역시 유성구 궁동,경상사고,0,0,1,0,차대차 - 기타,중앙선침범,건조,맑음,교차로 - 교차로부근,승용,남,31세,상해없음,승용,남,46세,경상
2014060500100060,2014년 6월 5일 04시,목요일,대전광역시 중구 대흥동,사망사고,1,0,0,0,차대사람 - 횡단중,안전운전불이행,건조,흐림,단일로 - 횡단보도부근,승용,남,23세,상해없음,보행자,남,25세,사망
2014060500100061,2014년 6월 5일 04시,목요일,대전광역시 유성구 탑립동,중상사고,0,3,2,0,차대차 - 측면직각충돌,신호위반,건조,맑음,교차로 - 교차로안,승용,남,56세,중상,화물,남,54세,중상
2014060500100091,2014년 6월 5일 06시,목요일,대전광역시 유성구 갑동,중상사고,0,1,0,0,차대차 - 추돌 - 주정차중,안전운전불이행,건조,맑음,교차로 - 교차로부근,승용,남,21세,상해없음,승용,남,43세,중상
2014060500100140,2014년 6월 5일 08시,목요일,대전광역시 서구 정림동,중상사고,0,1,1,0,차대차 - 추돌 - 진행중,안전운전불이행,건조,맑음,단일로 - 기타,승용,여,25세,중상,승용,남,25세,경상
2014060500100294,2014년 6월 5일 13시,목요일,대전광역시 동구 정동,경상사고,0,0,1,0,차량단독 - 기타,기타,건조,맑음,단일로 - 기타,승합,남,58세,상해없음,,,,
2014060500100390,2014년 6월 5일 16시,목요일,대전광역시 서구 도마동,중상사고,0,1,0,0,차대사람 - 기타,안전운전불이행,건조,맑음,단일로 - 기타,자전거,남,13세,상해없음,보행자,여,56세,중상
2014060500100487,2014년 6월 5일 19시,목요일,대전광역시 대덕구 중리동,경상사고,0,0,3,0,차대차 - 기타,안전운전불이행,건조,맑음,단일로 - 기타,승용,남,53세,상해없음,승용,여,32세,경상
2014060500100525,2014년 6월 5일 20시,목요일,대전광역시 동구 중동,경상사고,0,0,2,0,차대차 - 측면직각충돌,안전운전불이행,건조,맑음,단일로 - 기타,승용,남,21세,경상,승합,남,52세,경상
2014060500100563,2014년 6월 5일 21시,목요일,대전광역시 서구 가장동,경상사고,0,0,2,0,차대차 - 추돌 - 주정차중,안전운전불이행,건조,맑음,단일로 - 기타,승용,남,28세,상해없음,승용,남,38세,경상
2014060500100595,2014년 6월 5일 22시,목요일,대전광역시 동구 용전동,중상사고,0,1,0,0,차대사람 - 횡단중,안전운전불이행,건조,맑음,단일로 - 기타,승용,남,53세,상해없음,보행자,여,67세,중상
2014060500100596,2014년 6월 5일 22시,목요일,대전광역시 유성구 화암동,경상사고,0,0,2,0,차대차 - 추돌 - 주정차중,안전운전불이행,건조,맑음,단일로 - 기타,승용,남,48세,상해없음,승용,남,43세,경상
2014060500100597,2014년 6월 5일 22시,목요일,대전광역시 서구 둔산동,경상사고,0,0,1,0,차대차 - 측면직각충돌,안전운전불이행,건조,맑음,교차로 - 교차로안,승용,남,26세,상해없음,자전거,남,38세,경상
2014060500100634,2014년 6월 5일 23시,목요일,대전광역시 유성구 노은동,경상사고,0,0,1,0,차대차 - 측면직각충돌,안전운전불이행,건조,맑음,단일로 - 기타,승용,남,33세,상해없음,승용,남,28세,경상
2014060600100037,2014년 6월 6일 01시,금요일,대전광역시 서구 탄방동,중상사고,0,1,0,0,차대차 - 측면직각충돌,안전운전불이행,건조,맑음,교차로 - 교차로안,승용,여,50세,상해없음,자전거,남,31세,중상
2014060600100051,2014년 6월 6일 02시,금요일,대전광역시 동구 가양동,경상사고,0,0,1,0,차대차 - 추돌 - 주정차중,안전운전불이행,건조,맑음,교차로 - 교차로부근,승용,남,66세,상해없음,승용,남,40세,경상
2014060600100166,2014년 6월 6일 09시,금요일,대전광역시 대덕구 신대동,경상사고,0,0,1,0,차대차 - 추돌 - 주정차중,안전운전불이행,건조,맑음,단일로 - 기타,자전거,남,52세,상해없음,자전거,남,32세,경상
2014060600100193,2014년 6월 6일 10시,금요일,대전광역시 중구 태평동,경상사고,0,0,1,0,차대차 - 측면직각충돌,안전거리미확보,건조,맑음,단일로 - 기타,승용,남,43세,상해없음,승용,여,43세,경상
2014060600100236,2014년 6월 6일 12시,금요일,대전광역시 서구 둔산동,중상사고,0,1,0,0,차대사람 - 횡단중,안전운전불이행,건조,맑음,단일로 - 횡단보도상,승용,남,44세,상해없음,보행자,남,10세,중상
2014060600100286,2014년 6월 6일 13시,금요일,대전광역시 동구 용운동,경상사고,0,0,1,0,차대사람 - 길가장자리구역통행중,안전운전불이행,건조,맑음,교차로 - 교차로부근,승용,기타불명,기타불명,기타불명,보행자,여,44세,경상
2014060600100349,2014년 6월 6일 15시,금요일,대전광역시 유성구 원내동,경상사고,0,0,1,0,차대차 - 측면직각충돌,안전운전불이행,건조,맑음,단일로 - 기타,승합,남,55세,상해없음,승용,여,46세,경상
2014060600100392,2014년 6월 6일 16시,금요일,대전광역시 중구 대흥동,경상사고,0,0,2,0,차대차 - 추돌 - 진행중,안전운전불이행,건조,맑음,교차로 - 교차로안,이륜,남,29세,상해없음,승용,남,64세,경상
2014060600100430,2014년 6월 6일 17시,금요일,대전광역시 중구 대사동,경상사고,0,0,2,0,차대차 - 측면직각충돌,안전운전불이행,건조,맑음,교차로 - 교차로부근,이륜,남,50세,상해없음,승용,남,31세,경상
2014060600100431,2014년 6월 6일 17시,금요일,대전광역시 동구 천동,경상사고,0,0,2,0,차대차 - 기타,안전거리미확보,건조,맑음,단일로 - 기타,승용,기타불명,기타불명,기타불명,자전거,남,15세,경상
2014060600100537,2014년 6월 6일 20시,금요일,대전광역시 유성구 도룡동,중상사고,0,2,0,0,차대차 - 측면직각충돌,신호위반,건조,맑음,교차로 - 교차로안,승용,남,24세,상해없음,승용,남,67세,중상
2014060600100570,2014년 6월 6일 21시,금요일,대전광역시 중구 오류동,경상사고,0,0,1,0,차량단독 - 기타,안전운전불이행,건조,맑음,교차로 - 교차로부근,승용,남,54세,상해없음,,,,
2014060600100598,2014년 6월 6일 22시,금요일,대전광역시 동구 대동,중상사고,0,1,0,0,차대차 - 기타,안전거리미확보,건조,맑음,단일로 - 기타,승용,여,45세,상해없음,이륜,남,21세,중상
2014060600100599,2014년 6월 6일 22시,금요일,대전광역시 서구 갈마동,경상사고,0,0,4,0,차대차 - 측면직각충돌,안전운전불이행,건조,맑음,단일로 - 기타,승용,남,64세,상해없음,승용,남,40세,경상
2014060600100627,2014년 6월 6일 23시,금요일,대전광역시 서구 용문동,경상사고,0,0,1,0,차대차 - 추돌 - 주정차중,안전운전불이행,건조,맑음,교차로 - 교차로부근,승용,남,25세,상해없음,승용,여,50세,경상
2014060600100628,2014년 6월 6일 23시,금요일,대전광역시 서구 갈마동,중상사고,0,1,9,0,차대차 - 측면직각충돌,신호위반,건조,맑음,교차로 - 교차로안,승용,여,54세,상해없음,승용,남,35세,경상
2014060700100060,2014년 6월 7일 04시,토요일,대전광역시 중구 안영동,중상사고,0,1,1,0,차대차 - 추돌 - 주정차중,과속,건조,맑음,단일로 - 기타,승용,남,24세,상해없음,특수,남,32세,상해없음
2014060700100132,2014년 6월 7일 08시,토요일,대전광역시 동구 가양동,경상사고,0,0,2,0,차대차 - 추돌 - 진행중,안전거리미확보,건조,맑음,교차로 - 교차로부근,승용,남,52세,상해없음,승용,남,40세,경상
2014060700100163,2014년 6월 7일 09시,토요일,대전광역시 동구 하소동,중상사고,0,1,0,0,차대차 - 추돌 - 진행중,기타,건조,맑음,단일로 - 기타,화물,남,35세,상해없음,자전거,여,45세,중상
2014060700100164,2014년 6월 7일 09시,토요일,대전광역시 유성구 봉명동,중상사고,0,1,0,0,차대사람 - 기타,안전운전불이행,건조,맑음,단일로 - 기타,승용,남,27세,상해없음,보행자,남,73세,중상
2014060700100185,2014년 6월 7일 10시,토요일,대전광역시 서구 변동,경상사고,0,0,2,0,차대차 - 측면직각충돌,안전운전불이행,건조,맑음,단일로 - 기타,승용,남,73세,상해없음,승용,남,52세,경상
2014060700100218,2014년 6월 7일 11시,토요일,대전광역시 서구 관저동,경상사고,0,0,1,0,차량단독 - 기타,기타,건조,기타,단일로 - 기타,승합,남,51세,상해없음,,,,
2014060700100219,2014년 6월 7일 11시,토요일,대전광역시 유성구 봉명동,경상사고,0,0,1,0,차대차 - 기타,안전운전불이행,건조,맑음,단일로 - 기타,승용,기타불명,기타불명,기타불명,자전거,여,26세,경상
2014060700100372,2014년 6월 7일 15시,토요일,대전광역시 서구 흑석동,경상사고,0,0,3,0,차대차 - 측면직각충돌,중앙선침범,건조,기타,교차로 - 교차로부근,승용,남,36세,상해없음,승용,여,28세,경상
2014060700100416,2014년 6월 7일 16시,토요일,대전광역시 중구 문창동,경상사고,0,0,1,0,차대차 - 측면직각충돌,안전운전불이행,건조,맑음,교차로 - 교차로안,승용,여,35세,상해없음,자전거,남,61세,경상
2014060700100492,2014년 6월 7일 18시,토요일,대전광역시 중구 산성동,경상사고,0,0,1,0,차대차 - 측면직각충돌,차로위반,건조,맑음,단일로 - 기타,승용,남,43세,상해없음,원동기,남,42세,경상
2014060700100587,2014년 6월 7일 21시,토요일,대전광역시 중구 사정동,중상사고,0,1,0,0,차대사람 - 차도통행중,안전운전불이행,건조,맑음,단일로 - 기타,승용,남,43세,상해없음,보행자,남,53세,중상
2014060700100663,2014년 6월 7일 23시,토요일,대전광역시 서구 둔산동,경상사고,0,0,3,0,차대차 - 측면직각충돌,안전운전불이행,건조,맑음,교차로 - 교차로안,승용,남,67세,상해없음,승용,남,20세,경상
2014060700100664,2014년 6월 7일 23시,토요일,대전광역시 서구 탄방동,중상사고,0,1,0,0,차대차 - 측면직각충돌,안전거리미확보,건조,맑음,단일로 - 기타,승용,남,40세,상해없음,자전거,남,26세,중상
2014060800100059,2014년 6월 8일 03시,일요일,대전광역시 중구 선화동,경상사고,0,0,1,0,차대사람 - 기타,안전운전불이행,건조,맑음,단일로 - 기타,승용,남,28세,상해없음,보행자,남,56세,경상
2014060800100060,2014년 6월 8일 03시,일요일,대전광역시 중구 유천동,경상사고,0,0,3,0,차대차 - 추돌 - 진행중,안전운전불이행,건조,맑음,교차로 - 교차로부근,승용,남,57세,상해없음,승용,남,30세,경상
2014060800100088,2014년 6월 8일 05시,일요일,대전광역시 중구 유천동,중상사고,0,1,0,0,차대차 - 측면직각충돌,안전거리미확보,건조,맑음,단일로 - 기타,승용,남,34세,상해없음,이륜,남,55세,중상
2014060800100089,2014년 6월 8일 05시,일요일,대전광역시 동구 성남동,경상사고,0,0,2,0,차대차 - 추돌 - 주정차중,안전운전불이행,습기,비,단일로 - 기타,승용,남,23세,상해없음,승용,남,68세,경상
2014060800100103,2014년 6월 8일 07시,일요일,대전광역시 중구 오류동,중상사고,0,1,0,0,차대차 - 측면직각충돌,신호위반,건조,맑음,교차로 - 교차로안,승용,남,18세,상해없음,화물,남,35세,중상
2014060800100126,2014년 6월 8일 09시,일요일,대전광역시 서구 만년동,중상사고,0,1,0,0,차대차 - 기타,중앙선침범,건조,맑음,단일로 - 기타,승용,남,34세,상해없음,이륜,남,37세,중상
2014060800100150,2014년 6월 8일 10시,일요일,대전광역시 동구 용전동,중상사고,0,1,0,0,차대차 - 정면충돌,안전운전불이행,건조,맑음,교차로 - 교차로부근,승용,남,27세,상해없음,승용,남,49세,중상
2014060800100170,2014년 6월 8일 11시,일요일,대전광역시 유성구 원내동,경상사고,0,0,2,0,차대차 - 측면직각충돌,안전운전불이행,건조,맑음,교차로 - 교차로안,승용,여,39세,상해없음,승용,남,36세,경상
2014060800100191,2014년 6월 8일 12시,일요일,대전광역시 동구 정동,경상사고,0,0,1,0,차량단독 - 공작물충돌,기타,건조,맑음,단일로 - 기타,승합,남,55세,상해없음,,,,
2014060800100192,2014년 6월 8일 12시,일요일,대전광역시 대덕구 석봉동,경상사고,0,0,1,0,차대차 - 측면직각충돌,안전운전불이행,건조,맑음,교차로 - 교차로안,승용,남,39세,상해없음,자전거,남,9세,경상
2014060800100225,2014년 6월 8일 13시,일요일,대전광역시 서구 도안동,사망사고,1,0,0,0,차대차 - 기타,안전운전불이행,건조,맑음,단일로 - 횡단보도상,승용,남,48세,상해없음,승용,남,42세,상해없음
2014060800100242,2014년 6월 8일 14시,일요일,대전광역시 중구 태평동,중상사고,0,1,0,0,차대사람 - 횡단중,안전운전불이행,건조,맑음,단일로 - 기타,승용,남,41세,상해없음,보행자,여,5세,중상
2014060800100272,2014년 6월 8일 15시,일요일,대전광역시 유성구 노은동,중상사고,0,2,1,0,차대차 - 추돌 - 진행중,안전거리미확보,건조,맑음,교차로 - 교차로부근,승용,여,47세,상해없음,승용,여,64세,중상
2014060800100298,2014년 6월 8일 16시,일요일,대전광역시 동구 가양동,중상사고,0,1,1,0,차대차 - 추돌 - 주정차중,안전운전불이행,건조,맑음,교차로 - 교차로부근,승용,남,64세,상해없음,승용,남,43세,중상
2014060800100390,2014년 6월 8일 19시,일요일,대전광역시 중구 안영동,경상사고,0,0,1,0,차대차 - 추돌 - 주정차중,안전운전불이행,건조,맑음,단일로 - 기타,승용,남,41세,상해없음,이륜,남,43세,경상
2014060800100391,2014년 6월 8일 19시,일요일,대전광역시 대덕구 비래동,경상사고,0,0,7,0,차대차 - 측면직각충돌,중앙선침범,건조,맑음,단일로 - 기타,승용,남,56세,상해없음,승합,남,43세,경상
2014060800100416,2014년 6월 8일 20시,일요일,대전광역시 서구 둔산동,중상사고,0,1,2,0,차대차 - 기타,안전운전불이행,건조,맑음,교차로 - 교차로부근,승용,남,32세,상해없음,승용,남,43세,중상
2014060800100444,2014년 6월 8일 21시,일요일,대전광역시 서구 관저동,경상사고,0,0,1,0,차대차 - 측면직각충돌,중앙선침범,건조,기타,단일로 - 기타,자전거,남,14세,기타불명,이륜,남,21세,경상
2014060800100471,2014년 6월 8일 23시,일요일,대전광역시 동구 정동,중상사고,0,1,0,0,차대차 - 측면직각충돌,중앙선침범,건조,맑음,단일로 - 기타,승용,남,63세,상해없음,원동기,남,17세,중상
2014060900100011,2014년 6월 9일 00시,월요일,대전광역시 유성구 용산동,경상사고,0,0,3,0,차대차 - 측면직각충돌,신호위반,건조,맑음,교차로 - 교차로안,승합,남,39세,상해없음,승용,남,25세,경상
2014060900100055,2014년 6월 9일 06시,월요일,대전광역시 서구 갈마동,경상사고,0,0,3,0,차대차 - 기타,안전운전불이행,건조,맑음,교차로 - 교차로안,승용,남,30세,상해없음,승용,여,53세,경상
2014060900100120,2014년 6월 9일 08시,월요일,대전광역시 중구 목동,중상사고,0,1,0,0,차대사람 - 차도통행중,안전운전불이행,건조,맑음,단일로 - 기타,승용,여,30세,상해없음,보행자,여,47세,중상
2014060900100121,2014년 6월 9일 08시,월요일,대전광역시 유성구 방동,경상사고,0,0,4,0,차대차 - 추돌 - 진행중,안전거리미확보,건조,맑음,단일로 - 기타,승용,남,66세,상해없음,승합,남,63세,경상
2014060900100227,2014년 6월 9일 12시,월요일,대전광역시 동구 용전동,경상사고,0,0,1,0,차대사람 - 기타,기타,건조,맑음,단일로 - 기타,승합,남,48세,상해없음,보행자,여,74세,경상
2014060900100330,2014년 6월 9일 15시,월요일,대전광역시 중구 대흥동,경상사고,0,0,1,0,차대사람 - 기타,보행자보호의무위반,습기,비,단일로 - 기타,승용,기타불명,기타불명,기타불명,보행자,남,8세,경상