사고번호,사고일시,요일,시군구,사고내용,사망자수,중상자수,경상자수,부상신고자수,사고유형,법규위반,노면상태,기상상태,도로형태,가해운전자 차종,가해운전자 성별,가해운전자 연령,가해운전자 상해정도,피해운전자 차종,피해운전자 성별,피해운전자 연령,피해운전자 상해정도
2014061500100498,2014년 6월 15일 21시,일요일,대전광역시 서구 내동,경상사고,0,0,1,0,차대차 - 측면직각충돌,안전운전불이행,건조,맑음,단일로 - 기타,승용,남,62세,상해없음,이륜,남,28세,경상
2014061500100499,2014년 6월 15일 21시,일요일,대전광역시 서구 정림동,경상사고,0,0,1,0,차대차 - 추돌 - 진행중,안전운전불이행,건조,맑음,단일로 - 기타,승용,남,66세,상해없음,승용,여,43세,경상
2014061600100091,2014년 6월 16일 07시,월요일,대전광역시 중구 태평동,경상사고,0,0,1,0,차대차 - 측면직각충돌,교차로운행방법위반,건조,맑음,교차로 - 교차로안,승용,남,28세,상해없음,승용,남,68세,상해없음
2014061600100092,2014년 6월 16일 07시,월요일,대전광역시 유성구 용산동,경상사고,0,0,1,0,차대차 - 기타,신호위반,건조,맑음,교차로 - 교차로안,승용,남,22세,상해없음,승용,남,64세,경상
2014061600100125,2014년 6월 16일 08시,월요일,대전광역시 유성구 관평동,경상사고,0,0,3,0,차대차 - 측면직각충돌,신호위반,건조,맑음,교차로 - 교차로안,승용,여,54세,상해없음,승용,남,32세,경상
2014061600100193,2014년 6월 16일 10시,월요일,대전광역시 유성구 탑립동,경상사고,0,0,1,0,차량단독 - 기타,기타,건조,맑음,단일로 - 기타,승합,남,41세,상해없음,,,,
2014061600100216,2014년 6월 16일 11시,월요일,대전광역시 서구 탄방동,중상사고,0,1,0,0,차대사람 - 기타,보행자보호의무위반,건조,맑음,교차로 - 교차로안,화물,여,66세,상해없음,보행자,여,56세,중상
2014061600100269,2014년 6월 16일 13시,월요일,대전광역시 서구 둔산동,경상사고,0,0,2,0,차대차 - 측면직각충돌,안전운전불이행,건조,맑음,교차로 - 교차로안,승합,남,60세,상해없음,승용,여,42세,경상
2014061600100379,2014년 6월 16일 16시,월요일,대전광역시 유성구 방동,사망사고,1,0,0,0,차대차 - 추돌 - 주정차중,안전운전불이행,건조,맑음,단일로 - 기타,승용,여,49세,사망,특수,남,38세,상해없음
2014061600100413,2014년 6월 16일 17시,월요일,대전광역시 중구 부사동,경상사고,0,0,1,0,차대차 - 추돌 - 주정차중,안전운전불이행,건조,맑음,단일로 - 기타,승용,남,45세,상해없음,화물,남,30세,경상
2014061600100480,2014년 6월 16일 19시,월요일,대전광역시 대덕구 대화동,경상사고,0,0,1,0,차량단독 - 기타,안전운전불이행,건조,맑음,단일로 - 기타,승합,남,57세,상해없음,,,,
2014061600100481,2014년 6월 16일 19시,월요일,대전광역시 대덕구 법동,경상사고,0,0,1,0,차대차 - 기타,안전운전불이행,건조,맑음,교차로 - 교차로안,승용,남,45세,상해없음,승용,남,50세,경상
2014061600100505,2014년 6월 16일 20시,월요일,대전광역시 중구 유천동,경상사고,0,0,1,0,차대차 - 측면직각충돌,안전운전불이행,건조,맑음,교차로 - 교차로부근,승용,남,43세,상해없음,승용,남,49세,경상
2014061600100506,2014년 6월 16일 20시,월요일,대전광역시 중구 태평동,경상사고,0,0,1,0,차대차 - 추돌 - 주정차중,안전운전불이행,건조,맑음,교차로 - 교차로부근,승용,남,33세,상해없음,승용,여,44세,경상
2014061600100580,2014년 6월 16일 22시,월요일,대전광역시 서구 변동,경상사고,0,0,1,0,차대차 - 추돌 - 진행중,안전운전불이행,건조,맑음,교차로 - 교차로부근,화물,남,51세,상해없음,승용,여,51세,경상
2014061600100606,2014년 6월 16일 23시,월요일,대전광역시 대덕구 오정동,경상사고,0,0,1,0,차대차 - 측면직각충돌,안전거리미확보,건조,맑음,단일로 - 기타,승용,남,49세,상해없음,이륜,남,19세,경상
2014061700100018,2014년 6월 17일 00시,화요일,대전광역시 유성구 원신흥동,중상사고,0,1,0,0,차대차 - 측면직각충돌,안전거리미확보,건조,맑음,교차로 - 교차로부근,승용,남,25세,상해없음,원동기,남,17세,중상
2014061700100032,2014년 6월 17일 01시,화요일,대전광역시 중구 옥계동,경상사고,0,0,3,0,차대차 - 추돌 - 주정차중,안전운전불이행,건조,맑음,교차로 - 교차로부근,승용,남,42세,상해없음,승용,남,46세,경상
2014061700100076,2014년 6월 17일 06시,화요일,대전광역시 서구 월평동,중상사고,0,1,0,0,차대차 - 측면직각충돌,신호위반,건조,맑음,교차로 - 교차로안,승용,남,26세,상해없음,승용,여,32세,중상
2014061700100182,2014년 6월 17일 09시,화요일,대전광역시 중구 선화동,경상사고,0,0,1,0,차대차 - 추돌 - 주정차중,안전운전불이행,건조,맑음,교차로 - 교차로안,승합,남,54세,상해없음,승용,남,54세,상해없음
2014061700100295,2014년 6월 17일 13시,화요일,대전광역시 중구 대사동,경상사고,0,0,3,0,차대차 - 추돌 - 주정차중,안전운전불이행,건조,맑음,교차로 - 교차로부근,승용,남,52세,상해없음,승용,남,56세,경상
2014061700100296,2014년 6월 17일 13시,화요일,대전광역시 서구 가수원동,경상사고,0,0,9,0,차대차 - 추돌 - 주정차중,안전운전불이행,건조,맑음,단일로 - 기타,화물,남,44세,상해없음,승용,남,43세,경상
2014061700100297,2014년 6월 17일 13시,화요일,대전광역시 서구 변동,중상사고,0,1,0,0,차대차 - 추돌 - 진행중,안전운전불이행,건조,맑음,교차로 - 교차로안,자전거,남,84세,중상,승합,남,44세,상해없음
2014061700100330,2014년 6월 17일 14시,화요일,대전광역시 중구 문화동,경상사고,0,0,1,0,차량단독 - 기타,기타,건조,맑음,단일로 - 기타,승합,남,58세,상해없음,,,,
2014061700100331,2014년 6월 17일 14시,화요일,대전광역시 서구 둔산동,경상사고,0,0,1,0,차대차 - 추돌 - 진행중,안전운전불이행,건조,맑음,단일로 - 기타,승용,남,51세,상해없음,승용,여,40세,경상
2014061700100332,2014년 6월 17일 14시,화요일,대전광역시 유성구 구암동,경상사고,0,0,2,0,차량단독 - 기타,안전운전불이행,건조,맑음,교차로 - 교차로부근,승용,남,32세,상해없음,,,,
2014061700100462,2014년 6월 17일 18시,화요일,대전광역시 동구 용전동,경상사고,0,0,1,0,차대사람 - 차도통행중,안전운전불이행,건조,맑음,단일로 - 기타,승용,여,47세,상해없음,보행자,여,38세,경상
2014061700100463,2014년 6월 17일 18시,화요일,대전광역시 대덕구 중리동,중상사고,0,1,0,0,차대사람 - 보도통행중,보행자보호의무위반,건조,맑음,교차로 - 교차로부근,이륜,남,52세,상해없음,보행자,여,41세,중상
2014061700100501,2014년 6월 17일 19시,화요일,대전광역시 중구 대흥동,중상사고,0,1,0,0,차대차 - 측면직각충돌,안전운전불이행,건조,맑음,교차로 - 교차로안,승용,남,44세,상해없음,원동기,남,53세,중상
2014061700100567,2014년 6월 17일 21시,화요일,대전광역시 동구 판암동,경상사고,0,0,1,0,차대차 - 기타,안전거리미확보,건조,맑음,단일로 - 기타,승용,남,58세,상해없음,자전거,남,38세,경상
2014061700100568,2014년 6월 17일 21시,화요일,대전광역시 대덕구 신일동,경상사고,0,0,1,0,차대차 - 측면직각충돌,신호위반,건조,맑음,교차로 - 교차로안,승용,남,56세,상해없음,승용,남,29세,경상
2014061700100569,2014년 6월 17일 21시,화요일,대전광역시 유성구 노은동,경상사고,0,0,3,0,차대차 - 정면충돌,중앙선침범,건조,맑음,단일로 - 기타,승용,남,50세,상해없음,승용,여,40세,경상
2014061700100598,2014년 6월 17일 22시,화요일,대전광역시 유성구 관평동,중상사고,0,1,0,0,차대사람 - 기타,안전운전불이행,건조,흐림,교차로 - 교차로안,승용,남,28세,상해없음,보행자,남,38세,중상
2014061700100599,2014년 6월 17일 22시,화요일,대전광역시 유성구 자운동,경상사고,0,0,1,0,차대차 - 추돌 - 주정차중,교차로운행방법위반,건조,기타,교차로 - 교차로안,승용,여,48세,상해없음,자전거,남,30세,경상
2014061800100010,2014년 6월 18일 00시,수요일,대전광역시 유성구 도룡동,경상사고,0,0,2,0,차대차 - 측면직각충돌,안전운전불이행,건조,맑음,교차로 - 교차로안,승용,남,30세,상해없음,승용,여,31세,경상
2014061800100011,2014년 6월 18일 00시,수요일,대전광역시 서구 둔산동,경상사고,0,0,1,0,차대사람 - 기타,안전운전불이행,건조,맑음,단일로 - 기타,승용,남,52세,상해없음,보행자,여,41세,경상
2014061800100012,2014년 6월 18일 00시,수요일,대전광역시 서구 탄방동,중상사고,0,1,0,0,차대사람 - 기타,안전운전불이행,건조,흐림,단일로 - 기타,승합,남,40세,상해없음,보행자,여,29세,중상
2014061800100025,2014년 6월 18일 01시,수요일,대전광역시 중구 문화동,중상사고,0,1,1,0,차대차 - 추돌 - 주정차중,안전운전불이행,건조,맑음,단일로 - 기타,승용,남,34세,상해없음,승용,남,62세,경상
2014061800100077,2014년 6월 18일 06시,수요일,대전광역시 중구 중촌동,경상사고,0,0,1,0,차대차 - 측면직각충돌,안전운전불이행,건조,맑음,단일로 - 기타,승용,남,48세,상해없음,자전거,남,69세,경상
2014061800100141,2014년 6월 18일 08시,수요일,대전광역시 중구 문화동,경상사고,0,0,1,0,차대차 - 측면직각충돌,신호위반,건조,맑음,교차로 - 교차로안,승용,남,51세,상해없음,승용,남,32세,경상
2014061800100142,2014년 6월 18일 08시,수요일,대전광역시 대덕구 중리동,경상사고,0,0,1,0,차대사람 - 기타,기타,건조,맑음,단일로 - 기타,승용,남,53세,상해없음,보행자,남,8세,경상
2014061800100420,2014년 6월 18일 16시,수요일,대전광역시 중구 유천동,경상사고,0,0,1,0,차대차 - 기타,안전운전불이행,건조,맑음,단일로 - 기타,승용,기타불명,기타불명,기타불명,승용,남,58세,경상
2014061800100461,2014년 6월 18일 17시,수요일,대전광역시 서구 월평동,경상사고,0,0,2,0,차대차 - 추돌 - 주정차중,안전운전불이행,건조,맑음,단일로 - 기타,승용,남,48세,상해없음,승합,남,43세,상해없음
2014061800100506,2014년 6월 18일 18시,수요일,대전광역시 유성구 대정동,중상사고,0,1,0,0,차대차 - 기타,안전운전불이행,건조,맑음,교차로 - 교차로안,승용,여,54세,상해없음,자전거,남,57세,중상
2014061800100608,2014년 6월 18일 21시,수요일,대전광역시 유성구 봉명동,중상사고,0,1,2,0,차대차 - 기타,안전운전불이행,건조,맑음,단일로 - 기타,승용,남,43세,상해없음,승합,남,42세,경상
2014061800100641,2014년 6월 18일 22시,수요일,대전광역시 서구 도안동,경상사고,0,0,1,0,차대차 - 측면직각충돌,안전거리미확보,건조,맑음,단일로 - 기타,승용,남,46세,상해없음,승용,남,50세,상해없음
2014061800100669,2014년 6월 18일 23시,수요일,대전광역시 유성구 반석동,경상사고,0,0,1,0,차대차 - 기타,안전운전불이행,건조,맑음,단일로 - 기타,승용,남,47세,상해없음,승용,남,47세,경상
2014061900100152,2014년 6월 19일 08시,목요일,대전광역시 중구 목동,경상사고,0,0,1,0,차대차 - 추돌 - 주정차중,안전운전불이행,건조,맑음,교차로 - 교차로부근,승용,남,33세,상해없음,승용,남,50세,경상
2014061900100153,2014년 6월 19일 08시,목요일,대전광역시 동구 신흥동,경상사고,0,0,1,0,차대사람 - 횡단중,보행자보호의무위반,건조,맑음,교차로 - 교차로부근,화물,남,57세,상해없음,보행자,여,60세,경상
2014061900100154,2014년 6월 19일 08시,목요일,대전광역시 대덕구 오정동,경상사고,0,0,1,0,차대차 - 측면직각충돌,교차로운행방법위반,건조,맑음,교차로 - 교차로부근,승용,여,30세,상해없음,승용,남,27세,경상
2014061900100189,2014년 6월 19일 09시,목요일,대전광역시 서구 정림동,중상사고,0,1,2,0,차량단독 - 공작물충돌,안전운전불이행,건조,맑음,단일로 - 기타,승합,남,44세,상해없음,,,,
2014061900100190,2014년 6월 19일 09시,목요일,대전광역시 유성구 원신흥동,경상사고,0,0,2,0,차대차 - 측면직각충돌,안전거리미확보,건조,맑음,단일로 - 기타,승용,남,73세,상해없음,승용,남,62세,경상
2014061900100211,2014년 6월 19일 10시,목요일,대전광역시 서구 정림동,경상사고,0,0,3,0,차대차 - 추돌 - 진행중,안전운전불이행,건조,맑음,단일로 - 기타,승용,남,66세,상해없음,승용,여,38세,경상
2014061900100212,2014년 6월 19일 10시,목요일,대전광역시 대덕구 오정동,중상사고,0,1,0,0,차대사람 - 기타,안전운전불이행,건조,맑음,기타 - 기타,승용,여,61세,상해없음,보행자,여,50세,중상
2014061900100213,2014년 6월 19일 10시,목요일,대전광역시 서구 탄방동,중상사고,0,1,0,0,차대차 - 측면직각충돌,안전운전불이행,건조,맑음,교차로 - 교차로안,승용,여,56세,상해없음,자전거,남,79세,중상
2014061900100384,2014년 6월 19일 16시,목요일,대전광역시 중구 중촌동,경상사고,0,0,1,0,차대차 - 기타,안전운전불이행,건조,맑음,단일로 - 기타,승용,남,51세,상해없음,자전거,남,58세,경상
2014061900100385,2014년 6월 19일 16시,목요일,대전광역시 서구 용문동,경상사고,0,0,1,0,차대차 - 기타,신호위반,건조,맑음,단일로 - 횡단보도상,승용,여,56세,상해없음,이륜,여,59세,경상
2014061900100440,2014년 6월 19일 17시,목요일,대전광역시 서구 둔산동,중상사고,0,1,0,0,차대사람 - 차도통행중,안전운전불이행,건조,맑음,단일로 - 기타,승용,여,44세,상해없음,보행자,남,63세,중상
2014061900100480,2014년 6월 19일 18시,목요일,대전광역시 서구 용문동,경상사고,0,0,1,0,차대차 - 기타,안전운전불이행,건조,기타,교차로 - 교차로부근,승용,여,35세,상해없음,자전거,남,59세,경상
2014061900100515,2014년 6월 19일 19시,목요일,대전광역시 동구 가양동,경상사고,0,0,1,0,차대차 - 측면직각충돌,안전거리미확보,건조,맑음,단일로 - 기타,승용,남,39세,상해없음,승용,남,34세,경상
2014061900100516,2014년 6월 19일 19시,목요일,대전광역시 유성구 덕명동,중상사고,0,1,1,0,차대차 - 측면직각충돌,신호위반,건조,맑음,교차로 - 교차로안,승용,남,57세,경상,승용,남,50세,상해없음
2014061900100517,2014년 6월 19일 19시,목요일,대전광역시 서구 갈마동,경상사고,0,0,1,0,차대차 - 측면직각충돌,안전거리미확보,건조,맑음,단일로 - 기타,승용,남,22세,상해없음,승용,여,45세,경상
2014061900100564,2014년 6월 19일 20시,목요일,대전광역시 대덕구 오정동,중상사고,0,2,2,0,차대차 - 측면직각충돌,신호위반,건조,맑음,단일로 - 기타,승용,여,43세,상해없음,승용,남,33세,중상
2014061900100648,2014년 6월 19일 23시,목요일,대전광역시 중구 유천동,경상사고,0,0,2,0,차대차 - 측면직각충돌,신호위반,건조,맑음,교차로 - 교차로안,승용,남,60세,상해없음,승용,남,20세,경상
2014062000100022,2014년 6월 20일 00시,금요일,대전광역시 서구 괴정동,경상사고,0,0,1,0,차대사람 - 기타,안전운전불이행,건조,맑음,단일로 - 기타,승용,남,37세,상해없음,보행자,남,30세,경상
2014062000100039,2014년 6월 20일 01시,금요일,대전광역시 동구 신흥동,경상사고,0,0,1,0,차대사람 - 횡단중,신호위반,건조,맑음,단일로 - 횡단보도상,승용,남,55세,상해없음,보행자,여,19세,경상
2014062000100053,2014년 6월 20일 02시,금요일,대전광역시 유성구 지족동,경상사고,0,0,1,0,차대차 - 추돌 - 주정차중,안전운전불이행,건조,맑음,교차로 - 교차로부근,승용,남,54세,상해없음,승용,남,37세,경상
2014062000100157,2014년 6월 20일 08시,금요일,대전광역시 서구 둔산동,중상사고,0,1,0,0,차대차 - 측면직각충돌,신호위반,건조,맑음,교차로 - 교차로안,화물,남,38세,상해없음,이륜,남,65세,중상
2014062000100158,2014년 6월 20일 08시,금요일,대전광역시 서구 둔산동,경상사고,0,0,1,0,차대차 - 기타,신호위반,건조,맑음,단일로 - 횡단보도상,승용,여,39세,상해없음,자전거,남,27세,경상
2014062000100262,2014년 6월 20일 12시,금요일,대전광역시 유성구 덕명동,중상사고,0,1,0,0,차대차 - 측면직각충돌,신호위반,건조,맑음,교차로 - 교차로안,승용,남,67세,상해없음,승용,남,55세,중상
2014062000100281,2014년 6월 20일 13시,금요일,대전광역시 대덕구 신대동,경상사고,0,0,2,0,차대차 - 기타,안전거리미확보,건조,맑음,단일로 - 기타,승용,기타불명,기타불명,기타불명,승용,여,48세,경상
2014062000100292,2014년 6월 20일 13시,금요일,대전광역시 중구 대흥동,경상사고,0,0,1,0,차대사람 - 기타,안전운전불이행,건조,맑음,단일로 - 기타,승용,남,72세,상해없음,보행자,여,26세,경상
2014062000100322,2014년 6월 20일 14시,금요일,대전광역시 서구 둔산동,경상사고,0,0,3,0,차대차 - 추돌 - 주정차중,안전운전불이행,건조,맑음,단일로 - 기타,화물,남,26세,상해없음,승용,여,28세,경상
2014062000100361,2014년 6월 20일 15시,금요일,대전광역시 동구 홍도동,경상사고,0,0,1,1,차대차 - 측면직각충돌,교차로운행방법위반,건조,맑음,교차로 - 교차로안,승용,남,23세,부상신고,승용,남,49세,경상
2014062000100362,2014년 6월 20일 15시,금요일,대전광역시 서구 둔산동,중상사고,0,1,0,0,차대차 - 측면직각충돌,교차로운행방법위반,건조,맑음,교차로 - 교차로안,승용,남,27세,상해없음,이륜,남,37세,중상
2014062000100402,2014년 6월 20일 16시,금요일,대전광역시 유성구 복용동,경상사고,0,0,1,0,차대차 - 측면직각충돌,신호위반,습기,비,단일로 - 기타,승용,여,50세,상해없음,화물,남,52세,경상
2014062000100449,2014년 6월 20일 17시,금요일,대전광역시 동구 판암동,중상사고,0,1,0,0,차대차 - 정면충돌,중앙선침범,습기,비,단일로 - 기타,승용,남,72세,상해없음,원동기,남,64세,중상
2014062000100450,2014년 6월 20일 17시,금요일,대전광역시 서구 가장동,경상사고,0,0,1,0,차대차 - 추돌 - 진행중,안전운전불이행,습기,비,단일로 - 교량,승용,남,28세,기타불명,화물,남,38세,경상
2014062000100451,2014년 6월 20일 17시,금요일,대전광역시 서구 둔산동,경상사고,0,0,1,1,차대차 - 기타,차로위반,건조,맑음,단일로 - 기타,승용,남,60세,상해없음,승용,남,31세,상해없음
2014062000100498,2014년 6월 20일 18시,금요일,대전광역시 중구 유천동,경상사고,0,0,1,0,차대차 - 측면직각충돌,교차로운행방법위반,습기,비,교차로 - 교차로안,승용,남,69세,상해없음,승용,남,35세,경상
2014062000100499,2014년 6월 20일 18시,금요일,대전광역시 대덕구 오정동,경상사고,0,0,1,0,차대차 - 추돌 - 진행중,안전운전불이행,습기,비,교차로 - 교차로부근,화물,남,47세,상해없음,승용,남,33세,경상
2014062000100500,2014년 6월 20일 18시,금요일,대전광역시 서구 둔산동,경상사고,0,0,1,0,차대차 - 측면직각충돌,안전거리미확보,습기,비,단일로 - 기타,승용,남,52세,상해없음,승용,남,56세,경상
2014062000100536,2014년 6월 20일 19시,금요일,대전광역시 중구 오류동,중상사고,0,1,0,0,차대사람 - 기타,안전운전불이행,기타,맑음,기타 - 기타,승용,여,35세,상해없음,보행자,여,34세,중상
2014062000100537,2014년 6월 20일 19시,금요일,대전광역시 중구 문화동,중상사고,0,1,0,0,차대차 - 기타,중앙선침범,습기,비,단일로 - 기타,승용,남,45세,상해없음,승용,남,34세,중상
2014062000100538,2014년 6월 20일 19시,금요일,대전광역시 서구 갈마동,경상사고,0,0,1,0,차대차 - 추돌 - 진행중,안전거리미확보,습기,비,단일로 - 기타,승용,남,46세,상해없음,승용,남,62세,상해없음
2014062000100571,2014년 6월 20일 20시,금요일,대전광역시 중구 문화동,중상사고,0,1,2,0,차대차 - 기타,신호위반,건조,맑음,교차로 - 교차로안,승용,여,49세,중상,승용,남,65세,경상
2014062000100572,2014년 6월 20일 20시,금요일,대전광역시 중구 유천동,경상사고,0,0,2,0,차대차 - 기타,안전거리미확보,건조,맑음,단일로 - 기타,승용,남,40세,상해없음,승용,남,44세,경상
2014062000100573,2014년 6월 20일 20시,금요일,대전광역시 동구 중동,중상사고,0,1,0,0,차대사람 - 차도통행중,안전운전불이행,습기,흐림,교차로 - 교차로안,승용,남,61세,상해없음,보행자,남,64세,중상
2014062000100574,2014년 6월 20일 20시,금요일,대전광역시 서구 갈마동,경상사고,0,0,1,0,차대차 - 측면직각충돌,안전운전불이행,건조,맑음,교차로 - 교차로안,승용,남,24세,상해없음,승용,여,41세,경상
2014062000100620,2014년 6월 20일 21시,금요일,대전광역시 동구 용전동,경상사고,0,0,1,0,차대차 - 측면직각충돌,안전운전불이행,습기,맑음,단일로 - 기타,승용,여,53세,상해없음,이륜,남,24세,경상
2014062000100663,2014년 6월 20일 22시,금요일,대전광역시 동구 용전동,경상사고,0,0,3,0,차대차 - 기타,안전운전불이행,습기,흐림,단일로 - 기타,화물,남,51세,상해없음,승용,남,30세,경상
2014062000100712,2014년 6월 20일 23시,금요일,대전광역시 유성구 봉명동,경상사고,0,0,2,0,차대차 - 정면충돌,안전운전불이행,건조,맑음,교차로 - 교차로안,승용,남,49세,상해없음,승용,남,46세,경상
2014062100100035,2014년 6월 21일 00시,토요일,대전광역시 동구 가양동,경상사고,0,0,2,0,차대차 - 추돌 - 주정차중,안전운전불이행,건조,맑음,단일로 - 기타,승용,여,40세,상해없음,승용,여,42세,상해없음
2014062100100036,2014년 6월 21일 00시,토요일,대전광역시 서구 도안동,경상사고,0,0,2,0,차대차 - 측면직각충돌,안전운전불이행,건조,맑음,교차로 - 교차로안,승용,남,42세,상해없음,승용,남,41세,경상
2014062100100072,2014년 6월 21일 01시,토요일,대전광역시 서구 도마동,경상사고,0,0,2,0,차대차 - 추돌 - 진행중,안전운전불이행,건조,맑음,교차로 - 교차로안,승용,남,51세,상해없음,승용,남,25세,경상
2014062100100091,2014년 6월 21일 02시,토요일,대전광역시 동구 가양동,경상사고,0,0,2,0,차대차 - 추돌 - 주정차중,안전거리미확보,건조,맑음,단일로 - 기타,승용,남,26세,상해없음,승용,남,35세,경상
2014062100100120,2014년 6월 21일 03시,토요일,대전광역시 대덕구 중리동,경상사고,0,0,2,0,차대차 - 추돌 - 진행중,안전운전불이행,건조,맑음,단일로 - 기타,승용,남,23세,상해없음,승용,남,51세,경상
2014062100100148,2014년 6월 21일 05시,토요일,대전광역시 서구 변동,부상신고사고,0,0,0,1,차량단독 - 기타,안전운전불이행,건조,맑음,단일로 - 터널,승용,남,27세,상해없음,,,,
2014062100100250,2014년 6월 21일 10시,토요일,대전광역시 유성구 봉명동,중상사고,0,1,0,0,차대사람 - 횡단중,신호위반,건조,맑음,단일로 - 횡단보도상,화물,남,24세,상해없음,보행자,남,81세,중상
2014062100100329,2014년 6월 21일 13시,토요일,대전광역시 동구 대동,경상사고,0,0,1,0,차대사람 - 횡단중,보행자보호의무위반,건조,맑음,단일로 - 횡단보도상,원동기,남,52세,상해없음,보행자,남,4세,경상
2014062100100364,2014년 6월 21일 14시,토요일,대전광역시 동구 중동,경상사고,0,0,2,0,차량단독 - 공작물충돌,안전운전불이행,건조,맑음,단일로 - 기타,화물,남,46세,상해없음,,,,
2014062100100365,2014년 6월 21일 14시,토요일,대전광역시 서구 관저동,사망사고,1,0,1,0,차대차 - 정면충돌,중앙선침범,건조,맑음,단일로 - 기타,승용,남,66세,사망,승용,여,31세,경상
2014062100100470,2014년 6월 21일 17시,토요일,대전광역시 동구 인동,경상사고,0,0,1,0,차대차 - 측면직각충돌,안전운전불이행,건조,맑음,단일로 - 기타,화물,남,61세,상해없음,원동기,남,37세,경상
2014062100100538,2014년 6월 21일 19시,토요일,대전광역시 서구 갈마동,경상사고,0,0,1,0,차대차 - 측면직각충돌,안전운전불이행,건조,맑음,단일로 - 기타,승용,여,71세,상해없음,자전거,여,21세,경상
2014062100100573,2014년 6월 21일 20시,토요일,대전광역시 중구 대사동,경상사고,0,0,2,0,차대차 - 정면충돌,중앙선침범,건조,흐림,단일로 - 기타,승용,남,38세,상해없음,승용,남,47세,경상
2014062100100574,2014년 6월 21일 20시,토요일,대전광역시 동구 신흥동,경상사고,0,0,2,0,차대차 - 추돌 - 주정차중,안전운전불이행,건조,맑음,단일로 - 횡단보도부근,화물,남,57세,상해없음,승용,여,21세,경상
2014062100100612,2014년 6월 21일 21시,토요일,대전광역시 대덕구 덕암동,중상사고,0,2,8,0,차대차 - 측면직각충돌,차로위반,건조,맑음,단일로 - 기타,승용,남,22세,상해없음,승합,남,38세,경상
2014062100100669,2014년 6월 21일 22시,토요일,대전광역시 서구 정림동,중상사고,0,1,0,0,차대사람 - 기타,안전운전불이행,건조,맑음,단일로 - 기타,승용,남,44세,상해없음,보행자,여,32세,중상
2014062200100088,2014년 6월 22일 04시,일요일,대전광역시 대덕구 읍내동,경상사고,0,0,1,1,차대차 - 측면직각충돌,신호위반,건조,맑음,교차로 - 교차로안,승용,남,34세,상해없음,승용,남,56세,경상
2014062200100097,2014년 6월 22일 05시,일요일,대전광역시 유성구 용산동,경상사고,0,0,1,0,차대차 - 측면직각충돌,교차로운행방법위반,건조,맑음,교차로 - 교차로안,승용,여,47세,상해없음,승합,남,63세,경상
2014062200100118,2014년 6월 22일 07시,일요일,대전광역시 서구 월평동,중상사고,0,1,0,0,차대차 - 측면직각충돌,교차로운행방법위반,건조,맑음,단일로 - 기타,승용,남,63세,상해없음,이륜,남,54세,중상
2014062200100212,2014년 6월 22일 12시,일요일,대전광역시 중구 오류동,경상사고,0,0,2,0,차대차 - 추돌 - 주정차중,안전운전불이행,건조,맑음,단일로 - 기타,승용,남,53세,상해없음,승용,남,34세,경상
2014062200100213,2014년 6월 22일 12시,일요일,대전광역시 중구 태평동,경상사고,0,0,1,0,차대차 - 측면직각충돌,안전운전불이행,건조,맑음,교차로 - 교차로안,자전거,남,42세,경상,승용,남,58세,상해없음
2014062200100214,2014년 6월 22일 12시,일요일,대전광역시 동구 용전동,경상사고,0,0,1,0,차대차 - 측면직각충돌,안전운전불이행,건조,맑음,단일로 - 횡단보도상,승용,기타불명,기타불명,기타불명,자전거,남,12세,경상
2014062200100235,2014년 6월 22일 13시,일요일,대전광역시 서구 둔산동,경상사고,0,0,3,0,차대차 - 기타,안전거리미확보,건조,맑음,단일로 - 기타,승용,여,36세,상해없음,승용,여,44세,경상
2014062200100325,2014년 6월 22일 16시,일요일,대전광역시 중구 대흥동,경상사고,0,0,2,0,차대차 - 추돌 - 주정차중,안전운전불이행,건조,맑음,단일로 - 기타,승용,남,54세,상해없음,승용,남,33세,경상
2014062200100361,2014년 6월 22일 17시,일요일,대전광역시 서구 둔산동,경상사고,0,0,1,0,차대차 - 기타,안전운전불이행,건조,맑음,교차로 - 교차로안,승용,남,36세,상해없음,자전거,남,33세,경상
2014062200100387,2014년 6월 22일 18시,일요일,대전광역시 유성구 궁동,경상사고,0,0,3,1,차대차 - 측면직각충돌,안전운전불이행,건조,맑음,단일로 - 기타,승용,여,37세,상해없음,승용,여,46세,부상신고
2014062300100160,2014년 6월 23일 09시,월요일,대전광역시 서구 가수원동,경상사고,0,0,1,0,차대차 - 측면직각충돌,안전운전불이행,건조,맑음,교차로 - 교차로안,승용,여,52세,상해없음,자전거,남,94세,경상
2014062300100161,2014년 6월 23일 09시,월요일,대전광역시 서구 가장동,경상사고,0,0,1,0,차대차 - 측면직각충돌,신호위반,건조,맑음,교차로 - 교차로안,승용,남,35세,상해없음,승용,여,52세,경상
2014062300100162,2014년 6월 23일 09시,월요일,대전광역시 서구 갈마동,경상사고,0,0,1,0,차대차 - 기타,안전운전불이행,건조,흐림,단일로 - 기타,승용,남,56세,상해없음,승용,여,47세,경상
2014062300100193,2014년 6월 23일 10시,월요일,대전광역시 서구 만년동,사망사고,1,1,0,0,차대차 - 기타,안전거리미확보,건조,흐림,미분류 - 미분류,화물,남,56세,사망,승용,여,32세,중상
2014062300100194,2014년 6월 23일 10시,월요일,대전광역시 서구 월평동,부상신고사고,0,0,0,1,차대차 - 기타,안전운전불이행,건조,맑음,단일로 - 횡단보도부근,승용,남,41세,상해없음,자전거,남,25세,부상신고