사고번호,사고일시,요일,시군구,사고내용,사망자수,중상자수,경상자수,부상신고자수,사고유형,법규위반,노면상태,기상상태,도로형태,가해운전자 차종,가해운전자 성별,가해운전자 연령,가해운전자 상해정도,피해운전자 차종,피해운전자 성별,피해운전자 연령,피해운전자 상해정도
2014070100100199,2014년 7월 1일 10시,화요일,대전광역시 서구 탄방동,경상사고,0,0,1,0,차대차 - 측면직각충돌,교차로운행방법위반,건조,맑음,교차로 - 교차로안,승용,남,45세,기타불명,승용,여,23세,경상
2014070100100279,2014년 7월 1일 14시,화요일,대전광역시 동구 홍도동,경상사고,0,0,1,0,차대사람 - 횡단중,안전운전불이행,건조,맑음,단일로 - 기타,승용,남,25세,상해없음,보행자,여,31세,경상
2014070100100280,2014년 7월 1일 14시,화요일,대전광역시 서구 둔산동,경상사고,0,0,1,0,차대차 - 추돌 - 주정차중,안전거리미확보,건조,맑음,교차로 - 교차로안,승용,남,52세,상해없음,승용,여,33세,경상
2014070100100317,2014년 7월 1일 15시,화요일,대전광역시 서구 도마동,경상사고,0,0,1,0,차대차 - 측면직각충돌,신호위반,건조,맑음,단일로 - 기타,승용,남,55세,상해없음,자전거,남,13세,경상
2014070100100318,2014년 7월 1일 15시,화요일,대전광역시 서구 변동,중상사고,0,1,0,0,차대사람 - 횡단중,기타,건조,맑음,단일로 - 횡단보도부근,자전거,남,24세,상해없음,보행자,여,71세,중상
2014070100100357,2014년 7월 1일 16시,화요일,대전광역시 서구 도마동,경상사고,0,0,1,0,차대차 - 측면직각충돌,신호위반,건조,맑음,교차로 - 교차로안,원동기,남,51세,기타불명,원동기,남,46세,경상
2014070100100402,2014년 7월 1일 17시,화요일,대전광역시 서구 둔산동,중상사고,0,1,0,0,차대차 - 기타,안전운전불이행,건조,맑음,교차로 - 교차로안,승합,남,48세,상해없음,승용,여,27세,중상
2014070100100444,2014년 7월 1일 18시,화요일,대전광역시 동구 홍도동,경상사고,0,0,1,0,차대차 - 추돌 - 진행중,안전운전불이행,건조,맑음,단일로 - 기타,승용,남,30세,상해없음,승용,남,48세,경상
2014070100100445,2014년 7월 1일 18시,화요일,대전광역시 유성구 상대동,중상사고,0,1,0,0,차대차 - 측면직각충돌,교차로운행방법위반,건조,맑음,교차로 - 교차로안,원동기,남,44세,상해없음,원동기,남,18세,상해없음
2014070100100478,2014년 7월 1일 19시,화요일,대전광역시 동구 홍도동,경상사고,0,0,1,0,차대차 - 측면직각충돌,안전운전불이행,건조,맑음,단일로 - 기타,승용,남,60세,상해없음,승용,여,32세,경상
2014070100100479,2014년 7월 1일 19시,화요일,대전광역시 서구 가장동,경상사고,0,0,3,0,차대차 - 추돌 - 진행중,안전운전불이행,건조,맑음,교차로 - 교차로부근,승용,남,57세,경상,승용,남,43세,상해없음
2014070100100508,2014년 7월 1일 20시,화요일,대전광역시 유성구 봉명동,중상사고,0,1,0,0,차대차 - 측면직각충돌,중앙선침범,건조,맑음,교차로 - 교차로부근,승용,여,47세,상해없음,원동기,남,22세,중상
2014070100100539,2014년 7월 1일 21시,화요일,대전광역시 유성구 어은동,중상사고,0,1,0,0,차대차 - 측면직각충돌,교차로운행방법위반,건조,맑음,교차로 - 교차로안,승용,남,43세,상해없음,자전거,남,22세,중상
2014070100100563,2014년 7월 1일 22시,화요일,대전광역시 서구 갈마동,경상사고,0,0,3,0,차대차 - 측면직각충돌,교차로운행방법위반,건조,맑음,교차로 - 교차로안,승용,남,29세,상해없음,승용,남,65세,경상
2014070100100564,2014년 7월 1일 22시,화요일,대전광역시 서구 갈마동,경상사고,0,0,1,0,차대차 - 기타,안전거리미확보,건조,맑음,단일로 - 기타,승용,기타불명,기타불명,기타불명,승용,남,46세,상해없음
2014070100100579,2014년 7월 1일 23시,화요일,대전광역시 중구 유천동,경상사고,0,0,1,0,차대차 - 측면직각충돌,안전거리미확보,건조,맑음,단일로 - 기타,승용,여,51세,상해없음,승용,남,34세,경상
2014070100100580,2014년 7월 1일 23시,화요일,대전광역시 동구 정동,경상사고,0,0,1,0,차대차 - 측면직각충돌,중앙선침범,건조,맑음,단일로 - 횡단보도상,자전거,남,68세,상해없음,원동기,남,33세,경상
2014070200100129,2014년 7월 2일 08시,수요일,대전광역시 대덕구 석봉동,경상사고,0,0,1,0,차대차 - 기타,직진우회전진행방해,건조,맑음,교차로 - 교차로안,승용,여,56세,상해없음,승용,여,46세,경상
2014070200100130,2014년 7월 2일 08시,수요일,대전광역시 서구 괴정동,경상사고,0,0,1,0,차대차 - 측면직각충돌,교차로운행방법위반,건조,맑음,교차로 - 교차로안,승용,남,43세,상해없음,승용,남,65세,상해없음
2014070200100131,2014년 7월 2일 08시,수요일,대전광역시 서구 둔산동,경상사고,0,0,1,0,차대차 - 측면직각충돌,안전운전불이행,건조,맑음,교차로 - 교차로부근,승용,남,59세,상해없음,자전거,남,53세,경상
2014070200100168,2014년 7월 2일 09시,수요일,대전광역시 유성구 봉명동,중상사고,0,1,0,0,차대사람 - 기타,안전운전불이행,건조,맑음,단일로 - 기타,승용,남,34세,상해없음,보행자,여,64세,중상
2014070200100169,2014년 7월 2일 09시,수요일,대전광역시 유성구 탑립동,경상사고,0,0,1,0,차대차 - 추돌 - 진행중,안전운전불이행,건조,맑음,교차로 - 교차로부근,승합,남,52세,상해없음,승용,여,38세,경상
2014070200100194,2014년 7월 2일 10시,수요일,대전광역시 서구 월평동,경상사고,0,0,1,0,차대차 - 기타,안전운전불이행,건조,맑음,단일로 - 기타,승용,여,44세,상해없음,승용,남,37세,기타불명
2014070200100250,2014년 7월 2일 12시,수요일,대전광역시 중구 용두동,경상사고,0,0,2,0,차대차 - 측면직각충돌,기타,건조,맑음,교차로 - 교차로부근,승용,여,45세,상해없음,이륜,남,72세,경상
2014070200100251,2014년 7월 2일 12시,수요일,대전광역시 중구 대사동,경상사고,0,0,1,0,차대차 - 기타,안전운전불이행,건조,맑음,단일로 - 기타,화물,여,71세,상해없음,승용,여,25세,경상
2014070200100252,2014년 7월 2일 12시,수요일,대전광역시 서구 관저동,중상사고,0,1,1,0,차대차 - 추돌 - 진행중,안전거리미확보,건조,맑음,단일로 - 기타,승용,남,65세,상해없음,승용,남,44세,중상
2014070200100284,2014년 7월 2일 13시,수요일,대전광역시 유성구 도룡동,경상사고,0,0,3,0,차대차 - 기타,안전운전불이행,건조,맑음,단일로 - 기타,특수,남,39세,상해없음,승용,남,28세,경상
2014070200100320,2014년 7월 2일 14시,수요일,대전광역시 유성구 장대동,경상사고,0,0,1,0,차대차 - 추돌 - 주정차중,안전운전불이행,건조,맑음,단일로 - 기타,승용,남,53세,상해없음,승용,남,25세,경상
2014070200100382,2014년 7월 2일 16시,수요일,대전광역시 중구 목동,중상사고,0,1,0,0,차대사람 - 횡단중,보행자보호의무위반,건조,맑음,교차로 - 교차로부근,승합,남,45세,상해없음,보행자,여,69세,중상
2014070200100418,2014년 7월 2일 17시,수요일,대전광역시 유성구 관평동,경상사고,0,0,1,0,차대차 - 측면직각충돌,안전운전불이행,건조,맑음,교차로 - 교차로안,화물,남,63세,상해없음,승용,남,32세,경상
2014070200100419,2014년 7월 2일 17시,수요일,대전광역시 서구 월평동,경상사고,0,0,2,0,차대차 - 기타,안전운전불이행,건조,흐림,단일로 - 기타,승용,남,49세,상해없음,승용,남,49세,경상
2014070200100594,2014년 7월 2일 21시,수요일,대전광역시 동구 가양동,경상사고,0,0,1,0,차대차 - 측면직각충돌,안전운전불이행,건조,맑음,단일로 - 기타,화물,남,46세,상해없음,자전거,남,35세,경상
2014070200100595,2014년 7월 2일 21시,수요일,대전광역시 서구 둔산동,중상사고,0,1,0,0,차대사람 - 보도통행중,보행자보호의무위반,건조,맑음,단일로 - 횡단보도상,승용,여,39세,상해없음,보행자,여,45세,중상
2014070200100596,2014년 7월 2일 21시,수요일,대전광역시 서구 둔산동,중상사고,0,1,0,0,차대차 - 기타,안전운전불이행,건조,맑음,단일로 - 횡단보도상,승용,여,54세,상해없음,자전거,남,10세,중상
2014070300100029,2014년 7월 3일 00시,목요일,대전광역시 중구 중촌동,경상사고,0,0,1,0,차대차 - 측면직각충돌,안전거리미확보,습기,비,교차로 - 교차로안,승용,여,51세,상해없음,승용,남,21세,경상
2014070300100049,2014년 7월 3일 01시,목요일,대전광역시 서구 도마동,중상사고,0,2,1,0,차대차 - 측면직각충돌,신호위반,습기,비,교차로 - 교차로안,승용,여,39세,중상,승용,남,55세,중상
2014070300100050,2014년 7월 3일 01시,목요일,대전광역시 유성구 봉명동,중상사고,0,1,1,0,차대차 - 추돌 - 주정차중,안전운전불이행,습기,비,교차로 - 교차로부근,승용,여,42세,상해없음,승용,남,48세,중상
2014070300100061,2014년 7월 3일 02시,목요일,대전광역시 대덕구 석봉동,중상사고,0,1,0,0,차대차 - 기타,안전운전불이행,습기,비,단일로 - 기타,승용,남,28세,상해없음,승용,남,46세,중상
2014070300100076,2014년 7월 3일 03시,목요일,대전광역시 대덕구 오정동,경상사고,0,0,2,0,차대차 - 추돌 - 진행중,안전운전불이행,건조,맑음,교차로 - 교차로안,승용,남,23세,상해없음,화물,남,24세,경상
2014070300100106,2014년 7월 3일 06시,목요일,대전광역시 중구 산성동,경상사고,0,0,1,0,차대차 - 측면직각충돌,신호위반,습기,비,교차로 - 교차로안,승용,남,54세,상해없음,원동기,남,51세,경상
2014070300100107,2014년 7월 3일 06시,목요일,대전광역시 동구 대동,중상사고,0,1,1,0,차대차 - 측면직각충돌,신호위반,건조,맑음,교차로 - 교차로안,승용,남,29세,상해없음,승용,남,65세,경상
2014070300100108,2014년 7월 3일 06시,목요일,대전광역시 서구 월평동,중상사고,0,2,1,0,차대차 - 추돌 - 주정차중,안전운전불이행,습기,비,교차로 - 교차로부근,승용,여,49세,상해없음,승용,남,54세,중상
2014070300100125,2014년 7월 3일 07시,목요일,대전광역시 동구 신흥동,경상사고,0,0,2,0,차대차 - 측면직각충돌,직진우회전진행방해,습기,흐림,교차로 - 교차로안,승용,남,56세,상해없음,승용,여,32세,경상
2014070300100126,2014년 7월 3일 07시,목요일,대전광역시 서구 둔산동,경상사고,0,0,1,0,차대차 - 측면직각충돌,중앙선침범,습기,비,단일로 - 기타,승용,남,32세,상해없음,승용,남,47세,경상
2014070300100162,2014년 7월 3일 08시,목요일,대전광역시 중구 문창동,부상신고사고,0,0,0,1,차대차 - 기타,안전운전불이행,건조,맑음,단일로 - 기타,승용,기타불명,기타불명,기타불명,자전거,남,11세,부상신고
2014070300100196,2014년 7월 3일 09시,목요일,대전광역시 동구 삼성동,중상사고,0,1,0,0,차대사람 - 길가장자리구역통행중,안전운전불이행,건조,맑음,기타 - 기타,승용,남,40세,상해없음,보행자,남,47세,중상
2014070300100220,2014년 7월 3일 10시,목요일,대전광역시 서구 월평동,경상사고,0,0,1,0,차대사람 - 기타,안전운전불이행,건조,맑음,교차로 - 교차로부근,승용,남,23세,상해없음,보행자,남,40세,경상
2014070300100256,2014년 7월 3일 11시,목요일,대전광역시 동구 삼성동,경상사고,0,0,1,0,차대차 - 측면직각충돌,교차로운행방법위반,습기,비,교차로 - 교차로안,승용,여,43세,상해없음,원동기,남,31세,경상
2014070300100289,2014년 7월 3일 12시,목요일,대전광역시 중구 안영동,경상사고,0,0,1,0,차대차 - 추돌 - 주정차중,안전운전불이행,습기,비,교차로 - 교차로부근,승용,여,58세,상해없음,승용,여,53세,경상
2014070300100290,2014년 7월 3일 12시,목요일,대전광역시 유성구 장대동,경상사고,0,0,1,0,차량단독 - 기타,기타,건조,맑음,단일로 - 기타,승합,남,59세,상해없음,,,,
2014070300100348,2014년 7월 3일 14시,목요일,대전광역시 동구 신흥동,경상사고,0,0,1,0,차대차 - 측면직각충돌,신호위반,습기,비,단일로 - 기타,승용,여,53세,상해없음,승용,남,31세,경상
2014070300100349,2014년 7월 3일 14시,목요일,대전광역시 서구 가수원동,경상사고,0,0,1,0,차대사람 - 보도통행중,안전운전불이행,습기,비,교차로 - 교차로안,이륜,남,27세,상해없음,보행자,여,53세,경상
2014070300100351,2014년 7월 3일 14시,목요일,대전광역시 서구 둔산동,경상사고,0,0,1,0,차대차 - 추돌 - 주정차중,안전거리미확보,건조,맑음,단일로 - 기타,승합,남,58세,상해없음,승용,남,27세,경상
2014070300100457,2014년 7월 3일 17시,목요일,대전광역시 유성구 상대동,경상사고,0,0,1,0,차대차 - 측면직각충돌,신호위반,건조,맑음,교차로 - 교차로안,승용,남,49세,상해없음,승용,남,51세,경상
2014070300100560,2014년 7월 3일 20시,목요일,대전광역시 중구 유천동,경상사고,0,0,6,0,차대차 - 측면직각충돌,안전거리미확보,습기,흐림,교차로 - 교차로부근,화물,남,44세,상해없음,승용,남,19세,상해없음
2014070300100624,2014년 7월 3일 22시,목요일,대전광역시 중구 문화동,경상사고,0,0,1,0,차량단독 - 전도전복,안전운전불이행,습기,흐림,단일로 - 기타,화물,남,29세,경상,,,,
2014070300100655,2014년 7월 3일 23시,목요일,대전광역시 서구 관저동,중상사고,0,1,0,0,차대차 - 측면직각충돌,차로위반,습기,흐림,단일로 - 기타,승용,남,34세,상해없음,이륜,남,21세,중상
2014070400100017,2014년 7월 4일 00시,금요일,대전광역시 유성구 봉명동,경상사고,0,0,1,0,차대사람 - 기타,안전운전불이행,습기,비,교차로 - 교차로부근,승용,남,57세,상해없음,보행자,여,40세,경상
2014070400100018,2014년 7월 4일 00시,금요일,대전광역시 서구 만년동,경상사고,0,0,1,0,차대차 - 기타,안전운전불이행,습기,흐림,교차로 - 교차로부근,승용,남,52세,상해없음,승용,남,41세,경상
2014070400100048,2014년 7월 4일 02시,금요일,대전광역시 서구 갈마동,사망사고,1,0,0,0,차대사람 - 기타,안전운전불이행,습기,흐림,단일로 - 기타,승용,남,49세,상해없음,보행자,남,15세,사망
2014070400100180,2014년 7월 4일 09시,금요일,대전광역시 서구 둔산동,경상사고,0,0,1,0,차대차 - 측면직각충돌,안전거리미확보,건조,맑음,단일로 - 기타,승용,남,72세,상해없음,승용,여,53세,경상
2014070400100225,2014년 7월 4일 11시,금요일,대전광역시 동구 정동,경상사고,0,0,1,0,차대차 - 측면직각충돌,안전운전불이행,건조,맑음,교차로 - 교차로안,승용,기타불명,기타불명,기타불명,승용,여,59세,경상
2014070400100226,2014년 7월 4일 11시,금요일,대전광역시 서구 정림동,경상사고,0,0,1,0,차대사람 - 기타,안전운전불이행,건조,맑음,교차로 - 교차로안,승용,여,44세,상해없음,보행자,여,21세,경상
2014070400100262,2014년 7월 4일 12시,금요일,대전광역시 중구 사정동,중상사고,0,1,1,0,차대차 - 추돌 - 주정차중,안전운전불이행,건조,맑음,단일로 - 기타,건설기계,남,52세,상해없음,승용,남,64세,경상
2014070400100263,2014년 7월 4일 12시,금요일,대전광역시 동구 용전동,경상사고,0,0,1,0,차대사람 - 기타,안전운전불이행,건조,맑음,단일로 - 기타,승합,여,49세,상해없음,보행자,남,79세,경상
2014070400100264,2014년 7월 4일 12시,금요일,대전광역시 동구 가양동,경상사고,0,0,1,0,차대차 - 측면직각충돌,중앙선침범,건조,맑음,단일로 - 기타,승용,여,55세,상해없음,원동기,남,46세,경상
2014070400100299,2014년 7월 4일 13시,금요일,대전광역시 유성구 궁동,경상사고,0,0,1,0,차대차 - 추돌 - 주정차중,안전운전불이행,건조,맑음,교차로 - 교차로부근,승용,여,39세,상해없음,승용,남,38세,경상
2014070400100414,2014년 7월 4일 16시,금요일,대전광역시 중구 대흥동,중상사고,0,1,0,0,차대차 - 측면직각충돌,안전운전불이행,건조,맑음,단일로 - 기타,승용,여,38세,상해없음,자전거,여,56세,중상
2014070400100415,2014년 7월 4일 16시,금요일,대전광역시 대덕구 오정동,부상신고사고,0,0,0,4,차대차 - 측면직각충돌,신호위반,건조,맑음,교차로 - 교차로안,승용,남,18세,상해없음,승용,남,23세,부상신고
2014070400100472,2014년 7월 4일 17시,금요일,대전광역시 동구 가양동,경상사고,0,0,1,0,차대차 - 측면직각충돌,교차로운행방법위반,건조,맑음,교차로 - 교차로안,화물,남,56세,상해없음,승용,남,32세,경상
2014070400100473,2014년 7월 4일 17시,금요일,대전광역시 서구 용문동,경상사고,0,0,1,0,차대차 - 기타,안전운전불이행,건조,맑음,단일로 - 기타,승용,여,68세,상해없음,승용,남,35세,상해없음
2014070400100474,2014년 7월 4일 17시,금요일,대전광역시 서구 탄방동,경상사고,0,0,1,0,차대사람 - 기타,안전운전불이행,건조,맑음,단일로 - 기타,승용,여,52세,상해없음,보행자,여,18세,경상
2014070400100513,2014년 7월 4일 18시,금요일,대전광역시 대덕구 석봉동,경상사고,0,0,1,0,차대차 - 기타,안전운전불이행,건조,맑음,단일로 - 기타,화물,남,50세,상해없음,승용,남,43세,경상
2014070400100530,2014년 7월 4일 18시,금요일,대전광역시 대덕구 목상동,경상사고,0,0,1,1,차대차 - 추돌 - 진행중,안전운전불이행,건조,맑음,단일로 - 기타,승용,여,38세,부상신고,승용,남,26세,경상
2014070400100567,2014년 7월 4일 19시,금요일,대전광역시 유성구 봉명동,경상사고,0,0,1,0,차대차 - 측면직각충돌,신호위반,건조,맑음,교차로 - 교차로부근,승용,남,42세,상해없음,승합,남,48세,경상
2014070400100605,2014년 7월 4일 20시,금요일,대전광역시 서구 도마동,중상사고,0,1,1,0,차대차 - 측면직각충돌,교차로운행방법위반,건조,맑음,교차로 - 교차로안,승용,남,58세,상해없음,승용,남,38세,중상
2014070400100690,2014년 7월 4일 22시,금요일,대전광역시 서구 월평동,중상사고,0,1,3,0,차대차 - 추돌 - 주정차중,안전운전불이행,건조,맑음,단일로 - 기타,승용,남,50세,상해없음,승용,남,54세,중상
2014070400100736,2014년 7월 4일 23시,금요일,대전광역시 중구 용두동,경상사고,0,0,1,0,차대차 - 측면직각충돌,안전거리미확보,건조,맑음,교차로 - 교차로부근,승용,남,64세,상해없음,승용,여,39세,경상
2014070400100737,2014년 7월 4일 23시,금요일,대전광역시 서구 월평동,경상사고,0,0,2,0,차대차 - 추돌 - 주정차중,안전거리미확보,건조,맑음,교차로 - 교차로부근,승용,남,38세,상해없음,승용,남,25세,경상
2014070400100738,2014년 7월 4일 23시,금요일,대전광역시 서구 둔산동,경상사고,0,0,1,0,차대차 - 추돌 - 진행중,안전운전불이행,건조,맑음,미분류 - 미분류,승용,여,24세,상해없음,승용,여,51세,경상
2014070500100029,2014년 7월 5일 00시,토요일,대전광역시 유성구 교촌동,경상사고,0,0,1,0,차대차 - 추돌 - 진행중,안전거리미확보,건조,맑음,단일로 - 기타,승용,남,47세,상해없음,화물,남,42세,경상
2014070500100169,2014년 7월 5일 09시,토요일,대전광역시 서구 탄방동,경상사고,0,0,3,0,차대차 - 추돌 - 주정차중,안전운전불이행,기타,기타,교차로 - 교차로부근,승용,남,30세,상해없음,화물,남,52세,경상
2014070500100199,2014년 7월 5일 10시,토요일,대전광역시 동구 삼성동,중상사고,0,1,0,0,차대차 - 기타,안전운전불이행,건조,맑음,단일로 - 교량,승용,남,34세,상해없음,승용,남,60세,상해없음
2014070500100200,2014년 7월 5일 10시,토요일,대전광역시 서구 둔산동,경상사고,0,0,1,0,차대차 - 기타,안전운전불이행,건조,맑음,단일로 - 기타,승용,여,27세,상해없음,자전거,남,58세,경상
2014070500100260,2014년 7월 5일 12시,토요일,대전광역시 중구 산성동,중상사고,0,1,0,0,차대차 - 측면직각충돌,안전운전불이행,건조,맑음,교차로 - 교차로안,승용,여,55세,상해없음,자전거,여,61세,중상
2014070500100352,2014년 7월 5일 15시,토요일,대전광역시 서구 괴정동,경상사고,0,0,4,0,차대차 - 추돌 - 진행중,안전운전불이행,기타,기타,단일로 - 기타,승합,남,58세,상해없음,승용,남,42세,경상
2014070500100433,2014년 7월 5일 17시,토요일,대전광역시 중구 사정동,중상사고,0,5,3,0,차대차 - 측면직각충돌,신호위반,건조,맑음,교차로 - 교차로안,승용,남,62세,중상,승용,남,34세,경상
2014070500100434,2014년 7월 5일 17시,토요일,대전광역시 중구 선화동,중상사고,0,1,0,0,차대차 - 측면직각충돌,기타,건조,맑음,단일로 - 횡단보도상,승용,여,52세,상해없음,자전거,남,12세,중상
2014070500100435,2014년 7월 5일 17시,토요일,대전광역시 유성구 구암동,경상사고,0,0,1,0,차대차 - 측면직각충돌,안전운전불이행,건조,맑음,단일로 - 기타,승용,여,47세,상해없음,자전거,남,54세,경상
2014070500100467,2014년 7월 5일 18시,토요일,대전광역시 서구 정림동,경상사고,0,0,1,0,차대차 - 기타,안전거리미확보,건조,맑음,단일로 - 기타,승용,남,51세,상해없음,자전거,남,48세,경상
2014070500100523,2014년 7월 5일 20시,토요일,대전광역시 유성구 반석동,경상사고,0,0,3,0,차대차 - 측면직각충돌,신호위반,건조,맑음,교차로 - 교차로안,승용,남,46세,상해없음,승용,남,38세,경상
2014070500100561,2014년 7월 5일 21시,토요일,대전광역시 중구 산성동,중상사고,0,1,0,0,차대사람 - 차도통행중,안전운전불이행,건조,맑음,단일로 - 기타,승용,남,54세,상해없음,보행자,남,54세,중상
2014070500100562,2014년 7월 5일 21시,토요일,대전광역시 중구 사정동,중상사고,0,1,0,0,차대사람 - 횡단중,보행자보호의무위반,건조,맑음,단일로 - 횡단보도상,승용,남,54세,상해없음,보행자,남,54세,중상
2014070500100563,2014년 7월 5일 21시,토요일,대전광역시 서구 월평동,경상사고,0,0,1,0,차대차 - 측면직각충돌,차로위반,건조,맑음,단일로 - 기타,승용,남,65세,상해없음,승용,남,30세,상해없음
2014070600100037,2014년 7월 6일 01시,일요일,대전광역시 서구 도마동,경상사고,0,0,1,0,차대사람 - 기타,보행자보호의무위반,건조,맑음,단일로 - 횡단보도상,승용,남,52세,상해없음,보행자,여,50세,경상
2014070600100038,2014년 7월 6일 01시,일요일,대전광역시 서구 둔산동,경상사고,0,0,1,0,차대사람 - 길가장자리구역통행중,안전운전불이행,건조,맑음,단일로 - 기타,승용,남,30세,상해없음,보행자,남,36세,경상
2014070600100049,2014년 7월 6일 02시,일요일,대전광역시 중구 사정동,중상사고,0,1,0,0,차량단독 - 공작물충돌,안전운전불이행,건조,맑음,단일로 - 기타,승용,남,23세,상해없음,,,,
2014070600100202,2014년 7월 6일 11시,일요일,대전광역시 중구 유천동,중상사고,0,1,0,0,차대사람 - 횡단중,신호위반,건조,맑음,단일로 - 횡단보도상,승용,여,90세 이상,상해없음,보행자,남,90세 이상,중상
2014070600100262,2014년 7월 6일 13시,일요일,대전광역시 중구 목동,중상사고,0,1,4,0,차대차 - 측면직각충돌,안전운전불이행,건조,맑음,단일로 - 기타,화물,남,38세,상해없음,승용,여,36세,경상
2014070600100263,2014년 7월 6일 13시,일요일,대전광역시 유성구 구암동,경상사고,0,0,1,0,차대사람 - 기타,안전운전불이행,습기,비,단일로 - 기타,승합,남,52세,상해없음,보행자,남,10세,경상
2014070600100264,2014년 7월 6일 13시,일요일,대전광역시 유성구 봉명동,중상사고,0,1,0,0,차대차 - 측면직각충돌,교차로운행방법위반,습기,비,교차로 - 교차로안,승용,남,60세,상해없음,이륜,남,22세,중상
2014070600100282,2014년 7월 6일 14시,일요일,대전광역시 동구 소제동,경상사고,0,0,5,0,차대차 - 기타,안전운전불이행,건조,맑음,단일로 - 기타,승용,남,32세,상해없음,승용,남,60세,경상
2014070600100399,2014년 7월 6일 17시,일요일,대전광역시 유성구 장대동,경상사고,0,0,4,0,차대차 - 추돌 - 진행중,안전운전불이행,건조,맑음,단일로 - 기타,승용,여,41세,상해없음,승용,여,26세,경상
2014070600100400,2014년 7월 6일 17시,일요일,대전광역시 유성구 원신흥동,경상사고,0,0,1,0,차대차 - 정면충돌,안전운전불이행,건조,맑음,단일로 - 기타,자전거,남,50세,상해없음,자전거,남,7세,경상
2014070600100465,2014년 7월 6일 19시,일요일,대전광역시 서구 가장동,중상사고,0,1,0,0,차대차 - 기타,신호위반,건조,맑음,단일로 - 횡단보도상,승용,남,53세,상해없음,자전거,여,12세,중상
2014070600100494,2014년 7월 6일 20시,일요일,대전광역시 동구 가오동,중상사고,0,3,2,0,차대차 - 추돌 - 진행중,안전운전불이행,건조,맑음,교차로 - 교차로부근,승용,남,36세,상해없음,승용,여,62세,중상
2014070600100515,2014년 7월 6일 21시,일요일,대전광역시 동구 소제동,경상사고,0,0,2,0,차대차 - 추돌 - 주정차중,안전운전불이행,건조,맑음,교차로 - 교차로부근,화물,남,55세,상해없음,승용,남,25세,경상
2014070600100539,2014년 7월 6일 22시,일요일,대전광역시 유성구 원신흥동,경상사고,0,0,3,1,차대차 - 측면직각충돌,신호위반,건조,맑음,교차로 - 교차로안,승용,남,22세,상해없음,승용,여,34세,경상
2014070600100553,2014년 7월 6일 23시,일요일,대전광역시 서구 둔산동,중상사고,0,1,0,0,차대사람 - 횡단중,보행자보호의무위반,건조,맑음,단일로 - 횡단보도상,승용,남,22세,상해없음,보행자,남,23세,중상
2014070700100152,2014년 7월 7일 08시,월요일,대전광역시 유성구 원내동,경상사고,0,0,1,0,차대차 - 측면직각충돌,신호위반,건조,맑음,교차로 - 교차로안,승용,여,26세,상해없음,승용,남,58세,경상
2014070700100215,2014년 7월 7일 10시,월요일,대전광역시 서구 월평동,경상사고,0,0,3,0,차대차 - 추돌 - 주정차중,안전운전불이행,건조,맑음,교차로 - 교차로부근,승용,여,51세,경상,화물,남,46세,경상
2014070700100216,2014년 7월 7일 10시,월요일,대전광역시 서구 탄방동,중상사고,0,1,0,0,차대사람 - 기타,신호위반,건조,맑음,단일로 - 횡단보도상,승용,남,38세,상해없음,보행자,여,56세,중상
2014070700100330,2014년 7월 7일 14시,월요일,대전광역시 중구 석교동,경상사고,0,0,1,0,차대차 - 기타,교차로운행방법위반,건조,맑음,교차로 - 교차로안,승용,남,53세,상해없음,원동기,남,23세,경상
2014070700100331,2014년 7월 7일 14시,월요일,대전광역시 중구 문화동,경상사고,0,0,1,0,차대차 - 기타,안전운전불이행,건조,맑음,교차로 - 교차로안,승용,남,26세,상해없음,원동기,남,64세,경상
2014070700100360,2014년 7월 7일 15시,월요일,대전광역시 유성구 학하동,중상사고,0,1,0,0,차대차 - 측면직각충돌,교차로운행방법위반,건조,맑음,교차로 - 교차로안,승용,남,32세,상해없음,이륜,남,49세,중상
2014070700100395,2014년 7월 7일 16시,월요일,대전광역시 중구 호동,중상사고,0,1,3,0,차대차 - 기타,안전거리미확보,건조,맑음,단일로 - 기타,승합,남,48세,상해없음,승용,여,28세,중상
2014070700100424,2014년 7월 7일 17시,월요일,대전광역시 중구 문화동,경상사고,0,0,1,0,차대사람 - 기타,신호위반,건조,맑음,단일로 - 횡단보도상,승용,남,60세,상해없음,보행자,남,8세,경상
2014070700100462,2014년 7월 7일 18시,월요일,대전광역시 중구 문화동,중상사고,0,1,1,0,차대차 - 기타,안전거리미확보,건조,맑음,단일로 - 기타,승용,남,49세,상해없음,승용,여,47세,중상
2014070700100477,2014년 7월 7일 19시,월요일,대전광역시 유성구 자운동,중상사고,0,1,0,1,차량단독 - 공작물충돌,안전운전불이행,건조,맑음,단일로 - 기타,승합,남,31세,부상신고,,,,
2014070700100543,2014년 7월 7일 21시,월요일,대전광역시 동구 원동,중상사고,0,1,0,0,차대사람 - 차도통행중,중앙선침범,건조,맑음,교차로 - 교차로부근,승용,남,64세,상해없음,보행자,여,65세,중상
2014070800100063,2014년 7월 8일 04시,화요일,대전광역시 서구 월평동,경상사고,0,0,2,0,차대차 - 측면직각충돌,안전운전불이행,건조,맑음,교차로 - 교차로안,승용,남,18세,상해없음,승용,남,53세,경상
2014070800100170,2014년 7월 8일 08시,화요일,대전광역시 동구 삼성동,경상사고,0,0,2,0,차대차 - 기타,안전운전불이행,건조,맑음,단일로 - 기타,승용,남,53세,상해없음,승용,여,44세,경상
2014070800100191,2014년 7월 8일 09시,화요일,대전광역시 대덕구 중리동,경상사고,0,0,1,0,차대차 - 측면직각충돌,신호위반,건조,맑음,교차로 - 교차로안,승용,여,70세,상해없음,승용,여,25세,경상