사고번호,사고일시,요일,시군구,사고내용,사망자수,중상자수,경상자수,부상신고자수,사고유형,법규위반,노면상태,기상상태,도로형태,가해운전자 차종,가해운전자 성별,가해운전자 연령,가해운전자 상해정도,피해운전자 차종,피해운전자 성별,피해운전자 연령,피해운전자 상해정도
2014070800100192,2014년 7월 8일 09시,화요일,대전광역시 유성구 노은동,중상사고,0,1,0,0,차대차 - 기타,안전운전불이행,건조,맑음,교차로 - 교차로부근,승용,남,53세,상해없음,승용,남,46세,중상
2014070800100216,2014년 7월 8일 10시,화요일,대전광역시 중구 문화동,중상사고,0,1,0,0,차대차 - 측면직각충돌,안전운전불이행,건조,맑음,교차로 - 교차로안,원동기,남,72세,중상,화물,남,52세,상해없음
2014070800100217,2014년 7월 8일 10시,화요일,대전광역시 대덕구 송촌동,경상사고,0,0,1,0,차대차 - 기타,안전운전불이행,건조,맑음,교차로 - 교차로안,승용,남,60세,상해없음,자전거,남,47세,경상
2014070800100218,2014년 7월 8일 10시,화요일,대전광역시 서구 둔산동,경상사고,0,0,1,0,차대차 - 추돌 - 주정차중,안전운전불이행,건조,맑음,교차로 - 교차로부근,화물,남,29세,상해없음,승용,여,24세,경상
2014070800100251,2014년 7월 8일 11시,화요일,대전광역시 서구 도마동,경상사고,0,0,1,0,차대차 - 기타,안전운전불이행,건조,맑음,교차로 - 교차로부근,승용,여,43세,상해없음,승용,여,45세,경상
2014070800100401,2014년 7월 8일 15시,화요일,대전광역시 서구 관저동,중상사고,0,1,0,0,차량단독 - 기타,안전운전불이행,건조,맑음,단일로 - 기타,이륜,남,36세,중상,,,,
2014070800100439,2014년 7월 8일 16시,화요일,대전광역시 동구 성남동,경상사고,0,0,1,0,차대사람 - 차도통행중,안전운전불이행,건조,맑음,단일로 - 기타,승용,남,58세,상해없음,보행자,남,69세,경상
2014070800100440,2014년 7월 8일 16시,화요일,대전광역시 유성구 봉산동,중상사고,0,1,0,0,차대차 - 기타,신호위반,건조,맑음,교차로 - 교차로안,승용,남,34세,상해없음,화물,남,45세,중상
2014070800100518,2014년 7월 8일 18시,화요일,대전광역시 유성구 구성동,경상사고,0,0,2,0,차대차 - 추돌 - 진행중,안전거리미확보,건조,맑음,교차로 - 교차로부근,승용,남,54세,상해없음,승용,남,45세,경상
2014070800100544,2014년 7월 8일 19시,화요일,대전광역시 중구 대흥동,중상사고,0,1,0,0,차대사람 - 기타,안전운전불이행,건조,맑음,단일로 - 기타,승용,남,20세,상해없음,보행자,남,67세,중상
2014070800100545,2014년 7월 8일 19시,화요일,대전광역시 동구 용전동,부상신고사고,0,0,0,1,차대차 - 측면직각충돌,안전거리미확보,건조,맑음,단일로 - 기타,승용,남,22세,상해없음,승용,남,68세,부상신고
2014070800100546,2014년 7월 8일 19시,화요일,대전광역시 유성구 지족동,중상사고,0,2,0,0,차대차 - 측면직각충돌,신호위반,건조,맑음,교차로 - 교차로안,승용,여,59세,중상,승용,여,60세,중상
2014070800100589,2014년 7월 8일 20시,화요일,대전광역시 서구 관저동,경상사고,0,0,3,0,차대차 - 측면직각충돌,신호위반,건조,맑음,교차로 - 교차로안,승용,여,22세,상해없음,승용,여,36세,경상
2014070900100075,2014년 7월 9일 05시,수요일,대전광역시 동구 신흥동,경상사고,0,0,1,0,차대차 - 추돌 - 진행중,안전운전불이행,건조,맑음,교차로 - 교차로부근,승용,남,26세,상해없음,승용,남,20세,경상
2014070900100076,2014년 7월 9일 05시,수요일,대전광역시 유성구 봉명동,중상사고,0,1,0,0,차량단독 - 전도전복,안전운전불이행,건조,맑음,단일로 - 기타,승용,남,72세,중상,,,,
2014070900100108,2014년 7월 9일 07시,수요일,대전광역시 동구 홍도동,경상사고,0,0,1,0,차대차 - 추돌 - 진행중,안전거리미확보,건조,맑음,단일로 - 기타,승용,남,46세,기타불명,승용,여,56세,경상
2014070900100140,2014년 7월 9일 08시,수요일,대전광역시 서구 탄방동,경상사고,0,0,1,0,차대사람 - 횡단중,보행자보호의무위반,건조,맑음,교차로 - 교차로안,승용,남,60세,상해없음,보행자,남,7세,경상
2014070900100197,2014년 7월 9일 10시,수요일,대전광역시 대덕구 오정동,경상사고,0,0,4,0,차대차 - 추돌 - 주정차중,안전운전불이행,건조,맑음,단일로 - 기타,승용,남,19세,상해없음,승합,남,44세,경상
2014070900100236,2014년 7월 9일 11시,수요일,대전광역시 중구 대사동,중상사고,0,1,2,0,차대차 - 측면직각충돌,중앙선침범,습기,비,교차로 - 교차로부근,화물,남,34세,상해없음,화물,남,62세,경상
2014070900100237,2014년 7월 9일 11시,수요일,대전광역시 서구 탄방동,중상사고,0,1,0,0,차대차 - 기타,안전거리미확보,건조,맑음,단일로 - 기타,승용,여,55세,상해없음,이륜,남,48세,중상
2014070900100356,2014년 7월 9일 15시,수요일,대전광역시 서구 둔산동,경상사고,0,0,1,0,차대차 - 기타,안전운전불이행,건조,맑음,교차로 - 교차로안,승용,남,39세,상해없음,자전거,여,22세,경상
2014070900100431,2014년 7월 9일 17시,수요일,대전광역시 서구 둔산동,중상사고,0,1,1,0,차대차 - 추돌 - 진행중,안전운전불이행,건조,맑음,단일로 - 기타,승용,여,42세,상해없음,승용,남,35세,경상
2014070900100479,2014년 7월 9일 18시,수요일,대전광역시 유성구 용산동,경상사고,0,0,1,0,차대차 - 기타,안전운전불이행,건조,맑음,단일로 - 기타,승용,남,57세,상해없음,승용,남,54세,상해없음
2014070900100540,2014년 7월 9일 20시,수요일,대전광역시 중구 선화동,경상사고,0,0,3,0,차대차 - 측면직각충돌,안전거리미확보,건조,흐림,교차로 - 교차로부근,승용,여,44세,상해없음,승용,남,25세,경상
2014070900100541,2014년 7월 9일 20시,수요일,대전광역시 동구 성남동,중상사고,0,1,0,0,차대차 - 측면직각충돌,안전운전불이행,건조,맑음,단일로 - 기타,승용,남,46세,상해없음,승용,남,44세,상해없음
2014070900100542,2014년 7월 9일 20시,수요일,대전광역시 동구 판암동,중상사고,0,1,0,0,차대차 - 측면직각충돌,교차로운행방법위반,건조,맑음,교차로 - 교차로안,승용,남,72세,상해없음,이륜,남,27세,중상
2014070900100583,2014년 7월 9일 21시,수요일,대전광역시 서구 둔산동,경상사고,0,0,2,0,차대차 - 기타,신호위반,건조,흐림,교차로 - 교차로안,승용,남,51세,상해없음,승용,남,52세,경상
2014071000100059,2014년 7월 10일 02시,목요일,대전광역시 중구 오류동,경상사고,0,0,1,0,차대사람 - 기타,안전운전불이행,건조,맑음,단일로 - 기타,승용,여,43세,상해없음,보행자,남,18세,경상
2014071000100068,2014년 7월 10일 03시,목요일,대전광역시 서구 둔산동,경상사고,0,0,1,0,차대사람 - 기타,안전운전불이행,건조,맑음,단일로 - 기타,승용,남,27세,상해없음,보행자,남,21세,경상
2014071000100100,2014년 7월 10일 06시,목요일,대전광역시 서구 갈마동,경상사고,0,0,1,0,차대사람 - 기타,안전운전불이행,건조,맑음,단일로 - 기타,승용,여,52세,상해없음,보행자,남,31세,경상
2014071000100101,2014년 7월 10일 06시,목요일,대전광역시 서구 월평동,경상사고,0,0,1,0,차대차 - 측면직각충돌,신호위반,건조,맑음,교차로 - 교차로안,승용,여,47세,상해없음,승용,남,43세,경상
2014071000100181,2014년 7월 10일 08시,목요일,대전광역시 대덕구 법동,중상사고,0,1,0,0,차대사람 - 횡단중,보행자보호의무위반,건조,맑음,교차로 - 교차로안,승용,남,37세,상해없음,보행자,여,8세,중상
2014071000100332,2014년 7월 10일 14시,목요일,대전광역시 유성구 장대동,중상사고,0,1,0,0,차대차 - 기타,기타,건조,맑음,단일로 - 기타,화물,남,48세,상해없음,승용,여,56세,중상
2014071000100419,2014년 7월 10일 16시,목요일,대전광역시 서구 가장동,경상사고,0,0,2,0,차대차 - 측면직각충돌,안전운전불이행,건조,맑음,교차로 - 교차로안,승용,남,66세,상해없음,승용,여,36세,경상
2014071000100460,2014년 7월 10일 17시,목요일,대전광역시 대덕구 목상동,경상사고,0,0,1,0,차대차 - 측면직각충돌,보행자보호의무위반,건조,맑음,단일로 - 기타,승용,남,30세,상해없음,자전거,남,8세,경상
2014071000100461,2014년 7월 10일 17시,목요일,대전광역시 유성구 봉명동,중상사고,0,1,0,0,차대차 - 기타,신호위반,건조,맑음,교차로 - 교차로안,승용,남,62세,상해없음,원동기,남,48세,중상
2014071000100515,2014년 7월 10일 18시,목요일,대전광역시 중구 사정동,경상사고,0,0,1,0,차대차 - 측면직각충돌,안전운전불이행,건조,맑음,교차로 - 교차로안,자전거,남,7세,경상,승용,여,41세,상해없음
2014071000100550,2014년 7월 10일 19시,목요일,대전광역시 유성구 봉명동,경상사고,0,0,1,0,차대사람 - 기타,안전운전불이행,건조,맑음,단일로 - 기타,자전거,여,21세,상해없음,보행자,여,58세,경상
2014071000100584,2014년 7월 10일 20시,목요일,대전광역시 중구 부사동,경상사고,0,0,1,0,차대차 - 추돌 - 진행중,안전운전불이행,건조,맑음,교차로 - 교차로부근,화물,남,62세,상해없음,승용,여,55세,경상
2014071000100585,2014년 7월 10일 20시,목요일,대전광역시 동구 자양동,중상사고,0,1,0,0,차대사람 - 기타,안전운전불이행,건조,맑음,단일로 - 기타,화물,남,59세,상해없음,보행자,여,58세,중상
2014071000100621,2014년 7월 10일 21시,목요일,대전광역시 동구 용전동,중상사고,0,1,0,0,차대사람 - 기타,신호위반,건조,맑음,단일로 - 횡단보도상,이륜,남,42세,상해없음,보행자,남,51세,중상
2014071000100622,2014년 7월 10일 21시,목요일,대전광역시 대덕구 중리동,경상사고,0,0,1,0,차대차 - 측면직각충돌,직진우회전진행방해,건조,맑음,교차로 - 교차로안,승용,남,62세,상해없음,승합,남,36세,경상
2014071100100016,2014년 7월 11일 00시,금요일,대전광역시 유성구 관평동,경상사고,0,0,1,0,차대차 - 측면직각충돌,안전운전불이행,건조,맑음,단일로 - 기타,승용,남,21세,상해없음,화물,남,42세,경상
2014071100100033,2014년 7월 11일 01시,금요일,대전광역시 중구 유천동,경상사고,0,0,1,0,차대차 - 측면직각충돌,안전운전불이행,건조,맑음,단일로 - 기타,승용,남,40세,상해없음,승용,남,24세,경상
2014071100100046,2014년 7월 11일 02시,금요일,대전광역시 서구 월평동,사망사고,1,0,0,0,차대사람 - 횡단중,안전운전불이행,건조,맑음,단일로 - 횡단보도상,승용,남,53세,상해없음,보행자,남,50세,사망
2014071100100058,2014년 7월 11일 03시,금요일,대전광역시 서구 둔산동,경상사고,0,0,1,0,차대사람 - 횡단중,신호위반,건조,맑음,교차로 - 교차로안,승용,남,47세,상해없음,보행자,남,19세,경상
2014071100100070,2014년 7월 11일 04시,금요일,대전광역시 대덕구 신탄진동,경상사고,0,0,1,0,차대사람 - 기타,안전운전불이행,건조,맑음,단일로 - 기타,승용,남,27세,상해없음,보행자,남,36세,경상
2014071100100071,2014년 7월 11일 04시,금요일,대전광역시 대덕구 오정동,경상사고,0,0,2,0,차대차 - 추돌 - 주정차중,안전운전불이행,건조,맑음,교차로 - 교차로부근,승용,남,31세,상해없음,특수,남,56세,경상
2014071100100121,2014년 7월 11일 07시,금요일,대전광역시 유성구 궁동,경상사고,0,0,1,0,차대차 - 기타,안전거리미확보,건조,맑음,단일로 - 기타,승용,남,46세,상해없음,승용,여,31세,경상
2014071100100122,2014년 7월 11일 07시,금요일,대전광역시 유성구 용산동,중상사고,0,2,2,0,차대차 - 기타,신호위반,건조,맑음,교차로 - 교차로안,승용,남,29세,상해없음,승용,여,45세,중상
2014071100100189,2014년 7월 11일 09시,금요일,대전광역시 동구 대성동,경상사고,0,0,2,0,차대차 - 측면직각충돌,안전거리미확보,건조,맑음,단일로 - 기타,승용,남,51세,상해없음,승용,남,54세,경상
2014071100100226,2014년 7월 11일 10시,금요일,대전광역시 동구 대성동,경상사고,0,0,1,0,차대차 - 추돌 - 주정차중,안전운전불이행,건조,맑음,단일로 - 기타,화물,남,72세,상해없음,승용,남,32세,경상
2014071100100361,2014년 7월 11일 14시,금요일,대전광역시 중구 은행동,중상사고,0,2,1,0,차대사람 - 기타,안전운전불이행,건조,맑음,단일로 - 기타,승용,남,62세,상해없음,보행자,여,51세,중상
2014071100100362,2014년 7월 11일 14시,금요일,대전광역시 동구 중동,경상사고,0,0,1,0,차량단독 - 기타,안전운전불이행,건조,맑음,단일로 - 기타,승합,남,32세,상해없음,,,,
2014071100100433,2014년 7월 11일 16시,금요일,대전광역시 중구 유천동,중상사고,0,1,0,0,차대차 - 측면직각충돌,안전운전불이행,건조,맑음,단일로 - 기타,승용,남,47세,상해없음,이륜,남,20세,중상
2014071100100434,2014년 7월 11일 16시,금요일,대전광역시 동구 소제동,중상사고,0,2,1,0,차대차 - 추돌 - 주정차중,안전거리미확보,건조,맑음,단일로 - 기타,승용,남,38세,상해없음,승용,남,46세,경상
2014071100100493,2014년 7월 11일 17시,금요일,대전광역시 유성구 방동,경상사고,0,0,3,0,차대차 - 추돌 - 주정차중,안전거리미확보,건조,맑음,교차로 - 교차로부근,승용,남,53세,상해없음,승용,남,41세,경상
2014071100100552,2014년 7월 11일 18시,금요일,대전광역시 중구 산성동,경상사고,0,0,1,0,차대차 - 기타,안전운전불이행,건조,맑음,교차로 - 교차로부근,화물,남,48세,상해없음,화물,남,44세,경상
2014071100100588,2014년 7월 11일 19시,금요일,대전광역시 중구 대사동,중상사고,0,2,0,0,차대차 - 측면직각충돌,안전운전불이행,건조,맑음,교차로 - 교차로안,승용,여,55세,상해없음,승용,여,49세,중상
2014071100100589,2014년 7월 11일 19시,금요일,대전광역시 대덕구 상서동,중상사고,0,1,0,0,차대사람 - 횡단중,신호위반,건조,맑음,교차로 - 교차로부근,승합,남,43세,상해없음,보행자,여,61세,중상
2014071100100636,2014년 7월 11일 20시,금요일,대전광역시 서구 복수동,경상사고,0,0,2,0,차대차 - 정면충돌,신호위반,건조,맑음,교차로 - 교차로안,승용,남,53세,경상,승용,남,44세,경상
2014071100100674,2014년 7월 11일 21시,금요일,대전광역시 동구 삼성동,경상사고,0,0,1,0,차대사람 - 횡단중,안전운전불이행,건조,맑음,단일로 - 기타,승용,남,62세,상해없음,보행자,남,23세,경상
2014071100100675,2014년 7월 11일 21시,금요일,대전광역시 서구 탄방동,경상사고,0,0,1,0,차대차 - 추돌 - 진행중,안전거리미확보,건조,맑음,단일로 - 기타,승용,남,62세,상해없음,승용,여,55세,경상
2014071100100754,2014년 7월 11일 23시,금요일,대전광역시 동구 구도동,경상사고,0,0,3,0,차대차 - 측면직각충돌,안전운전불이행,건조,맑음,단일로 - 기타,화물,남,43세,상해없음,승용,남,46세,경상
2014071200100026,2014년 7월 12일 00시,토요일,대전광역시 중구 문화동,경상사고,0,0,1,0,차대차 - 추돌 - 진행중,안전거리미확보,건조,맑음,단일로 - 기타,승용,남,34세,상해없음,승용,여,54세,경상
2014071200100076,2014년 7월 12일 02시,토요일,대전광역시 중구 선화동,경상사고,0,0,2,0,차대차 - 측면직각충돌,신호위반,건조,맑음,교차로 - 교차로안,승용,남,67세,상해없음,승용,남,57세,경상
2014071200100077,2014년 7월 12일 02시,토요일,대전광역시 대덕구 중리동,경상사고,0,0,5,0,차대차 - 정면충돌,중앙선침범,건조,맑음,단일로 - 기타,화물,기타불명,50세,기타불명,승용,여,23세,경상
2014071200100078,2014년 7월 12일 02시,토요일,대전광역시 서구 둔산동,경상사고,0,0,2,0,차대차 - 측면직각충돌,신호위반,건조,맑음,교차로 - 교차로안,승용,남,43세,상해없음,자전거,남,18세,경상
2014071200100149,2014년 7월 12일 07시,토요일,대전광역시 동구 용전동,경상사고,0,0,2,0,차대차 - 추돌 - 주정차중,안전운전불이행,건조,맑음,단일로 - 횡단보도부근,승용,여,27세,상해없음,승용,남,49세,경상
2014071200100203,2014년 7월 12일 09시,토요일,대전광역시 중구 문화동,경상사고,0,0,1,0,차대차 - 측면직각충돌,안전운전불이행,건조,맑음,교차로 - 교차로부근,승용,남,49세,상해없음,승용,여,43세,경상
2014071200100238,2014년 7월 12일 10시,토요일,대전광역시 유성구 궁동,경상사고,0,0,1,0,차대차 - 추돌 - 진행중,안전거리미확보,건조,맑음,교차로 - 교차로부근,승용,남,79세,상해없음,승용,여,31세,경상
2014071200100272,2014년 7월 12일 11시,토요일,대전광역시 동구 가양동,중상사고,0,1,0,0,차대차 - 측면직각충돌,안전운전불이행,건조,맑음,교차로 - 교차로부근,승용,남,62세,상해없음,자전거,여,67세,중상
2014071200100307,2014년 7월 12일 12시,토요일,대전광역시 서구 갈마동,중상사고,0,1,0,0,차대차 - 기타,안전거리미확보,건조,맑음,단일로 - 기타,승용,남,44세,상해없음,승용,여,27세,중상
2014071200100364,2014년 7월 12일 14시,토요일,대전광역시 동구 가오동,중상사고,0,1,0,0,차대사람 - 기타,안전운전불이행,건조,맑음,단일로 - 기타,이륜,남,69세,상해없음,보행자,여,51세,중상
2014071200100365,2014년 7월 12일 14시,토요일,대전광역시 유성구 방현동,경상사고,0,0,2,0,차대차 - 기타,안전운전불이행,건조,맑음,기타 - 기타,승용,여,56세,기타불명,승용,남,24세,경상
2014071200100440,2014년 7월 12일 17시,토요일,대전광역시 동구 가양동,경상사고,0,0,1,0,차대차 - 측면직각충돌,안전운전불이행,건조,맑음,단일로 - 기타,승용,남,23세,상해없음,승용,남,27세,경상
2014071200100496,2014년 7월 12일 19시,토요일,대전광역시 중구 유천동,중상사고,0,1,0,0,차대차 - 측면직각충돌,직진우회전진행방해,건조,맑음,교차로 - 교차로안,이륜,남,20세,중상,승용,남,37세,상해없음
2014071200100497,2014년 7월 12일 19시,토요일,대전광역시 동구 용전동,경상사고,0,0,3,0,차대차 - 측면직각충돌,교차로운행방법위반,건조,맑음,교차로 - 교차로안,승용,여,41세,경상,승용,여,46세,경상
2014071200100526,2014년 7월 12일 20시,토요일,대전광역시 중구 유천동,경상사고,0,0,1,0,차대차 - 측면직각충돌,신호위반,습기,흐림,교차로 - 교차로안,승용,남,52세,상해없음,이륜,남,51세,경상
2014071200100527,2014년 7월 12일 20시,토요일,대전광역시 중구 유천동,경상사고,0,0,2,0,차대차 - 기타,안전운전불이행,건조,맑음,단일로 - 기타,승용,남,54세,상해없음,승용,남,28세,경상
2014071200100613,2014년 7월 12일 23시,토요일,대전광역시 대덕구 오정동,경상사고,0,0,1,0,차대차 - 기타,안전운전불이행,건조,맑음,단일로 - 기타,승용,남,50세,상해없음,승용,기타불명,기타불명,기타불명
2014071200100614,2014년 7월 12일 23시,토요일,대전광역시 서구 둔산동,경상사고,0,0,1,0,차대차 - 추돌 - 진행중,안전운전불이행,습기,비,단일로 - 기타,승용,남,28세,상해없음,승용,남,24세,경상
2014071300100050,2014년 7월 13일 01시,일요일,대전광역시 동구 신흥동,경상사고,0,0,1,0,차대차 - 측면직각충돌,신호위반,습기,비,교차로 - 교차로안,승용,남,55세,상해없음,승용,여,59세,경상
2014071300100051,2014년 7월 13일 01시,일요일,대전광역시 서구 관저동,경상사고,0,0,1,0,차대차 - 추돌 - 진행중,안전운전불이행,습기,비,단일로 - 기타,승용,남,41세,상해없음,승용,남,69세,경상
2014071300100052,2014년 7월 13일 01시,일요일,대전광역시 대덕구 법동,부상신고사고,0,0,0,1,차대사람 - 기타,안전운전불이행,건조,맑음,단일로 - 기타,승용,남,29세,상해없음,보행자,여,52세,부상신고
2014071300100053,2014년 7월 13일 01시,일요일,대전광역시 서구 둔산동,중상사고,0,2,0,0,차대사람 - 횡단중,신호위반,습기,비,교차로 - 교차로부근,화물,남,53세,상해없음,보행자,여,17세,중상
2014071300100088,2014년 7월 13일 03시,일요일,대전광역시 대덕구 비래동,경상사고,0,0,1,0,차대차 - 측면직각충돌,안전운전불이행,습기,맑음,교차로 - 교차로안,승합,남,55세,상해없음,자전거,남,29세,경상
2014071300100105,2014년 7월 13일 04시,일요일,대전광역시 유성구 교촌동,중상사고,0,1,2,0,차대차 - 측면직각충돌,신호위반,습기,비,교차로 - 교차로안,화물,남,49세,상해없음,승용,남,36세,경상
2014071300100145,2014년 7월 13일 07시,일요일,대전광역시 동구 대동,경상사고,0,0,1,0,차대차 - 측면직각충돌,중앙선침범,건조,맑음,교차로 - 교차로안,화물,남,58세,상해없음,승용,여,49세,경상
2014071300100181,2014년 7월 13일 09시,일요일,대전광역시 유성구 봉명동,경상사고,0,0,1,0,차대차 - 기타,안전거리미확보,건조,맑음,교차로 - 교차로안,승용,남,66세,상해없음,자전거,여,26세,경상
2014071300100229,2014년 7월 13일 12시,일요일,대전광역시 중구 옥계동,중상사고,0,1,2,0,차량단독 - 기타,기타,건조,맑음,단일로 - 기타,승용,남,63세,상해없음,,,,
2014071300100259,2014년 7월 13일 13시,일요일,대전광역시 유성구 송강동,경상사고,0,0,1,0,차대차 - 기타,안전거리미확보,건조,맑음,교차로 - 교차로안,승용,남,39세,상해없음,자전거,남,23세,경상
2014071300100260,2014년 7월 13일 13시,일요일,대전광역시 유성구 봉명동,경상사고,0,0,1,0,차대차 - 측면직각충돌,신호위반,건조,맑음,교차로 - 교차로안,승용,남,26세,상해없음,승용,남,53세,경상
2014071300100301,2014년 7월 13일 14시,일요일,대전광역시 대덕구 중리동,부상신고사고,0,0,0,1,차대사람 - 횡단중,안전운전불이행,건조,맑음,단일로 - 기타,승용,여,40세,상해없음,보행자,남,10세,부상신고
2014071300100330,2014년 7월 13일 15시,일요일,대전광역시 서구 탄방동,경상사고,0,0,2,0,차대차 - 추돌 - 진행중,안전운전불이행,건조,맑음,교차로 - 교차로부근,승용,남,59세,상해없음,승용,남,35세,경상
2014071300100355,2014년 7월 13일 16시,일요일,대전광역시 서구 둔산동,중상사고,0,1,0,0,차대차 - 기타,안전운전불이행,건조,맑음,단일로 - 기타,승용,여,42세,상해없음,승용,남,27세,중상
2014071300100387,2014년 7월 13일 17시,일요일,대전광역시 유성구 장대동,경상사고,0,0,1,0,차대차 - 추돌 - 진행중,안전거리미확보,건조,맑음,단일로 - 기타,승용,기타불명,기타불명,기타불명,승용,남,61세,경상
2014071300100419,2014년 7월 13일 18시,일요일,대전광역시 중구 문화동,경상사고,0,0,1,0,차량단독 - 기타,기타,건조,맑음,단일로 - 기타,승합,남,54세,상해없음,,,,
2014071300100420,2014년 7월 13일 18시,일요일,대전광역시 서구 가장동,경상사고,0,0,2,0,차대차 - 추돌 - 진행중,안전운전불이행,건조,맑음,교차로 - 교차로안,승용,남,28세,상해없음,승용,남,33세,경상
2014071300100453,2014년 7월 13일 19시,일요일,대전광역시 서구 월평동,중상사고,0,1,0,0,차대차 - 기타,신호위반,건조,맑음,교차로 - 교차로안,승용,남,42세,상해없음,원동기,남,34세,중상
2014071300100501,2014년 7월 13일 21시,일요일,대전광역시 중구 문화동,경상사고,0,0,1,0,차대차 - 측면직각충돌,안전운전불이행,건조,맑음,기타 - 기타,승용,남,21세,상해없음,승용,여,38세,경상
2014071300100511,2014년 7월 13일 22시,일요일,대전광역시 중구 부사동,경상사고,0,0,1,0,차대차 - 정면충돌,중앙선침범,건조,맑음,단일로 - 기타,승용,남,22세,상해없음,승용,여,62세,경상
2014071300100512,2014년 7월 13일 22시,일요일,대전광역시 대덕구 신탄진동,사망사고,1,0,0,0,차대사람 - 횡단중,과속,건조,맑음,단일로 - 기타,승용,남,53세,상해없음,보행자,여,57세,사망
2014071300100532,2014년 7월 13일 23시,일요일,대전광역시 서구 갈마동,경상사고,0,0,2,0,차대차 - 기타,교차로운행방법위반,건조,맑음,단일로 - 기타,승용,여,62세,상해없음,승용,여,45세,경상
2014071400100132,2014년 7월 14일 08시,월요일,대전광역시 대덕구 신대동,중상사고,0,1,0,2,차대차 - 기타,안전운전불이행,건조,맑음,단일로 - 기타,승용,남,60세,상해없음,승용,남,32세,중상
2014071400100133,2014년 7월 14일 08시,월요일,대전광역시 서구 월평동,중상사고,0,1,0,0,차대차 - 기타,교차로운행방법위반,건조,맑음,단일로 - 기타,자전거,여,76세,중상,자전거,남,39세,상해없음
2014071400100134,2014년 7월 14일 08시,월요일,대전광역시 서구 둔산동,경상사고,0,0,1,0,차대차 - 추돌 - 주정차중,안전거리미확보,건조,맑음,교차로 - 교차로부근,승용,남,39세,상해없음,승용,여,25세,경상
2014071400100164,2014년 7월 14일 09시,월요일,대전광역시 서구 가장동,경상사고,0,0,1,0,차대사람 - 횡단중,보행자보호의무위반,건조,맑음,단일로 - 횡단보도상,승용,여,58세,상해없음,보행자,남,71세,경상
2014071400100352,2014년 7월 14일 16시,월요일,대전광역시 동구 용전동,경상사고,0,0,1,0,차대차 - 측면직각충돌,신호위반,건조,맑음,교차로 - 교차로안,승용,남,67세,상해없음,승용,여,33세,경상
2014071400100437,2014년 7월 14일 18시,월요일,대전광역시 중구 중촌동,경상사고,0,0,1,0,차대차 - 추돌 - 주정차중,안전운전불이행,건조,맑음,교차로 - 교차로부근,승용,남,52세,상해없음,화물,남,38세,경상
2014071400100438,2014년 7월 14일 18시,월요일,대전광역시 대덕구 덕암동,경상사고,0,0,2,0,차대차 - 추돌 - 주정차중,안전운전불이행,건조,맑음,단일로 - 기타,승합,남,50세,상해없음,승용,남,51세,경상
2014071400100439,2014년 7월 14일 18시,월요일,대전광역시 서구 둔산동,경상사고,0,0,1,0,차대차 - 추돌 - 진행중,안전운전불이행,건조,맑음,교차로 - 교차로안,승용,남,42세,상해없음,승용,여,40세,경상
2014071400100440,2014년 7월 14일 18시,월요일,대전광역시 유성구 봉산동,경상사고,0,0,3,0,차대차 - 추돌 - 진행중,안전거리미확보,건조,맑음,단일로 - 교량,승용,남,37세,상해없음,승용,남,32세,경상
2014071400100441,2014년 7월 14일 18시,월요일,대전광역시 서구 둔산동,경상사고,0,0,1,0,차대사람 - 횡단중,보행자보호의무위반,건조,맑음,단일로 - 횡단보도상,승용,남,35세,기타불명,보행자,여,36세,경상
2014071400100465,2014년 7월 14일 19시,월요일,대전광역시 유성구 봉산동,경상사고,0,0,1,0,차대차 - 기타,안전운전불이행,건조,맑음,단일로 - 기타,승용,남,44세,상해없음,자전거,남,11세,경상
2014071400100541,2014년 7월 14일 21시,월요일,대전광역시 동구 대성동,중상사고,0,1,0,0,차대사람 - 차도통행중,안전운전불이행,습기,비,단일로 - 기타,승용,남,60세,상해없음,보행자,남,41세,중상
2014071400100567,2014년 7월 14일 22시,월요일,대전광역시 유성구 대정동,경상사고,0,0,2,0,차대차 - 추돌 - 진행중,안전거리미확보,건조,맑음,교차로 - 교차로부근,승용,남,56세,상해없음,승용,여,35세,경상
2014071400100586,2014년 7월 14일 23시,월요일,대전광역시 서구 용문동,경상사고,0,0,1,0,차대차 - 추돌 - 진행중,안전운전불이행,건조,맑음,단일로 - 기타,승용,남,51세,상해없음,승용,여,39세,경상
2014071500100017,2014년 7월 15일 00시,화요일,대전광역시 서구 월평동,중상사고,0,1,0,0,차대차 - 추돌 - 진행중,안전거리미확보,건조,맑음,교차로 - 교차로부근,승용,남,17세,상해없음,승용,여,49세,중상
2014071500100018,2014년 7월 15일 00시,화요일,대전광역시 서구 둔산동,중상사고,0,2,0,0,차대차 - 정면충돌,신호위반,건조,맑음,교차로 - 교차로안,승용,남,38세,상해없음,승용,남,46세,중상
2014071500100092,2014년 7월 15일 07시,화요일,대전광역시 유성구 전민동,경상사고,0,0,1,0,차대사람 - 횡단중,안전운전불이행,건조,맑음,단일로 - 기타,승용,기타불명,기타불명,기타불명,보행자,남,17세,경상
2014071500100130,2014년 7월 15일 08시,화요일,대전광역시 서구 관저동,경상사고,0,0,1,0,차대사람 - 횡단중,신호위반,건조,맑음,교차로 - 교차로부근,승용,여,57세,상해없음,보행자,여,42세,경상
2014071500100131,2014년 7월 15일 08시,화요일,대전광역시 대덕구 읍내동,경상사고,0,0,1,0,차대사람 - 보도통행중,보행자보호의무위반,건조,맑음,단일로 - 횡단보도상,화물,남,48세,상해없음,보행자,남,7세,경상
2014071500100177,2014년 7월 15일 10시,화요일,대전광역시 동구 인동,중상사고,0,1,0,0,차량단독 - 기타,안전운전불이행,건조,맑음,단일로 - 기타,승합,남,53세,상해없음,,,,