사고번호,사고일시,요일,시군구,사고내용,사망자수,중상자수,경상자수,부상신고자수,사고유형,법규위반,노면상태,기상상태,도로형태,가해운전자 차종,가해운전자 성별,가해운전자 연령,가해운전자 상해정도,피해운전자 차종,피해운전자 성별,피해운전자 연령,피해운전자 상해정도
2014071500100215,2014년 7월 15일 11시,화요일,대전광역시 중구 대흥동,경상사고,0,0,2,0,차대차 - 추돌 - 진행중,안전운전불이행,건조,맑음,단일로 - 기타,승합,남,56세,상해없음,승용,여,53세,경상
2014071500100248,2014년 7월 15일 12시,화요일,대전광역시 동구 성남동,경상사고,0,0,1,0,차대사람 - 기타,안전운전불이행,건조,맑음,단일로 - 기타,승용,여,49세,상해없음,보행자,여,69세,경상
2014071500100249,2014년 7월 15일 12시,화요일,대전광역시 대덕구 법동,경상사고,0,0,2,0,차대차 - 추돌 - 주정차중,안전운전불이행,건조,맑음,교차로 - 교차로안,승용,남,55세,상해없음,승용,남,54세,경상
2014071500100332,2014년 7월 15일 15시,화요일,대전광역시 중구 유천동,경상사고,0,0,1,0,차대차 - 측면직각충돌,안전운전불이행,건조,맑음,교차로 - 교차로안,승용,남,76세,상해없음,승용,여,48세,경상
2014071500100333,2014년 7월 15일 15시,화요일,대전광역시 유성구 궁동,경상사고,0,0,1,0,차대차 - 추돌 - 주정차중,안전거리미확보,건조,맑음,교차로 - 교차로부근,건설기계,남,41세,상해없음,승용,남,50세,경상
2014071500100456,2014년 7월 15일 18시,화요일,대전광역시 유성구 대정동,경상사고,0,0,1,0,차대차 - 기타,안전운전불이행,건조,맑음,단일로 - 기타,화물,남,59세,상해없음,승용,여,36세,경상
2014071500100561,2014년 7월 15일 21시,화요일,대전광역시 대덕구 읍내동,경상사고,0,0,1,0,차대차 - 추돌 - 진행중,안전운전불이행,습기,비,단일로 - 기타,화물,남,65세,상해없음,화물,남,39세,경상
2014071500100576,2014년 7월 15일 21시,화요일,대전광역시 서구 괴정동,경상사고,0,0,1,0,차대차 - 추돌 - 주정차중,안전운전불이행,건조,맑음,단일로 - 기타,승용,남,45세,상해없음,승용,여,28세,경상
2014071500100614,2014년 7월 15일 22시,화요일,대전광역시 서구 둔산동,경상사고,0,0,1,0,차대차 - 기타,안전운전불이행,건조,맑음,단일로 - 기타,승용,남,30세,상해없음,승용,남,41세,상해없음
2014071500100615,2014년 7월 15일 22시,화요일,대전광역시 서구 월평동,경상사고,0,0,2,0,차대차 - 기타,차로위반,건조,맑음,단일로 - 기타,승용,남,28세,상해없음,승용,남,55세,경상
2014071500100649,2014년 7월 15일 23시,화요일,대전광역시 중구 선화동,경상사고,0,0,1,0,차대차 - 추돌 - 진행중,안전운전불이행,건조,맑음,교차로 - 교차로부근,승용,남,30세,상해없음,승용,남,34세,경상
2014071500100650,2014년 7월 15일 23시,화요일,대전광역시 중구 산성동,경상사고,0,0,1,0,차대차 - 기타,안전운전불이행,건조,맑음,기타 - 기타,승용,남,22세,상해없음,자전거,남,57세,경상
2014071600100033,2014년 7월 16일 01시,수요일,대전광역시 중구 유천동,경상사고,0,0,1,0,차대사람 - 횡단중,보행자보호의무위반,건조,맑음,교차로 - 교차로안,승용,남,48세,상해없음,보행자,남,37세,경상
2014071600100042,2014년 7월 16일 02시,수요일,대전광역시 대덕구 오정동,경상사고,0,0,1,1,차대차 - 추돌 - 진행중,신호위반,건조,맑음,교차로 - 교차로안,화물,남,45세,상해없음,원동기,남,35세,경상
2014071600100090,2014년 7월 16일 07시,수요일,대전광역시 유성구 관평동,중상사고,0,1,0,0,차대차 - 기타,안전운전불이행,건조,맑음,단일로 - 기타,승용,남,37세,상해없음,자전거,남,15세,중상
2014071600100129,2014년 7월 16일 08시,수요일,대전광역시 동구 가양동,경상사고,0,0,1,0,차대차 - 측면직각충돌,직진우회전진행방해,건조,맑음,교차로 - 교차로안,승용,남,53세,상해없음,승용,여,53세,경상
2014071600100130,2014년 7월 16일 08시,수요일,대전광역시 동구 소제동,경상사고,0,0,1,0,차대차 - 기타,직진우회전진행방해,건조,맑음,교차로 - 교차로안,승용,남,23세,상해없음,자전거,남,72세,경상
2014071600100131,2014년 7월 16일 08시,수요일,대전광역시 유성구 어은동,중상사고,0,1,0,0,차대사람 - 기타,안전운전불이행,건조,맑음,단일로 - 기타,자전거,남,24세,상해없음,보행자,남,55세,중상
2014071600100169,2014년 7월 16일 09시,수요일,대전광역시 유성구 궁동,경상사고,0,0,1,0,차대차 - 기타,안전운전불이행,건조,맑음,단일로 - 기타,승용,남,42세,상해없음,승용,여,29세,경상
2014071600100170,2014년 7월 16일 09시,수요일,대전광역시 유성구 화암동,경상사고,0,0,3,0,차대차 - 기타,교차로운행방법위반,건조,맑음,단일로 - 기타,화물,남,26세,경상,승용,남,25세,경상
2014071600100344,2014년 7월 16일 15시,수요일,대전광역시 중구 용두동,중상사고,0,1,0,0,차대차 - 기타,안전운전불이행,건조,맑음,교차로 - 교차로안,화물,남,68세,상해없음,자전거,남,64세,중상
2014071600100345,2014년 7월 16일 15시,수요일,대전광역시 동구 삼성동,경상사고,0,0,3,0,차대차 - 기타,안전거리미확보,건조,맑음,미분류 - 미분류,승용,남,23세,상해없음,승용,남,24세,경상
2014071600100486,2014년 7월 16일 18시,수요일,대전광역시 유성구 구암동,경상사고,0,0,1,0,차대차 - 기타,중앙선침범,건조,맑음,단일로 - 기타,승용,여,53세,상해없음,화물,남,34세,경상
2014071600100487,2014년 7월 16일 18시,수요일,대전광역시 서구 둔산동,경상사고,0,0,2,0,차대차 - 추돌 - 주정차중,안전운전불이행,건조,맑음,단일로 - 기타,승용,여,59세,상해없음,승용,남,39세,경상
2014071600100650,2014년 7월 16일 22시,수요일,대전광역시 동구 가양동,경상사고,0,0,3,0,차대차 - 기타,안전거리미확보,건조,맑음,교차로 - 교차로부근,승용,남,47세,상해없음,승용,남,22세,경상
2014071600100651,2014년 7월 16일 22시,수요일,대전광역시 서구 용문동,경상사고,0,0,3,0,차대차 - 추돌 - 주정차중,안전운전불이행,건조,맑음,교차로 - 교차로부근,승용,남,35세,상해없음,승용,여,41세,경상
2014071600100652,2014년 7월 16일 22시,수요일,대전광역시 서구 가수원동,중상사고,0,1,2,0,차대차 - 측면직각충돌,중앙선침범,건조,맑음,단일로 - 기타,승용,여,46세,경상,승용,남,39세,경상
2014071700100058,2014년 7월 17일 04시,목요일,대전광역시 유성구 방현동,중상사고,0,1,0,0,차대차 - 기타,안전운전불이행,건조,맑음,단일로 - 기타,승용,여,27세,상해없음,승용,남,45세,중상
2014071700100109,2014년 7월 17일 07시,목요일,대전광역시 서구 복수동,중상사고,0,2,1,0,차대차 - 측면직각충돌,신호위반,건조,맑음,교차로 - 교차로안,승용,남,51세,상해없음,화물,남,45세,중상
2014071700100110,2014년 7월 17일 07시,목요일,대전광역시 서구 도마동,경상사고,0,0,1,0,차대차 - 측면직각충돌,중앙선침범,습기,비,교차로 - 교차로부근,승용,남,59세,상해없음,승용,남,28세,경상
2014071700100165,2014년 7월 17일 08시,목요일,대전광역시 동구 원동,중상사고,0,1,0,0,차대사람 - 횡단중,안전운전불이행,건조,흐림,단일로 - 기타,승용,남,54세,상해없음,보행자,여,59세,중상
2014071700100166,2014년 7월 17일 08시,목요일,대전광역시 서구 월평동,중상사고,0,1,0,0,차대차 - 기타,안전운전불이행,건조,흐림,교차로 - 교차로안,승용,여,52세,상해없음,자전거,여,29세,중상
2014071700100199,2014년 7월 17일 09시,목요일,대전광역시 중구 오류동,중상사고,0,1,0,0,차대사람 - 횡단중,안전운전불이행,건조,맑음,교차로 - 교차로안,승용,남,49세,상해없음,보행자,여,57세,중상
2014071700100200,2014년 7월 17일 09시,목요일,대전광역시 유성구 복용동,중상사고,0,1,0,0,차대차 - 기타,안전운전불이행,건조,흐림,단일로 - 기타,승용,여,41세,상해없음,자전거,여,52세,중상
2014071700100230,2014년 7월 17일 10시,목요일,대전광역시 동구 자양동,경상사고,0,0,1,0,차대차 - 측면직각충돌,안전운전불이행,건조,맑음,교차로 - 교차로안,승용,남,25세,상해없음,자전거,남,60세,경상
2014071700100253,2014년 7월 17일 11시,목요일,대전광역시 동구 삼성동,중상사고,0,1,0,0,차대사람 - 횡단중,보행자보호의무위반,건조,맑음,단일로 - 기타,승용,남,47세,상해없음,보행자,여,55세,중상
2014071700100254,2014년 7월 17일 11시,목요일,대전광역시 동구 성남동,경상사고,0,0,1,0,차대사람 - 기타,안전운전불이행,건조,맑음,단일로 - 기타,승용,기타불명,기타불명,기타불명,보행자,남,20세,경상
2014071700100418,2014년 7월 17일 16시,목요일,대전광역시 중구 사정동,중상사고,0,1,0,0,차대차 - 측면직각충돌,안전거리미확보,건조,맑음,교차로 - 교차로안,승합,남,63세,상해없음,원동기,남,17세,중상
2014071700100500,2014년 7월 17일 18시,목요일,대전광역시 유성구 지족동,경상사고,0,0,1,0,차대차 - 기타,안전운전불이행,건조,맑음,단일로 - 횡단보도상,승용,남,28세,상해없음,자전거,여,13세,경상
2014071700100612,2014년 7월 17일 21시,목요일,대전광역시 중구 은행동,경상사고,0,0,1,0,차대차 - 기타,안전운전불이행,습기,비,단일로 - 기타,승용,남,21세,상해없음,화물,남,55세,경상
2014071700100640,2014년 7월 17일 22시,목요일,대전광역시 동구 자양동,경상사고,0,0,3,0,차대차 - 기타,안전운전불이행,습기,비,단일로 - 기타,승용,여,43세,상해없음,승용,남,62세,경상
2014071700100641,2014년 7월 17일 22시,목요일,대전광역시 서구 월평동,경상사고,0,0,2,1,차대차 - 기타,안전거리미확보,습기,비,단일로 - 기타,승용,남,58세,경상,화물,남,33세,상해없음
2014071700100672,2014년 7월 17일 23시,목요일,대전광역시 중구 산성동,경상사고,0,0,3,0,차대차 - 기타,신호위반,건조,맑음,교차로 - 교차로안,승용,남,68세,상해없음,승용,남,41세,경상
2014071800100066,2014년 7월 18일 03시,금요일,대전광역시 유성구 관평동,경상사고,0,0,1,0,차대차 - 기타,불법유턴,건조,맑음,단일로 - 기타,승용,남,21세,상해없음,승용,남,26세,경상
2014071800100123,2014년 7월 18일 07시,금요일,대전광역시 중구 태평동,중상사고,0,1,0,0,차대사람 - 기타,안전운전불이행,습기,비,단일로 - 횡단보도상,승용,남,51세,상해없음,보행자,남,68세,중상
2014071800100124,2014년 7월 18일 07시,금요일,대전광역시 중구 문화동,경상사고,0,0,2,0,차대차 - 기타,안전거리미확보,습기,비,단일로 - 기타,승용,남,59세,상해없음,승용,여,36세,경상
2014071800100193,2014년 7월 18일 09시,금요일,대전광역시 중구 중촌동,경상사고,0,0,1,0,차대사람 - 차도통행중,안전운전불이행,습기,비,단일로 - 기타,화물,남,30세,상해없음,보행자,여,43세,경상
2014071800100194,2014년 7월 18일 09시,금요일,대전광역시 서구 갈마동,경상사고,0,0,1,0,차량단독 - 기타,안전운전불이행,습기,비,단일로 - 기타,승합,남,40세,상해없음,,,,
2014071800100219,2014년 7월 18일 10시,금요일,대전광역시 유성구 관평동,경상사고,0,0,1,0,차대사람 - 보도통행중,기타,습기,비,단일로 - 기타,원동기,기타불명,기타불명,기타불명,보행자,남,23세,경상
2014071800100220,2014년 7월 18일 10시,금요일,대전광역시 유성구 궁동,중상사고,0,1,0,0,차량단독 - 공작물충돌,안전운전불이행,습기,비,단일로 - 기타,승용,남,56세,상해없음,,,,
2014071800100306,2014년 7월 18일 13시,금요일,대전광역시 중구 대흥동,중상사고,0,1,0,0,차대사람 - 횡단중,신호위반,건조,맑음,단일로 - 기타,승용,남,36세,상해없음,보행자,남,57세,중상
2014071800100307,2014년 7월 18일 13시,금요일,대전광역시 서구 둔산동,경상사고,0,0,2,0,차대차 - 추돌 - 주정차중,안전운전불이행,건조,맑음,단일로 - 교량,승용,남,22세,상해없음,승용,남,34세,경상
2014071800100381,2014년 7월 18일 15시,금요일,대전광역시 중구 옥계동,중상사고,0,1,0,0,차대차 - 측면직각충돌,중앙선침범,건조,맑음,단일로 - 기타,승용,남,59세,상해없음,원동기,남,69세,중상
2014071800100480,2014년 7월 18일 17시,금요일,대전광역시 중구 사정동,경상사고,0,0,1,0,차대차 - 측면직각충돌,안전운전불이행,건조,맑음,교차로 - 교차로부근,승용,남,55세,상해없음,승용,남,64세,경상
2014071800100481,2014년 7월 18일 17시,금요일,대전광역시 서구 갈마동,중상사고,0,1,0,0,차대차 - 기타,안전거리미확보,건조,흐림,단일로 - 기타,승용,남,24세,상해없음,승용,여,29세,중상
2014071800100482,2014년 7월 18일 17시,금요일,대전광역시 서구 둔산동,중상사고,0,1,0,0,차대사람 - 횡단중,보행자보호의무위반,건조,맑음,교차로 - 교차로부근,화물,남,45세,상해없음,보행자,여,46세,중상
2014071800100532,2014년 7월 18일 18시,금요일,대전광역시 유성구 송강동,중상사고,0,1,1,0,차대차 - 기타,안전거리미확보,건조,흐림,교차로 - 교차로부근,승용,여,39세,상해없음,승용,남,49세,경상
2014071800100569,2014년 7월 18일 19시,금요일,대전광역시 중구 유천동,중상사고,0,1,0,0,차대차 - 측면직각충돌,교차로운행방법위반,건조,맑음,교차로 - 교차로안,승용,남,57세,상해없음,승용,여,29세,중상
2014071800100625,2014년 7월 18일 21시,금요일,대전광역시 서구 변동,경상사고,0,0,1,0,차대차 - 기타,교차로운행방법위반,습기,비,교차로 - 교차로안,승용,여,46세,상해없음,이륜,남,33세,경상
2014071800100652,2014년 7월 18일 22시,금요일,대전광역시 유성구 대정동,경상사고,0,0,2,0,차대차 - 추돌 - 진행중,안전운전불이행,습기,비,단일로 - 기타,승용,남,42세,상해없음,승용,여,33세,경상
2014071900100073,2014년 7월 19일 03시,토요일,대전광역시 중구 산성동,경상사고,0,0,1,0,차량단독 - 주차차량충돌,안전운전불이행,건조,흐림,단일로 - 기타,승용,남,53세,경상,,,,
2014071900100074,2014년 7월 19일 03시,토요일,대전광역시 서구 도마동,중상사고,0,1,0,0,차대차 - 정면충돌,중앙선침범,습기,비,단일로 - 기타,승용,남,43세,상해없음,화물,남,34세,중상
2014071900100096,2014년 7월 19일 04시,토요일,대전광역시 동구 세천동,경상사고,0,0,2,0,차대차 - 추돌 - 진행중,안전운전불이행,건조,맑음,단일로 - 기타,승용,남,33세,상해없음,승용,남,35세,경상
2014071900100112,2014년 7월 19일 05시,토요일,대전광역시 유성구 전민동,경상사고,0,0,1,0,차대차 - 측면직각충돌,교차로운행방법위반,건조,맑음,교차로 - 교차로부근,승용,여,52세,상해없음,승용,여,27세,경상
2014071900100127,2014년 7월 19일 06시,토요일,대전광역시 서구 갈마동,경상사고,0,0,1,0,차대차 - 측면직각충돌,안전거리미확보,습기,비,단일로 - 기타,승용,남,53세,상해없음,승용,남,66세,경상
2014071900100186,2014년 7월 19일 09시,토요일,대전광역시 서구 갈마동,중상사고,0,1,0,0,차대차 - 측면직각충돌,안전운전불이행,건조,맑음,교차로 - 교차로안,승용,남,57세,상해없음,이륜,남,58세,중상
2014071900100210,2014년 7월 19일 10시,토요일,대전광역시 대덕구 와동,경상사고,0,0,1,0,차대차 - 기타,안전거리미확보,건조,맑음,단일로 - 기타,승용,남,22세,상해없음,승용,남,53세,경상
2014071900100211,2014년 7월 19일 10시,토요일,대전광역시 대덕구 송촌동,경상사고,0,0,4,0,차대차 - 기타,안전운전불이행,건조,맑음,교차로 - 교차로안,승용,여,19세,상해없음,승용,여,38세,경상
2014071900100252,2014년 7월 19일 11시,토요일,대전광역시 중구 대흥동,중상사고,0,1,1,0,차대차 - 추돌 - 주정차중,안전운전불이행,건조,맑음,단일로 - 기타,승용,남,75세,상해없음,승용,남,52세,경상
2014071900100253,2014년 7월 19일 11시,토요일,대전광역시 대덕구 오정동,경상사고,0,0,1,0,차대차 - 측면직각충돌,안전거리미확보,건조,맑음,단일로 - 기타,승용,여,36세,상해없음,승용,여,20세,경상
2014071900100288,2014년 7월 19일 12시,토요일,대전광역시 동구 판암동,경상사고,0,0,1,0,차대사람 - 횡단중,보행자보호의무위반,건조,맑음,단일로 - 횡단보도상,화물,남,52세,상해없음,보행자,남,59세,경상
2014071900100289,2014년 7월 19일 12시,토요일,대전광역시 서구 변동,경상사고,0,0,2,0,차대차 - 추돌 - 주정차중,안전운전불이행,건조,맑음,교차로 - 교차로부근,승용,여,57세,상해없음,승용,여,46세,경상
2014071900100290,2014년 7월 19일 12시,토요일,대전광역시 서구 탄방동,중상사고,0,1,0,0,차대차 - 측면직각충돌,안전운전불이행,건조,맑음,교차로 - 교차로안,승용,남,60세,상해없음,자전거,여,27세,중상
2014071900100329,2014년 7월 19일 13시,토요일,대전광역시 동구 삼성동,경상사고,0,0,1,0,차량단독 - 기타,안전운전불이행,습기,흐림,교차로 - 교차로부근,승용,남,47세,상해없음,,,,
2014071900100359,2014년 7월 19일 14시,토요일,대전광역시 동구 가양동,경상사고,0,0,1,0,차대차 - 기타,안전거리미확보,건조,맑음,단일로 - 기타,이륜,남,57세,상해없음,승용,남,32세,경상
2014071900100467,2014년 7월 19일 17시,토요일,대전광역시 유성구 봉명동,중상사고,0,1,0,0,차대차 - 기타,안전운전불이행,건조,맑음,단일로 - 기타,승용,여,23세,상해없음,승용,남,68세,상해없음
2014071900100528,2014년 7월 19일 19시,토요일,대전광역시 동구 가양동,경상사고,0,0,2,0,차대차 - 기타,안전운전불이행,건조,맑음,단일로 - 기타,승용,여,41세,기타불명,화물,남,59세,경상
2014071900100602,2014년 7월 19일 21시,토요일,대전광역시 중구 태평동,경상사고,0,0,1,0,차대사람 - 기타,안전운전불이행,건조,맑음,교차로 - 교차로부근,승용,여,36세,상해없음,보행자,남,47세,경상
2014071900100624,2014년 7월 19일 22시,토요일,대전광역시 서구 탄방동,경상사고,0,0,3,0,차대차 - 측면직각충돌,안전거리미확보,건조,맑음,단일로 - 터널,승용,남,52세,상해없음,승용,남,59세,경상
2014071900100625,2014년 7월 19일 22시,토요일,대전광역시 유성구 구암동,부상신고사고,0,0,0,1,차대차 - 측면직각충돌,교차로운행방법위반,건조,맑음,교차로 - 교차로안,기타불명,기타불명,기타불명,기타불명,승용,남,35세,부상신고
2014072000100040,2014년 7월 20일 01시,일요일,대전광역시 동구 천동,경상사고,0,0,1,0,차대차 - 추돌 - 주정차중,안전운전불이행,건조,맑음,단일로 - 기타,승용,남,55세,상해없음,승용,남,38세,경상
2014072000100041,2014년 7월 20일 01시,일요일,대전광역시 동구 대동,경상사고,0,0,1,0,차대차 - 측면직각충돌,안전거리미확보,건조,맑음,단일로 - 기타,승용,여,21세,상해없음,승용,남,53세,경상
2014072000100047,2014년 7월 20일 02시,일요일,대전광역시 동구 대별동,중상사고,0,1,0,0,차대차 - 추돌 - 진행중,안전운전불이행,건조,맑음,단일로 - 기타,승용,남,47세,상해없음,승용,남,43세,상해없음
2014072000100113,2014년 7월 20일 08시,일요일,대전광역시 동구 중동,경상사고,0,0,3,0,차대차 - 측면직각충돌,신호위반,건조,맑음,교차로 - 교차로안,승용,남,55세,상해없음,승용,남,57세,경상
2014072000100156,2014년 7월 20일 10시,일요일,대전광역시 중구 선화동,경상사고,0,0,1,0,차량단독 - 기타,기타,건조,맑음,교차로 - 교차로부근,승합,남,49세,상해없음,,,,
2014072000100178,2014년 7월 20일 11시,일요일,대전광역시 유성구 지족동,중상사고,0,1,0,0,차량단독 - 기타,안전운전불이행,건조,맑음,단일로 - 기타,자전거,남,40세,중상,,,,
2014072000100231,2014년 7월 20일 13시,일요일,대전광역시 동구 정동,경상사고,0,0,4,0,차대차 - 측면직각충돌,안전운전불이행,건조,맑음,교차로 - 교차로안,승용,여,51세,기타불명,승용,여,46세,경상
2014072000100232,2014년 7월 20일 13시,일요일,대전광역시 유성구 송강동,경상사고,0,0,1,0,차대사람 - 차도통행중,안전운전불이행,건조,맑음,단일로 - 기타,승용,여,29세,상해없음,보행자,남,29세,경상
2014072000100233,2014년 7월 20일 13시,일요일,대전광역시 서구 가장동,경상사고,0,0,1,0,차대차 - 추돌 - 진행중,안전운전불이행,건조,맑음,단일로 - 기타,승용,남,28세,상해없음,승용,여,53세,경상
2014072000100272,2014년 7월 20일 14시,일요일,대전광역시 서구 둔산동,경상사고,0,0,1,0,차대사람 - 길가장자리구역통행중,안전운전불이행,건조,맑음,단일로 - 기타,승용,여,22세,상해없음,보행자,남,32세,경상
2014072000100334,2014년 7월 20일 16시,일요일,대전광역시 서구 갈마동,경상사고,0,0,2,0,차대차 - 추돌 - 주정차중,안전운전불이행,건조,맑음,기타 - 기타,승용,여,60세,상해없음,승용,남,40세,기타불명
2014072000100363,2014년 7월 20일 17시,일요일,대전광역시 유성구 봉명동,경상사고,0,0,4,0,차대차 - 측면직각충돌,교차로운행방법위반,건조,맑음,교차로 - 교차로안,승용,남,31세,상해없음,승용,남,41세,경상
2014072000100495,2014년 7월 20일 23시,일요일,대전광역시 유성구 덕명동,경상사고,0,0,2,0,차대차 - 측면직각충돌,안전운전불이행,건조,맑음,교차로 - 교차로안,승용,여,24세,상해없음,승용,남,21세,경상
2014072100100020,2014년 7월 21일 01시,월요일,대전광역시 서구 갈마동,경상사고,0,0,1,0,차대차 - 측면직각충돌,안전거리미확보,건조,맑음,단일로 - 기타,승용,남,25세,상해없음,이륜,남,57세,경상
2014072100100049,2014년 7월 21일 04시,월요일,대전광역시 중구 문화동,중상사고,0,1,0,0,차대사람 - 횡단중,안전운전불이행,건조,맑음,교차로 - 교차로안,승용,남,49세,상해없음,보행자,여,77세,중상
2014072100100294,2014년 7월 21일 14시,월요일,대전광역시 서구 내동,경상사고,0,0,1,0,차대사람 - 기타,안전운전불이행,건조,맑음,단일로 - 기타,승합,남,46세,상해없음,보행자,남,40세,경상
2014072100100295,2014년 7월 21일 14시,월요일,대전광역시 서구 탄방동,경상사고,0,0,1,0,차대차 - 추돌 - 진행중,안전거리미확보,기타,기타,단일로 - 횡단보도부근,승용,여,44세,상해없음,승용,남,30세,경상
2014072100100296,2014년 7월 21일 14시,월요일,대전광역시 유성구 봉명동,중상사고,0,1,0,0,차대사람 - 기타,신호위반,건조,기타,단일로 - 횡단보도상,승용,여,50세,상해없음,보행자,여,67세,중상
2014072100100369,2014년 7월 21일 16시,월요일,대전광역시 대덕구 덕암동,중상사고,0,1,1,0,차대차 - 추돌 - 주정차중,안전운전불이행,건조,맑음,교차로 - 교차로부근,승용,남,51세,상해없음,승용,여,47세,중상
2014072100100408,2014년 7월 21일 17시,월요일,대전광역시 동구 낭월동,경상사고,0,0,3,0,차량단독 - 공작물충돌,안전운전불이행,건조,맑음,단일로 - 기타,승용,여,58세,경상,,,,
2014072100100409,2014년 7월 21일 17시,월요일,대전광역시 대덕구 목상동,부상신고사고,0,0,0,1,차대사람 - 기타,안전운전불이행,건조,맑음,교차로 - 교차로안,승용,남,55세,상해없음,보행자,여,47세,부상신고
2014072100100487,2014년 7월 21일 19시,월요일,대전광역시 서구 둔산동,중상사고,0,1,0,0,차대차 - 측면직각충돌,교차로운행방법위반,건조,맑음,단일로 - 기타,승용,여,38세,상해없음,이륜,남,22세,중상
2014072100100523,2014년 7월 21일 20시,월요일,대전광역시 중구 산성동,경상사고,0,0,1,0,차대차 - 측면직각충돌,불법유턴,건조,맑음,교차로 - 교차로안,승용,남,55세,상해없음,승용,여,43세,경상
2014072100100524,2014년 7월 21일 20시,월요일,대전광역시 중구 태평동,중상사고,0,1,0,0,차대사람 - 횡단중,안전운전불이행,건조,맑음,교차로 - 교차로부근,승용,여,40세,상해없음,보행자,여,34세,중상
2014072100100525,2014년 7월 21일 20시,월요일,대전광역시 대덕구 중리동,경상사고,0,0,1,0,차대차 - 측면직각충돌,안전운전불이행,건조,맑음,교차로 - 교차로안,이륜,남,20세,상해없음,이륜,남,72세,경상
2014072200100051,2014년 7월 22일 05시,화요일,대전광역시 중구 오류동,경상사고,0,0,1,0,차대차 - 측면직각충돌,안전운전불이행,건조,맑음,교차로 - 교차로부근,특수,남,36세,상해없음,자전거,남,75세,경상
2014072200100188,2014년 7월 22일 10시,화요일,대전광역시 서구 둔산동,중상사고,0,1,0,0,차대차 - 기타,안전운전불이행,건조,맑음,단일로 - 기타,승용,남,44세,상해없음,자전거,여,59세,중상
2014072200100238,2014년 7월 22일 12시,화요일,대전광역시 동구 원동,경상사고,0,0,1,0,차대차 - 추돌 - 진행중,안전운전불이행,건조,맑음,교차로 - 교차로부근,승용,남,42세,상해없음,승용,남,67세,경상
2014072200100239,2014년 7월 22일 12시,화요일,대전광역시 대덕구 법동,경상사고,0,0,1,0,차대차 - 측면직각충돌,안전운전불이행,건조,맑음,교차로 - 교차로안,승용,여,55세,상해없음,자전거,남,14세,경상
2014072200100396,2014년 7월 22일 17시,화요일,대전광역시 서구 가수원동,경상사고,0,0,2,0,차대차 - 측면직각충돌,신호위반,건조,맑음,단일로 - 기타,승용,남,57세,상해없음,승합,남,53세,상해없음
2014072200100478,2014년 7월 22일 19시,화요일,대전광역시 중구 은행동,경상사고,0,0,1,0,차대사람 - 차도통행중,안전운전불이행,건조,맑음,단일로 - 기타,원동기,남,52세,상해없음,보행자,여,34세,경상
2014072200100521,2014년 7월 22일 20시,화요일,대전광역시 중구 사정동,경상사고,0,0,3,0,차대차 - 측면직각충돌,중앙선침범,건조,맑음,단일로 - 기타,승용,남,33세,상해없음,승용,남,36세,경상
2014072200100522,2014년 7월 22일 20시,화요일,대전광역시 동구 가양동,경상사고,0,0,4,0,차대차 - 추돌 - 진행중,중앙선침범,습기,흐림,단일로 - 기타,승용,남,46세,상해없음,화물,남,46세,기타불명
2014072200100612,2014년 7월 22일 23시,화요일,대전광역시 중구 오류동,경상사고,0,0,4,0,차대차 - 측면직각충돌,차로위반,건조,맑음,단일로 - 기타,승용,남,53세,상해없음,승용,남,49세,경상
2014072300100020,2014년 7월 23일 00시,수요일,대전광역시 유성구 도룡동,경상사고,0,0,1,0,차대차 - 측면직각충돌,신호위반,건조,맑음,교차로 - 교차로안,승용,남,25세,상해없음,승용,남,32세,경상
2014072300100031,2014년 7월 23일 01시,수요일,대전광역시 서구 용문동,중상사고,0,1,1,0,차대차 - 측면직각충돌,신호위반,건조,맑음,교차로 - 교차로부근,승용,남,56세,경상,승용,남,24세,중상
2014072300100032,2014년 7월 23일 01시,수요일,대전광역시 서구 가장동,경상사고,0,0,1,0,차대차 - 기타,안전운전불이행,건조,맑음,단일로 - 기타,승용,남,57세,상해없음,승용,남,62세,상해없음
2014072300100073,2014년 7월 23일 04시,수요일,대전광역시 서구 둔산동,경상사고,0,0,1,0,차대차 - 측면직각충돌,신호위반,건조,맑음,교차로 - 교차로부근,승용,기타불명,기타불명,기타불명,자전거,남,66세,경상
2014072300100104,2014년 7월 23일 06시,수요일,대전광역시 유성구 원촌동,경상사고,0,0,1,0,차대차 - 정면충돌,중앙선침범,건조,맑음,교차로 - 교차로안,화물,남,64세,상해없음,승합,남,56세,경상
2014072300100129,2014년 7월 23일 07시,수요일,대전광역시 중구 문화동,경상사고,0,0,1,0,차량단독 - 공작물충돌,안전운전불이행,건조,맑음,단일로 - 기타,승용,남,22세,상해없음,,,,
2014072300100181,2014년 7월 23일 09시,수요일,대전광역시 유성구 교촌동,경상사고,0,0,2,0,차대차 - 추돌 - 진행중,안전거리미확보,습기,비,교차로 - 교차로부근,화물,남,67세,상해없음,승용,남,75세,경상
2014072300100204,2014년 7월 23일 10시,수요일,대전광역시 유성구 구암동,경상사고,0,0,1,0,차대차 - 기타,안전거리미확보,습기,비,단일로 - 기타,승용,여,60세,상해없음,승용,남,44세,경상
2014072300100253,2014년 7월 23일 12시,수요일,대전광역시 대덕구 대화동,중상사고,0,1,0,0,차대차 - 추돌 - 주정차중,안전운전불이행,습기,비,단일로 - 기타,승용,남,57세,상해없음,화물,남,42세,중상