사고번호,사고일시,요일,시군구,사고내용,사망자수,중상자수,경상자수,부상신고자수,사고유형,법규위반,노면상태,기상상태,도로형태,가해운전자 차종,가해운전자 성별,가해운전자 연령,가해운전자 상해정도,피해운전자 차종,피해운전자 성별,피해운전자 연령,피해운전자 상해정도
2014073000100486,2014년 7월 30일 18시,수요일,대전광역시 중구 태평동,중상사고,0,1,0,0,차대차 - 추돌 - 진행중,안전운전불이행,건조,맑음,단일로 - 기타,승용,여,28세,상해없음,승용,남,60세,상해없음
2014073000100515,2014년 7월 30일 19시,수요일,대전광역시 서구 탄방동,중상사고,0,1,0,0,차대차 - 기타,교차로운행방법위반,건조,맑음,교차로 - 교차로안,화물,남,29세,상해없음,자전거,남,15세,중상
2014073000100631,2014년 7월 30일 22시,수요일,대전광역시 동구 중동,경상사고,0,0,1,0,차대차 - 추돌 - 주정차중,안전거리미확보,건조,맑음,교차로 - 교차로부근,승합,남,40세,상해없음,승용,여,47세,경상
2014073100100020,2014년 7월 31일 00시,목요일,대전광역시 서구 갈마동,경상사고,0,0,2,0,차대차 - 기타,안전운전불이행,건조,맑음,단일로 - 기타,승용,남,27세,경상,승용,남,34세,경상
2014073100100076,2014년 7월 31일 04시,목요일,대전광역시 동구 인동,중상사고,0,1,0,0,차대사람 - 횡단중,보행자보호의무위반,건조,맑음,단일로 - 횡단보도상,승용,여,63세,상해없음,보행자,남,59세,중상
2014073100100130,2014년 7월 31일 07시,목요일,대전광역시 동구 성남동,중상사고,0,3,4,0,차대차 - 측면직각충돌,안전운전불이행,건조,맑음,단일로 - 기타,승용,남,25세,상해없음,승합,남,64세,중상
2014073100100193,2014년 7월 31일 09시,목요일,대전광역시 중구 문화동,경상사고,0,0,1,0,차대차 - 측면직각충돌,교차로운행방법위반,건조,맑음,교차로 - 교차로부근,승용,여,30세,상해없음,승용,여,73세,경상
2014073100100226,2014년 7월 31일 10시,목요일,대전광역시 동구 가오동,중상사고,0,1,0,0,차대차 - 추돌 - 진행중,안전거리미확보,건조,맑음,단일로 - 기타,승용,남,30세,상해없음,원동기,남,66세,중상
2014073100100261,2014년 7월 31일 11시,목요일,대전광역시 중구 대흥동,경상사고,0,0,1,0,차대차 - 추돌 - 진행중,안전운전불이행,건조,맑음,교차로 - 교차로부근,승용,여,34세,상해없음,승용,여,55세,경상
2014073100100289,2014년 7월 31일 12시,목요일,대전광역시 서구 둔산동,중상사고,0,1,0,0,차대사람 - 횡단중,보행자보호의무위반,건조,맑음,교차로 - 교차로부근,승용,여,22세,상해없음,보행자,여,29세,중상
2014073100100393,2014년 7월 31일 15시,목요일,대전광역시 중구 중촌동,경상사고,0,0,4,0,차대차 - 추돌 - 주정차중,안전운전불이행,건조,맑음,교차로 - 교차로부근,화물,남,42세,상해없음,승용,남,58세,경상
2014073100100435,2014년 7월 31일 16시,목요일,대전광역시 중구 문화동,중상사고,0,1,0,0,차대차 - 측면직각충돌,안전거리미확보,건조,맑음,단일로 - 기타,승용,여,45세,상해없음,원동기,여,64세,중상
2014073100100532,2014년 7월 31일 18시,목요일,대전광역시 유성구 원내동,중상사고,0,1,0,0,차대사람 - 횡단중,보행자보호의무위반,건조,맑음,단일로 - 횡단보도상,승용,남,23세,상해없음,보행자,여,82세,중상
2014073100100567,2014년 7월 31일 19시,목요일,대전광역시 서구 복수동,중상사고,0,2,2,0,차대차 - 측면직각충돌,안전운전불이행,습기,비,교차로 - 교차로안,승용,여,27세,상해없음,승용,남,72세,경상
2014073100100602,2014년 7월 31일 20시,목요일,대전광역시 대덕구 오정동,중상사고,0,1,0,0,차대차 - 추돌 - 진행중,안전운전불이행,습기,비,단일로 - 기타,승용,남,52세,상해없음,승용,남,48세,상해없음
2014073100100603,2014년 7월 31일 20시,목요일,대전광역시 서구 월평동,중상사고,0,1,2,0,차대차 - 측면직각충돌,신호위반,습기,비,교차로 - 교차로안,승용,남,37세,상해없음,승용,남,53세,중상
2014073100100604,2014년 7월 31일 20시,목요일,대전광역시 유성구 궁동,중상사고,0,1,0,0,차대차 - 측면직각충돌,불법유턴,건조,맑음,교차로 - 교차로안,승용,남,52세,상해없음,원동기,남,58세,중상
2014073100100605,2014년 7월 31일 20시,목요일,대전광역시 서구 갈마동,경상사고,0,0,1,0,차대차 - 측면직각충돌,안전운전불이행,습기,비,단일로 - 기타,승용,남,75세,상해없음,승용,여,57세,경상
2014073100100640,2014년 7월 31일 21시,목요일,대전광역시 서구 둔산동,경상사고,0,0,2,0,차대차 - 기타,교차로운행방법위반,건조,맑음,교차로 - 교차로안,승용,여,41세,상해없음,승용,남,26세,경상
2014073100100669,2014년 7월 31일 22시,목요일,대전광역시 중구 선화동,중상사고,0,1,1,0,차대차 - 추돌 - 주정차중,안전운전불이행,건조,맑음,단일로 - 횡단보도부근,화물,남,30세,상해없음,승용,여,26세,중상
2014073100100670,2014년 7월 31일 22시,목요일,대전광역시 서구 관저동,중상사고,0,1,0,0,차대차 - 정면충돌,중앙선침범,건조,맑음,단일로 - 기타,이륜,남,23세,상해없음,자전거,남,29세,중상
2014073100100703,2014년 7월 31일 23시,목요일,대전광역시 유성구 상대동,경상사고,0,0,3,0,차대차 - 추돌 - 진행중,안전거리미확보,건조,맑음,단일로 - 기타,승용,남,43세,상해없음,승용,남,41세,경상
2014080100100043,2014년 8월 1일 01시,금요일,대전광역시 서구 관저동,경상사고,0,0,1,0,차대차 - 추돌 - 주정차중,안전운전불이행,건조,맑음,단일로 - 기타,승용,여,45세,상해없음,승용,남,23세,경상
2014080100100044,2014년 8월 1일 01시,금요일,대전광역시 대덕구 장동,중상사고,0,1,0,0,차량단독 - 전도전복,안전운전불이행,건조,맑음,단일로 - 교량,이륜,남,16세,중상,,,,
2014080100100057,2014년 8월 1일 02시,금요일,대전광역시 서구 갈마동,경상사고,0,0,2,0,차대차 - 측면직각충돌,불법유턴,건조,맑음,단일로 - 기타,승용,남,28세,상해없음,승용,남,24세,경상
2014080100100155,2014년 8월 1일 09시,금요일,대전광역시 중구 목동,경상사고,0,0,1,0,차대차 - 측면직각충돌,중앙선침범,건조,맑음,단일로 - 기타,화물,남,58세,상해없음,승용,여,42세,경상
2014080100100156,2014년 8월 1일 09시,금요일,대전광역시 서구 용문동,경상사고,0,0,1,0,차대차 - 기타,안전거리미확보,건조,맑음,단일로 - 기타,승용,남,63세,상해없음,승용,남,62세,상해없음
2014080100100157,2014년 8월 1일 09시,금요일,대전광역시 서구 월평동,중상사고,0,1,0,0,차대차 - 추돌 - 진행중,안전운전불이행,건조,맑음,단일로 - 기타,승용,남,53세,상해없음,화물,남,53세,중상
2014080100100158,2014년 8월 1일 09시,금요일,대전광역시 유성구 구암동,경상사고,0,0,1,0,차대사람 - 기타,안전운전불이행,건조,맑음,단일로 - 기타,승용,남,54세,상해없음,보행자,여,85세,경상
2014080100100223,2014년 8월 1일 11시,금요일,대전광역시 동구 용전동,경상사고,0,0,1,0,차대차 - 측면직각충돌,신호위반,건조,맑음,단일로 - 기타,승용,남,58세,상해없음,자전거,여,26세,경상
2014080100100255,2014년 8월 1일 12시,금요일,대전광역시 중구 선화동,중상사고,0,1,1,0,차대사람 - 횡단중,안전운전불이행,건조,맑음,교차로 - 교차로부근,승용,남,54세,상해없음,보행자,여,53세,중상
2014080100100256,2014년 8월 1일 12시,금요일,대전광역시 동구 용전동,경상사고,0,0,1,0,차대차 - 추돌 - 주정차중,안전운전불이행,건조,맑음,교차로 - 교차로부근,승합,남,57세,상해없음,승용,남,53세,경상
2014080100100257,2014년 8월 1일 12시,금요일,대전광역시 유성구 용산동,경상사고,0,0,1,0,차대차 - 추돌 - 진행중,신호위반,건조,맑음,교차로 - 교차로안,승용,여,65세,상해없음,승용,여,61세,경상
2014080100100405,2014년 8월 1일 16시,금요일,대전광역시 서구 가장동,중상사고,0,1,0,0,차대차 - 기타,기타,건조,맑음,단일로 - 기타,승합,남,45세,상해없음,이륜,남,39세,중상
2014080100100406,2014년 8월 1일 16시,금요일,대전광역시 대덕구 비래동,중상사고,0,1,0,0,차대차 - 기타,교차로운행방법위반,건조,맑음,교차로 - 교차로안,승용,남,49세,상해없음,자전거,남,20세,중상
2014080100100438,2014년 8월 1일 17시,금요일,대전광역시 서구 월평동,경상사고,0,0,1,0,차대차 - 기타,교차로운행방법위반,건조,맑음,교차로 - 교차로안,승용,남,56세,상해없음,이륜,남,43세,경상
2014080100100478,2014년 8월 1일 18시,금요일,대전광역시 중구 문창동,중상사고,0,1,0,0,차대사람 - 보도통행중,안전운전불이행,건조,맑음,단일로 - 횡단보도상,승용,남,53세,상해없음,보행자,남,5세,중상
2014080100100518,2014년 8월 1일 19시,금요일,대전광역시 유성구 하기동,경상사고,0,0,1,0,차대차 - 기타,중앙선침범,건조,맑음,교차로 - 교차로부근,자전거,남,51세,경상,승용,남,57세,상해없음
2014080100100551,2014년 8월 1일 20시,금요일,대전광역시 중구 중촌동,경상사고,0,0,4,0,차대차 - 추돌 - 진행중,안전운전불이행,건조,맑음,교차로 - 교차로부근,승용,남,50세,상해없음,승용,남,66세,경상
2014080100100552,2014년 8월 1일 20시,금요일,대전광역시 동구 용전동,경상사고,0,0,1,0,차대차 - 측면직각충돌,안전운전불이행,건조,맑음,교차로 - 교차로부근,화물,남,70세,상해없음,승용,남,32세,경상
2014080100100553,2014년 8월 1일 20시,금요일,대전광역시 대덕구 연축동,경상사고,0,0,2,0,차대차 - 기타,안전운전불이행,건조,맑음,교차로 - 교차로부근,승용,남,40세,상해없음,승용,남,41세,경상
2014080100100628,2014년 8월 1일 22시,금요일,대전광역시 중구 대흥동,경상사고,0,0,1,0,차대차 - 측면직각충돌,안전운전불이행,건조,맑음,교차로 - 교차로안,승용,남,58세,상해없음,자전거,남,23세,경상
2014080100100629,2014년 8월 1일 22시,금요일,대전광역시 서구 도마동,중상사고,0,1,0,0,차대차 - 측면직각충돌,중앙선침범,건조,맑음,단일로 - 기타,승용,남,45세,상해없음,이륜,남,24세,중상
2014080100100630,2014년 8월 1일 22시,금요일,대전광역시 서구 내동,경상사고,0,0,1,0,차대차 - 추돌 - 주정차중,안전운전불이행,건조,맑음,교차로 - 교차로부근,승합,남,49세,상해없음,승용,여,41세,경상
2014080200100047,2014년 8월 2일 01시,토요일,대전광역시 중구 태평동,경상사고,0,0,3,0,차대차 - 추돌 - 진행중,안전운전불이행,건조,맑음,교차로 - 교차로부근,승용,남,49세,상해없음,승용,남,53세,상해없음
2014080200100089,2014년 8월 2일 03시,토요일,대전광역시 유성구 봉명동,중상사고,0,1,0,0,차대사람 - 횡단중,안전운전불이행,건조,맑음,단일로 - 횡단보도부근,승용,남,56세,상해없음,보행자,남,55세,중상
2014080200100134,2014년 8월 2일 06시,토요일,대전광역시 중구 호동,부상신고사고,0,0,0,1,차대차 - 측면직각충돌,안전거리미확보,건조,맑음,교차로 - 교차로부근,승용,남,29세,상해없음,승합,남,55세,부상신고
2014080200100135,2014년 8월 2일 06시,토요일,대전광역시 서구 용문동,경상사고,0,0,2,0,차대차 - 측면직각충돌,안전운전불이행,건조,맑음,교차로 - 교차로안,승용,남,60세,경상,승용,남,46세,경상
2014080200100174,2014년 8월 2일 08시,토요일,대전광역시 서구 용문동,경상사고,0,0,3,0,차대차 - 정면충돌,중앙선침범,건조,맑음,교차로 - 교차로안,승용,남,34세,상해없음,승용,여,41세,경상
2014080200100228,2014년 8월 2일 10시,토요일,대전광역시 동구 판암동,사망사고,1,0,0,0,차량단독 - 도로외이탈 - 기타,안전운전불이행,건조,맑음,단일로 - 기타,승용,남,66세,사망,,,,
2014080200100375,2014년 8월 2일 14시,토요일,대전광역시 동구 대성동,중상사고,0,1,0,0,차대사람 - 횡단중,보행자보호의무위반,습기,비,단일로 - 횡단보도상,승용,여,41세,상해없음,보행자,여,64세,중상
2014080200100376,2014년 8월 2일 14시,토요일,대전광역시 동구 용전동,경상사고,0,0,1,0,차대차 - 측면직각충돌,신호위반,습기,비,단일로 - 횡단보도상,승용,여,31세,상해없음,원동기,남,49세,경상
2014080200100377,2014년 8월 2일 14시,토요일,대전광역시 유성구 송강동,중상사고,0,1,0,0,차대사람 - 횡단중,보행자보호의무위반,건조,맑음,단일로 - 횡단보도상,승합,남,57세,상해없음,보행자,남,43세,중상
2014080200100418,2014년 8월 2일 15시,토요일,대전광역시 중구 문화동,경상사고,0,0,1,0,차대차 - 측면직각충돌,안전운전불이행,건조,맑음,단일로 - 기타,승용,남,41세,상해없음,승용,여,27세,경상
2014080200100463,2014년 8월 2일 16시,토요일,대전광역시 동구 용전동,경상사고,0,0,1,0,차대사람 - 횡단중,보행자보호의무위반,건조,맑음,단일로 - 횡단보도상,승용,남,59세,상해없음,보행자,남,45세,경상
2014080200100464,2014년 8월 2일 16시,토요일,대전광역시 대덕구 비래동,경상사고,0,0,1,0,차대차 - 추돌 - 주정차중,안전운전불이행,건조,맑음,단일로 - 기타,승용,여,27세,상해없음,승용,남,41세,경상
2014080200100507,2014년 8월 2일 17시,토요일,대전광역시 중구 산성동,중상사고,0,1,0,0,차량단독 - 기타,기타,건조,맑음,단일로 - 기타,승합,남,56세,상해없음,,,,
2014080200100508,2014년 8월 2일 17시,토요일,대전광역시 대덕구 중리동,경상사고,0,0,1,0,차대차 - 추돌 - 주정차중,안전운전불이행,건조,맑음,교차로 - 교차로부근,승용,남,57세,상해없음,승용,여,21세,경상
2014080200100509,2014년 8월 2일 17시,토요일,대전광역시 유성구 송강동,경상사고,0,0,1,0,차대사람 - 기타,안전운전불이행,건조,맑음,단일로 - 기타,승용,남,40세,상해없음,보행자,여,16세,경상
2014080200100542,2014년 8월 2일 18시,토요일,대전광역시 서구 월평동,중상사고,0,1,0,0,차대차 - 기타,안전운전불이행,습기,비,교차로 - 교차로안,기타불명,기타불명,기타불명,기타불명,이륜,남,65세,중상
2014080200100621,2014년 8월 2일 20시,토요일,대전광역시 동구 가오동,중상사고,0,1,0,0,차대사람 - 횡단중,보행자보호의무위반,습기,비,단일로 - 횡단보도상,이륜,남,23세,상해없음,보행자,여,56세,중상
2014080200100622,2014년 8월 2일 20시,토요일,대전광역시 동구 대동,경상사고,0,0,1,0,차대사람 - 횡단중,보행자보호의무위반,습기,비,교차로 - 교차로부근,이륜,남,50세,상해없음,보행자,여,23세,경상
2014080200100623,2014년 8월 2일 20시,토요일,대전광역시 대덕구 중리동,경상사고,0,0,1,0,차대차 - 측면직각충돌,안전운전불이행,습기,비,교차로 - 교차로안,승용,여,27세,상해없음,승용,남,58세,경상
2014080200100722,2014년 8월 2일 22시,토요일,대전광역시 동구 천동,중상사고,0,1,0,0,차대사람 - 횡단중,안전운전불이행,습기,비,단일로 - 횡단보도부근,승용,남,62세,상해없음,보행자,남,45세,중상
2014080200100753,2014년 8월 2일 23시,토요일,대전광역시 동구 용전동,중상사고,0,1,0,0,차대사람 - 횡단중,보행자보호의무위반,습기,비,단일로 - 횡단보도상,승용,남,49세,상해없음,보행자,남,46세,중상
2014080200100754,2014년 8월 2일 23시,토요일,대전광역시 동구 가오동,중상사고,0,1,0,0,차대사람 - 횡단중,보행자보호의무위반,습기,비,교차로 - 교차로안,승용,남,42세,상해없음,보행자,남,22세,중상
2014080300100034,2014년 8월 3일 00시,일요일,대전광역시 서구 둔산동,경상사고,0,0,1,0,차대사람 - 기타,안전운전불이행,습기,흐림,단일로 - 기타,승용,남,25세,상해없음,보행자,여,25세,경상
2014080300100084,2014년 8월 3일 02시,일요일,대전광역시 서구 탄방동,경상사고,0,0,2,0,차대차 - 추돌 - 진행중,안전운전불이행,습기,비,교차로 - 교차로부근,승용,여,27세,상해없음,승용,여,41세,경상
2014080300100098,2014년 8월 3일 03시,일요일,대전광역시 동구 신흥동,경상사고,0,0,2,0,차대차 - 정면충돌,중앙선침범,습기,비,교차로 - 교차로부근,승용,남,26세,상해없음,승용,남,51세,경상
2014080300100131,2014년 8월 3일 05시,일요일,대전광역시 서구 월평동,중상사고,0,1,1,1,차대차 - 추돌 - 진행중,교차로운행방법위반,건조,맑음,교차로 - 교차로안,승용,남,41세,상해없음,승용,남,70세,중상
2014080300100226,2014년 8월 3일 11시,일요일,대전광역시 동구 판암동,경상사고,0,0,1,0,차대차 - 측면직각충돌,신호위반,건조,맑음,교차로 - 교차로안,승용,남,62세,상해없음,승용,여,27세,경상
2014080300100307,2014년 8월 3일 14시,일요일,대전광역시 유성구 죽동,경상사고,0,0,3,0,차대차 - 측면직각충돌,안전운전불이행,습기,비,단일로 - 기타,승용,남,69세,상해없음,승용,여,62세,경상
2014080300100341,2014년 8월 3일 15시,일요일,대전광역시 중구 용두동,경상사고,0,0,1,0,차대차 - 기타,안전운전불이행,건조,맑음,단일로 - 횡단보도상,승용,여,22세,상해없음,자전거,남,15세,경상
2014080300100441,2014년 8월 3일 19시,일요일,대전광역시 대덕구 중리동,중상사고,0,1,2,0,차대차 - 측면직각충돌,안전거리미확보,건조,맑음,단일로 - 기타,승용,남,53세,상해없음,승용,여,28세,경상
2014080300100442,2014년 8월 3일 19시,일요일,대전광역시 서구 갈마동,경상사고,0,0,1,1,차대차 - 추돌 - 주정차중,안전운전불이행,습기,비,단일로 - 기타,승용,남,66세,상해없음,승용,남,59세,부상신고
2014080400100049,2014년 8월 4일 03시,월요일,대전광역시 유성구 반석동,경상사고,0,0,1,0,차대차 - 측면직각충돌,신호위반,습기,비,교차로 - 교차로안,화물,남,39세,상해없음,승용,남,25세,경상
2014080400100066,2014년 8월 4일 04시,월요일,대전광역시 유성구 방동,중상사고,0,1,1,0,차대차 - 추돌 - 진행중,안전거리미확보,습기,비,단일로 - 기타,승용,남,50세,상해없음,화물,남,52세,중상
2014080400100192,2014년 8월 4일 10시,월요일,대전광역시 중구 산성동,경상사고,0,0,2,0,차대차 - 추돌 - 진행중,안전거리미확보,건조,흐림,교차로 - 교차로부근,승용,남,20세,상해없음,승용,남,65세,경상
2014080400100193,2014년 8월 4일 10시,월요일,대전광역시 서구 내동,경상사고,0,0,1,0,차대사람 - 보도통행중,신호위반,건조,맑음,단일로 - 횡단보도상,승용,여,34세,상해없음,보행자,여,77세,경상
2014080400100235,2014년 8월 4일 11시,월요일,대전광역시 동구 효동,중상사고,0,1,0,0,차대차 - 측면직각충돌,안전거리미확보,습기,비,단일로 - 기타,승용,남,69세,상해없음,원동기,남,52세,중상
2014080400100236,2014년 8월 4일 11시,월요일,대전광역시 유성구 봉명동,중상사고,0,1,0,0,차량단독 - 기타,안전운전불이행,건조,맑음,교차로 - 교차로안,승합,남,46세,상해없음,,,,
2014080400100283,2014년 8월 4일 12시,월요일,대전광역시 대덕구 송촌동,경상사고,0,0,1,3,차대차 - 기타,안전운전불이행,건조,맑음,단일로 - 기타,승용,남,57세,상해없음,승합,남,32세,경상
2014080400100322,2014년 8월 4일 13시,월요일,대전광역시 서구 갈마동,경상사고,0,0,1,0,차대사람 - 기타,안전운전불이행,습기,흐림,교차로 - 교차로안,화물,남,58세,상해없음,보행자,남,31세,경상
2014080400100360,2014년 8월 4일 14시,월요일,대전광역시 중구 은행동,중상사고,0,1,0,0,차대차 - 측면직각충돌,교차로운행방법위반,습기,비,교차로 - 교차로안,화물,남,61세,상해없음,원동기,남,48세,중상
2014080400100397,2014년 8월 4일 15시,월요일,대전광역시 서구 둔산동,경상사고,0,0,3,0,차대차 - 측면직각충돌,신호위반,습기,흐림,교차로 - 교차로안,승용,남,28세,상해없음,승용,남,62세,경상
2014080400100444,2014년 8월 4일 16시,월요일,대전광역시 서구 월평동,경상사고,0,0,1,0,차대사람 - 기타,안전운전불이행,건조,맑음,기타 - 기타,화물,남,50세,상해없음,보행자,여,45세,경상
2014080400100479,2014년 8월 4일 17시,월요일,대전광역시 유성구 봉명동,경상사고,0,0,1,0,차대차 - 추돌 - 진행중,신호위반,습기,흐림,교차로 - 교차로부근,승합,남,27세,상해없음,승용,여,57세,경상
2014080400100522,2014년 8월 4일 18시,월요일,대전광역시 중구 사정동,중상사고,0,1,0,0,차량단독 - 공작물충돌,안전운전불이행,습기,비,단일로 - 기타,승합,남,35세,상해없음,,,,
2014080400100596,2014년 8월 4일 20시,월요일,대전광역시 대덕구 덕암동,경상사고,0,0,1,0,차대차 - 추돌 - 주정차중,안전운전불이행,건조,맑음,단일로 - 기타,승용,남,52세,상해없음,승용,남,33세,경상
2014080400100597,2014년 8월 4일 20시,월요일,대전광역시 서구 둔산동,중상사고,0,1,0,0,차대차 - 측면직각충돌,신호위반,습기,흐림,교차로 - 교차로안,승용,남,49세,상해없음,승용,남,33세,중상
2014080400100623,2014년 8월 4일 21시,월요일,대전광역시 대덕구 대화동,경상사고,0,0,1,0,차대차 - 정면충돌,중앙선침범,건조,맑음,단일로 - 기타,승용,남,35세,상해없음,승용,남,37세,경상
2014080400100624,2014년 8월 4일 21시,월요일,대전광역시 대덕구 중리동,경상사고,0,0,1,0,차대사람 - 횡단중,안전운전불이행,건조,맑음,교차로 - 교차로안,승용,남,27세,상해없음,보행자,여,36세,경상
2014080400100667,2014년 8월 4일 22시,월요일,대전광역시 서구 둔산동,중상사고,0,1,0,0,차대차 - 측면직각충돌,신호위반,습기,흐림,교차로 - 교차로안,승용,남,27세,상해없음,이륜,남,23세,중상
2014080400100699,2014년 8월 4일 23시,월요일,대전광역시 동구 소제동,경상사고,0,0,1,0,차대차 - 측면직각충돌,안전거리미확보,습기,흐림,교차로 - 교차로부근,승용,남,36세,상해없음,승용,여,24세,경상
2014080500100091,2014년 8월 5일 06시,화요일,대전광역시 중구 선화동,중상사고,0,1,0,0,차대차 - 기타,안전운전불이행,건조,맑음,교차로 - 교차로안,원동기,남,42세,중상,화물,남,70세,상해없음
2014080500100107,2014년 8월 5일 07시,화요일,대전광역시 중구 오류동,경상사고,0,0,1,0,차대차 - 기타,안전운전불이행,건조,맑음,단일로 - 기타,승용,여,31세,경상,화물,남,53세,상해없음
2014080500100159,2014년 8월 5일 09시,화요일,대전광역시 중구 태평동,경상사고,0,0,1,0,차대차 - 측면직각충돌,안전운전불이행,건조,맑음,교차로 - 교차로부근,화물,남,22세,상해없음,화물,남,24세,상해없음
2014080500100246,2014년 8월 5일 12시,화요일,대전광역시 중구 용두동,경상사고,0,0,1,0,차대사람 - 기타,안전운전불이행,건조,맑음,기타 - 기타,승합,여,24세,상해없음,보행자,여,15세,경상
2014080500100247,2014년 8월 5일 12시,화요일,대전광역시 유성구 대정동,중상사고,0,1,0,0,차대차 - 기타,안전거리미확보,건조,맑음,교차로 - 교차로안,승용,남,44세,상해없음,승용,여,51세,중상
2014080500100248,2014년 8월 5일 12시,화요일,대전광역시 유성구 궁동,중상사고,0,1,0,0,차대차 - 기타,신호위반,건조,맑음,교차로 - 교차로안,원동기,남,46세,상해없음,원동기,남,25세,중상
2014080500100278,2014년 8월 5일 13시,화요일,대전광역시 유성구 지족동,사망사고,1,0,0,0,차대사람 - 횡단중,안전운전불이행,건조,맑음,단일로 - 횡단보도상,화물,남,39세,상해없음,보행자,여,34세,사망
2014080500100279,2014년 8월 5일 13시,화요일,대전광역시 유성구 학하동,경상사고,0,0,1,0,차대차 - 기타,안전운전불이행,건조,맑음,교차로 - 교차로안,승용,남,48세,상해없음,승용,남,39세,경상
2014080500100351,2014년 8월 5일 15시,화요일,대전광역시 유성구 원내동,경상사고,0,0,1,0,차대사람 - 기타,안전운전불이행,건조,맑음,단일로 - 기타,화물,남,57세,상해없음,보행자,남,48세,경상
2014080500100352,2014년 8월 5일 15시,화요일,대전광역시 서구 월평동,경상사고,0,0,1,0,차대차 - 기타,안전거리미확보,건조,맑음,교차로 - 교차로부근,승용,남,30세,상해없음,승용,여,52세,경상
2014080500100382,2014년 8월 5일 16시,화요일,대전광역시 대덕구 오정동,중상사고,0,1,0,0,차대차 - 기타,안전운전불이행,건조,맑음,교차로 - 교차로부근,승용,남,59세,상해없음,이륜,남,52세,중상
2014080500100467,2014년 8월 5일 18시,화요일,대전광역시 동구 원동,중상사고,0,1,0,0,차량단독 - 기타,안전운전불이행,건조,맑음,교차로 - 교차로부근,승합,남,48세,상해없음,,,,
2014080500100468,2014년 8월 5일 18시,화요일,대전광역시 서구 가수원동,중상사고,0,1,0,0,차대차 - 추돌 - 진행중,안전운전불이행,건조,맑음,단일로 - 기타,이륜,남,52세,상해없음,승용,남,32세,상해없음
2014080500100508,2014년 8월 5일 19시,화요일,대전광역시 유성구 전민동,경상사고,0,0,1,0,차대차 - 기타,안전운전불이행,건조,맑음,교차로 - 교차로안,승용,남,44세,상해없음,자전거,남,13세,경상
2014080500100549,2014년 8월 5일 20시,화요일,대전광역시 서구 둔산동,중상사고,0,1,0,0,차대사람 - 기타,안전운전불이행,건조,맑음,단일로 - 기타,승용,여,49세,상해없음,보행자,남,48세,중상
2014080500100628,2014년 8월 5일 23시,화요일,대전광역시 동구 자양동,중상사고,0,1,0,0,차대사람 - 횡단중,보행자보호의무위반,건조,맑음,단일로 - 기타,승용,남,68세,상해없음,보행자,여,20세,중상
2014080600100030,2014년 8월 6일 01시,수요일,대전광역시 서구 월평동,사망사고,1,0,0,0,차대사람 - 기타,안전운전불이행,건조,맑음,단일로 - 기타,화물,남,63세,상해없음,보행자,남,52세,사망
2014080600100031,2014년 8월 6일 01시,수요일,대전광역시 서구 둔산동,중상사고,0,1,1,0,차대차 - 정면충돌,중앙선침범,건조,흐림,교차로 - 교차로부근,승용,남,35세,상해없음,승용,남,54세,경상
2014080600100048,2014년 8월 6일 03시,수요일,대전광역시 서구 월평동,경상사고,0,0,1,1,차대차 - 추돌 - 주정차중,안전운전불이행,건조,흐림,교차로 - 교차로부근,승용,남,33세,상해없음,승용,남,34세,부상신고
2014080600100054,2014년 8월 6일 04시,수요일,대전광역시 유성구 구성동,중상사고,0,1,1,0,차량단독 - 기타,안전운전불이행,건조,흐림,단일로 - 기타,이륜,남,24세,상해없음,,,,
2014080600100069,2014년 8월 6일 05시,수요일,대전광역시 동구 정동,경상사고,0,0,1,0,차대사람 - 길가장자리구역통행중,안전운전불이행,건조,맑음,단일로 - 기타,승용,남,44세,상해없음,보행자,남,24세,경상
2014080600100098,2014년 8월 6일 07시,수요일,대전광역시 동구 인동,경상사고,0,0,2,0,차대차 - 측면직각충돌,교차로운행방법위반,습기,비,교차로 - 교차로안,승용,남,56세,상해없음,승용,남,23세,경상
2014080600100124,2014년 8월 6일 08시,수요일,대전광역시 서구 관저동,사망사고,1,0,0,0,차대사람 - 기타,안전운전불이행,건조,맑음,교차로 - 교차로안,건설기계,남,57세,상해없음,보행자,남,81세,사망
2014080600100157,2014년 8월 6일 09시,수요일,대전광역시 동구 중동,중상사고,0,1,0,0,차대차 - 추돌 - 진행중,안전거리미확보,건조,맑음,단일로 - 기타,화물,기타불명,기타불명,기타불명,승합,남,47세,상해없음
2014080600100197,2014년 8월 6일 11시,수요일,대전광역시 유성구 죽동,중상사고,0,1,2,0,차대차 - 기타,안전운전불이행,건조,흐림,단일로 - 기타,화물,남,40세,상해없음,승합,남,49세,경상
2014080600100208,2014년 8월 6일 11시,수요일,대전광역시 중구 대흥동,중상사고,0,1,0,0,차대사람 - 횡단중,안전운전불이행,건조,맑음,단일로 - 기타,승용,남,49세,상해없음,보행자,여,75세,중상
2014080600100209,2014년 8월 6일 11시,수요일,대전광역시 중구 산성동,경상사고,0,0,1,0,차대차 - 측면직각충돌,안전운전불이행,건조,맑음,단일로 - 기타,승용,여,56세,상해없음,승용,남,40세,경상
2014080600100210,2014년 8월 6일 11시,수요일,대전광역시 중구 태평동,경상사고,0,0,1,0,차대차 - 측면직각충돌,안전운전불이행,건조,맑음,기타 - 기타,승용,남,44세,상해없음,자전거,여,48세,경상
2014080600100269,2014년 8월 6일 13시,수요일,대전광역시 서구 내동,사망사고,1,0,0,0,차대사람 - 횡단중,안전운전불이행,건조,맑음,단일로 - 기타,승용,여,50세,상해없음,보행자,여,78세,사망
2014080600100301,2014년 8월 6일 14시,수요일,대전광역시 서구 월평동,경상사고,0,0,1,0,차대차 - 추돌 - 진행중,안전운전불이행,건조,맑음,단일로 - 기타,승용,남,54세,상해없음,승용,여,42세,경상