사고번호,사고일시,요일,시군구,사고내용,사망자수,중상자수,경상자수,부상신고자수,사고유형,법규위반,노면상태,기상상태,도로형태,가해운전자 차종,가해운전자 성별,가해운전자 연령,가해운전자 상해정도,피해운전자 차종,피해운전자 성별,피해운전자 연령,피해운전자 상해정도
2014080600100531,2014년 8월 6일 20시,수요일,대전광역시 중구 용두동,경상사고,0,0,1,0,차대차 - 측면직각충돌,안전운전불이행,습기,흐림,단일로 - 기타,승용,남,26세,상해없음,원동기,남,45세,경상
2014080600100565,2014년 8월 6일 21시,수요일,대전광역시 중구 태평동,중상사고,0,1,0,0,차대차 - 측면직각충돌,안전운전불이행,건조,맑음,교차로 - 교차로안,승용,남,42세,상해없음,승합,남,57세,중상
2014080600100566,2014년 8월 6일 21시,수요일,대전광역시 서구 갈마동,경상사고,0,0,2,0,차대차 - 기타,중앙선침범,건조,흐림,단일로 - 기타,승용,남,34세,상해없음,승용,남,33세,경상
2014080600100598,2014년 8월 6일 22시,수요일,대전광역시 중구 선화동,경상사고,0,0,1,0,차대차 - 추돌 - 진행중,안전운전불이행,건조,흐림,교차로 - 교차로부근,승용,남,54세,상해없음,승용,남,32세,경상
2014080700100037,2014년 8월 7일 02시,목요일,대전광역시 유성구 노은동,경상사고,0,0,4,0,차대차 - 추돌 - 주정차중,안전운전불이행,습기,비,교차로 - 교차로부근,승용,남,37세,기타불명,승용,여,33세,경상
2014080700100052,2014년 8월 7일 03시,목요일,대전광역시 동구 용전동,중상사고,0,1,0,0,차대차 - 추돌 - 주정차중,안전운전불이행,습기,비,단일로 - 횡단보도부근,승용,남,37세,상해없음,승용,남,59세,중상
2014080700100053,2014년 8월 7일 03시,목요일,대전광역시 서구 둔산동,경상사고,0,0,1,0,차대차 - 기타,신호위반,습기,비,교차로 - 교차로안,승용,남,31세,상해없음,승용,남,62세,경상
2014080700100096,2014년 8월 7일 06시,목요일,대전광역시 중구 오류동,중상사고,0,2,3,0,차대차 - 추돌 - 주정차중,안전운전불이행,습기,비,단일로 - 기타,승용,남,19세,상해없음,승용,남,58세,중상
2014080700100114,2014년 8월 7일 07시,목요일,대전광역시 서구 월평동,경상사고,0,0,1,0,차대차 - 기타,안전거리미확보,습기,비,미분류 - 미분류,승용,여,49세,상해없음,승용,여,56세,경상
2014080700100146,2014년 8월 7일 08시,목요일,대전광역시 서구 둔산동,경상사고,0,0,2,0,차대사람 - 기타,보행자보호의무위반,습기,비,교차로 - 교차로안,승용,남,63세,상해없음,보행자,여,41세,경상
2014080700100169,2014년 8월 7일 09시,목요일,대전광역시 유성구 구성동,중상사고,0,2,1,0,차대차 - 추돌 - 주정차중,안전거리미확보,습기,비,교차로 - 교차로부근,승용,남,48세,상해없음,승용,남,56세,중상
2014080700100170,2014년 8월 7일 09시,목요일,대전광역시 유성구 반석동,중상사고,0,1,0,0,차대사람 - 기타,신호위반,습기,비,단일로 - 횡단보도상,승용,여,52세,상해없음,보행자,여,11세,중상
2014080700100171,2014년 8월 7일 09시,목요일,대전광역시 서구 갈마동,경상사고,0,0,1,0,차대차 - 추돌 - 주정차중,안전거리미확보,습기,비,교차로 - 교차로부근,승용,여,43세,상해없음,승용,남,65세,상해없음
2014080700100187,2014년 8월 7일 10시,목요일,대전광역시 유성구 구암동,경상사고,0,0,1,0,차대차 - 기타,안전운전불이행,건조,맑음,단일로 - 기타,승용,남,24세,상해없음,승용,여,32세,경상
2014080700100244,2014년 8월 7일 12시,목요일,대전광역시 동구 천동,경상사고,0,0,1,0,차대차 - 측면직각충돌,중앙선침범,습기,비,단일로 - 기타,승용,남,55세,상해없음,이륜,남,34세,경상
2014080700100245,2014년 8월 7일 12시,목요일,대전광역시 유성구 원신흥동,중상사고,0,1,3,0,차대차 - 기타,안전거리미확보,습기,비,교차로 - 교차로부근,승용,남,31세,상해없음,승합,남,36세,상해없음
2014080700100279,2014년 8월 7일 13시,목요일,대전광역시 중구 대사동,경상사고,0,0,2,0,차대차 - 기타,교차로운행방법위반,습기,비,교차로 - 교차로안,화물,남,49세,경상,승용,남,44세,상해없음
2014080700100280,2014년 8월 7일 13시,목요일,대전광역시 유성구 궁동,경상사고,0,0,1,0,차대차 - 측면직각충돌,교차로운행방법위반,습기,비,교차로 - 교차로안,승용,남,45세,상해없음,승용,남,20세,경상
2014080700100312,2014년 8월 7일 14시,목요일,대전광역시 중구 대사동,경상사고,0,0,2,0,차대차 - 추돌 - 주정차중,안전운전불이행,습기,비,단일로 - 기타,승용,남,62세,상해없음,승용,남,34세,경상
2014080700100349,2014년 8월 7일 15시,목요일,대전광역시 중구 대사동,경상사고,0,0,1,0,차대차 - 기타,안전운전불이행,건조,맑음,단일로 - 기타,승용,남,69세,상해없음,승용,남,46세,경상
2014080700100350,2014년 8월 7일 15시,목요일,대전광역시 서구 탄방동,경상사고,0,0,2,0,차대차 - 기타,신호위반,습기,비,교차로 - 교차로안,승용,남,45세,상해없음,승용,여,42세,상해없음
2014080700100385,2014년 8월 7일 16시,목요일,대전광역시 대덕구 비래동,경상사고,0,0,1,0,차량단독 - 기타,기타,건조,맑음,단일로 - 기타,승합,남,50세,상해없음,,,,
2014080700100535,2014년 8월 7일 20시,목요일,대전광역시 중구 용두동,경상사고,0,0,3,0,차대차 - 측면직각충돌,안전거리미확보,습기,비,단일로 - 기타,승용,남,22세,상해없음,승용,여,48세,경상
2014080700100536,2014년 8월 7일 20시,목요일,대전광역시 중구 대흥동,경상사고,0,0,1,0,차대사람 - 횡단중,안전운전불이행,습기,비,교차로 - 교차로안,승용,여,26세,상해없음,보행자,남,48세,경상
2014080700100613,2014년 8월 7일 22시,목요일,대전광역시 서구 월평동,경상사고,0,0,3,1,차대차 - 추돌 - 진행중,안전운전불이행,건조,맑음,단일로 - 기타,승용,남,46세,상해없음,승용,남,28세,경상
2014080800100105,2014년 8월 8일 07시,금요일,대전광역시 서구 가장동,부상신고사고,0,0,0,1,차대차 - 추돌 - 진행중,안전운전불이행,건조,맑음,교차로 - 교차로안,화물,남,42세,상해없음,승용,여,32세,부상신고
2014080800100139,2014년 8월 8일 08시,금요일,대전광역시 대덕구 오정동,경상사고,0,0,1,0,차대사람 - 기타,안전운전불이행,건조,맑음,단일로 - 기타,화물,남,50세,상해없음,보행자,남,60세,경상
2014080800100140,2014년 8월 8일 08시,금요일,대전광역시 서구 둔산동,경상사고,0,0,1,0,차대차 - 측면직각충돌,안전운전불이행,건조,맑음,교차로 - 교차로안,승용,남,33세,상해없음,승용,남,25세,상해없음
2014080800100259,2014년 8월 8일 12시,금요일,대전광역시 중구 태평동,경상사고,0,0,1,0,차대차 - 측면직각충돌,안전운전불이행,건조,맑음,단일로 - 기타,승용,여,34세,상해없음,자전거,남,59세,경상
2014080800100292,2014년 8월 8일 13시,금요일,대전광역시 서구 둔산동,중상사고,0,1,0,0,차대차 - 기타,안전운전불이행,건조,맑음,교차로 - 교차로안,승용,남,24세,상해없음,자전거,여,26세,중상
2014080800100388,2014년 8월 8일 16시,금요일,대전광역시 서구 정림동,중상사고,0,1,0,0,차대사람 - 횡단중,안전운전불이행,건조,맑음,단일로 - 기타,승용,여,51세,상해없음,보행자,여,75세,중상
2014080800100430,2014년 8월 8일 17시,금요일,대전광역시 서구 정림동,경상사고,0,0,1,0,차대차 - 측면직각충돌,중앙선침범,건조,맑음,교차로 - 교차로부근,승용,남,46세,상해없음,승용,여,47세,경상
2014080800100431,2014년 8월 8일 17시,금요일,대전광역시 유성구 관평동,중상사고,0,1,1,0,차대차 - 기타,안전운전불이행,건조,맑음,교차로 - 교차로부근,승용,남,23세,중상,승용,남,48세,상해없음
2014080800100432,2014년 8월 8일 17시,금요일,대전광역시 유성구 전민동,중상사고,0,1,0,0,차대차 - 기타,안전거리미확보,건조,맑음,단일로 - 기타,이륜,남,73세,중상,승용,남,34세,상해없음
2014080800100474,2014년 8월 8일 18시,금요일,대전광역시 서구 둔산동,경상사고,0,0,1,0,차대차 - 기타,안전운전불이행,건조,맑음,교차로 - 교차로안,승합,남,36세,상해없음,이륜,남,37세,경상
2014080800100506,2014년 8월 8일 19시,금요일,대전광역시 동구 대동,중상사고,0,1,0,0,차대사람 - 기타,안전운전불이행,건조,맑음,단일로 - 기타,승용,남,49세,상해없음,보행자,남,45세,중상
2014080800100550,2014년 8월 8일 20시,금요일,대전광역시 중구 오류동,경상사고,0,0,1,0,차대사람 - 기타,안전운전불이행,건조,맑음,교차로 - 교차로부근,승용,남,24세,상해없음,보행자,여,85세,경상
2014080800100551,2014년 8월 8일 20시,금요일,대전광역시 중구 유천동,중상사고,0,1,0,0,차대차 - 측면직각충돌,신호위반,건조,맑음,교차로 - 교차로안,승용,남,54세,상해없음,이륜,남,20세,중상
2014080800100552,2014년 8월 8일 20시,금요일,대전광역시 유성구 궁동,경상사고,0,0,1,0,차대사람 - 기타,안전운전불이행,건조,맑음,단일로 - 기타,승용,여,23세,상해없음,보행자,남,38세,경상
2014080800100595,2014년 8월 8일 21시,금요일,대전광역시 대덕구 오정동,경상사고,0,0,1,0,차대차 - 추돌 - 주정차중,안전운전불이행,습기,비,단일로 - 기타,화물,남,64세,상해없음,승용,여,41세,경상
2014080800100625,2014년 8월 8일 22시,금요일,대전광역시 중구 대흥동,경상사고,0,0,1,0,차대차 - 측면직각충돌,불법유턴,건조,흐림,교차로 - 교차로안,승용,남,60세,상해없음,이륜,여,32세,경상
2014080800100626,2014년 8월 8일 22시,금요일,대전광역시 서구 도마동,중상사고,0,1,0,0,차대차 - 정면충돌,중앙선침범,건조,맑음,단일로 - 기타,승용,남,30세,상해없음,승용,남,31세,중상
2014080800100627,2014년 8월 8일 22시,금요일,대전광역시 서구 둔산동,경상사고,0,0,1,0,차대차 - 추돌 - 진행중,안전운전불이행,건조,맑음,교차로 - 교차로부근,승합,남,54세,상해없음,승용,여,51세,경상
2014080800100652,2014년 8월 8일 23시,금요일,대전광역시 유성구 지족동,중상사고,0,1,0,0,차대사람 - 기타,신호위반,건조,맑음,교차로 - 교차로부근,이륜,남,21세,상해없음,보행자,여,17세,중상
2014080900100019,2014년 8월 9일 00시,토요일,대전광역시 동구 가양동,중상사고,0,1,0,0,차대차 - 추돌 - 진행중,안전운전불이행,건조,맑음,단일로 - 기타,승합,여,39세,상해없음,원동기,남,35세,중상
2014080900100036,2014년 8월 9일 01시,토요일,대전광역시 중구 오류동,중상사고,0,1,1,0,차대차 - 추돌 - 주정차중,안전운전불이행,건조,맑음,교차로 - 교차로부근,승용,남,27세,상해없음,승용,여,37세,중상
2014080900100037,2014년 8월 9일 01시,토요일,대전광역시 중구 대흥동,경상사고,0,0,1,0,차대사람 - 기타,안전운전불이행,건조,맑음,단일로 - 기타,승용,남,44세,상해없음,보행자,여,23세,경상
2014080900100116,2014년 8월 9일 06시,토요일,대전광역시 서구 갈마동,경상사고,0,0,2,0,차대차 - 기타,안전운전불이행,건조,맑음,교차로 - 교차로부근,승용,여,31세,상해없음,화물,남,58세,경상
2014080900100117,2014년 8월 9일 06시,토요일,대전광역시 유성구 봉명동,중상사고,0,1,0,0,차대차 - 측면직각충돌,안전운전불이행,건조,맑음,교차로 - 교차로부근,승용,여,55세,상해없음,건설기계,남,53세,중상
2014080900100149,2014년 8월 9일 08시,토요일,대전광역시 유성구 궁동,중상사고,0,1,2,0,차대차 - 추돌 - 진행중,안전거리미확보,건조,맑음,교차로 - 교차로부근,승용,남,34세,상해없음,승합,남,55세,상해없음
2014080900100150,2014년 8월 9일 08시,토요일,대전광역시 서구 둔산동,중상사고,0,1,0,0,차대차 - 측면직각충돌,신호위반,건조,맑음,교차로 - 교차로안,이륜,여,58세,상해없음,승용,남,53세,상해없음
2014080900100174,2014년 8월 9일 09시,토요일,대전광역시 중구 산성동,경상사고,0,0,1,0,차대사람 - 횡단중,안전운전불이행,건조,맑음,교차로 - 교차로부근,승용,남,27세,상해없음,보행자,여,56세,경상
2014080900100197,2014년 8월 9일 10시,토요일,대전광역시 동구 삼괴동,경상사고,0,0,4,0,차대차 - 측면직각충돌,안전운전불이행,건조,맑음,단일로 - 기타,화물,남,53세,상해없음,승용,남,40세,경상
2014080900100233,2014년 8월 9일 11시,토요일,대전광역시 동구 천동,경상사고,0,0,1,0,차대차 - 측면직각충돌,안전운전불이행,건조,맑음,교차로 - 교차로안,승용,여,63세,상해없음,승용,남,70세,상해없음
2014080900100234,2014년 8월 9일 11시,토요일,대전광역시 동구 대동,경상사고,0,0,1,0,차대차 - 측면직각충돌,안전거리미확보,건조,맑음,단일로 - 기타,승용,남,62세,상해없음,승용,남,69세,경상
2014080900100366,2014년 8월 9일 15시,토요일,대전광역시 중구 대흥동,경상사고,0,0,1,0,차대차 - 측면직각충돌,교차로운행방법위반,건조,맑음,교차로 - 교차로안,승용,남,23세,상해없음,승용,남,53세,상해없음
2014080900100448,2014년 8월 9일 18시,토요일,대전광역시 서구 정림동,중상사고,0,1,0,0,차대사람 - 기타,안전운전불이행,건조,맑음,교차로 - 교차로안,승용,남,51세,상해없음,보행자,여,52세,중상
2014080900100449,2014년 8월 9일 18시,토요일,대전광역시 서구 내동,경상사고,0,0,1,0,차대차 - 측면직각충돌,중앙선침범,건조,맑음,교차로 - 교차로부근,승용,여,46세,상해없음,이륜,남,28세,경상
2014080900100505,2014년 8월 9일 20시,토요일,대전광역시 중구 대흥동,경상사고,0,0,2,0,차대차 - 추돌 - 주정차중,안전운전불이행,건조,맑음,단일로 - 기타,승합,남,38세,상해없음,승합,남,45세,상해없음
2014080900100506,2014년 8월 9일 20시,토요일,대전광역시 동구 성남동,경상사고,0,0,1,0,차대차 - 측면직각충돌,직진우회전진행방해,건조,맑음,교차로 - 교차로안,승용,남,46세,상해없음,이륜,남,31세,경상
2014080900100560,2014년 8월 9일 22시,토요일,대전광역시 서구 월평동,경상사고,0,0,1,0,차대사람 - 기타,안전운전불이행,건조,맑음,교차로 - 교차로안,이륜,남,30세,상해없음,보행자,남,54세,경상
2014080900100592,2014년 8월 9일 23시,토요일,대전광역시 중구 대사동,중상사고,0,3,0,0,차대차 - 정면충돌,중앙선침범,건조,맑음,단일로 - 기타,승용,남,31세,상해없음,승용,남,63세,중상
2014081000100042,2014년 8월 10일 01시,일요일,대전광역시 중구 문화동,중상사고,0,1,0,0,차대사람 - 기타,안전운전불이행,건조,맑음,단일로 - 기타,승용,남,33세,상해없음,보행자,남,27세,중상
2014081000100057,2014년 8월 10일 02시,일요일,대전광역시 중구 대흥동,경상사고,0,0,2,0,차대차 - 추돌 - 주정차중,안전운전불이행,건조,맑음,단일로 - 기타,승용,남,24세,상해없음,승용,여,24세,경상
2014081000100081,2014년 8월 10일 04시,일요일,대전광역시 서구 갈마동,중상사고,0,2,0,0,차대차 - 기타,안전운전불이행,건조,맑음,단일로 - 기타,승용,남,28세,상해없음,승용,남,66세,기타불명
2014081000100169,2014년 8월 10일 10시,일요일,대전광역시 서구 용문동,경상사고,0,0,1,0,차량단독 - 기타,기타,건조,맑음,단일로 - 기타,승합,남,47세,상해없음,,,,
2014081000100201,2014년 8월 10일 12시,일요일,대전광역시 서구 내동,부상신고사고,0,0,0,2,차대차 - 측면직각충돌,신호위반,건조,맑음,교차로 - 교차로안,승용,여,55세,상해없음,승용,여,26세,부상신고
2014081000100284,2014년 8월 10일 15시,일요일,대전광역시 동구 삼성동,경상사고,0,0,2,0,차대차 - 측면직각충돌,안전운전불이행,건조,맑음,단일로 - 기타,자전거,남,74세,경상,자전거,남,68세,경상
2014081000100356,2014년 8월 10일 17시,일요일,대전광역시 유성구 하기동,중상사고,0,1,0,0,차대차 - 기타,안전운전불이행,습기,비,교차로 - 교차로안,승용,남,34세,상해없음,자전거,남,42세,중상
2014081000100435,2014년 8월 10일 19시,일요일,대전광역시 유성구 송강동,경상사고,0,0,1,0,차대차 - 측면직각충돌,교차로운행방법위반,습기,비,교차로 - 교차로안,승용,여,34세,상해없음,승용,남,56세,경상
2014081000100529,2014년 8월 10일 22시,일요일,대전광역시 중구 태평동,경상사고,0,0,2,0,차대차 - 측면직각충돌,교차로운행방법위반,습기,비,교차로 - 교차로부근,승용,여,33세,상해없음,승용,여,45세,경상
2014081100100065,2014년 8월 11일 06시,월요일,대전광역시 서구 변동,경상사고,0,0,3,0,차대차 - 정면충돌,중앙선침범,건조,맑음,단일로 - 횡단보도부근,승용,남,36세,상해없음,승용,남,42세,경상
2014081100100127,2014년 8월 11일 08시,월요일,대전광역시 서구 둔산동,중상사고,0,1,0,0,차대사람 - 기타,안전운전불이행,건조,흐림,교차로 - 교차로부근,승용,여,50세,상해없음,보행자,남,27세,중상
2014081100100192,2014년 8월 11일 10시,월요일,대전광역시 동구 신흥동,중상사고,0,1,0,0,차대차 - 측면직각충돌,안전운전불이행,건조,맑음,교차로 - 교차로부근,이륜,남,75세,상해없음,자전거,남,75세,중상
2014081100100219,2014년 8월 11일 11시,월요일,대전광역시 서구 갈마동,경상사고,0,0,1,0,차대사람 - 길가장자리구역통행중,안전운전불이행,건조,맑음,단일로 - 기타,승용,남,21세,상해없음,보행자,여,59세,경상
2014081100100252,2014년 8월 11일 12시,월요일,대전광역시 유성구 화암동,경상사고,0,0,1,0,차대차 - 기타,안전운전불이행,기타,맑음,단일로 - 기타,승용,남,25세,상해없음,자전거,여,56세,경상
2014081100100292,2014년 8월 11일 13시,월요일,대전광역시 서구 둔산동,중상사고,0,2,0,0,차대차 - 측면직각충돌,안전운전불이행,건조,맑음,단일로 - 기타,이륜,남,27세,중상,승용,여,46세,상해없음
2014081100100324,2014년 8월 11일 14시,월요일,대전광역시 동구 소제동,경상사고,0,0,1,0,차대차 - 추돌 - 진행중,안전운전불이행,건조,맑음,교차로 - 교차로부근,승합,남,54세,상해없음,승용,남,46세,경상
2014081100100414,2014년 8월 11일 16시,월요일,대전광역시 유성구 원신흥동,경상사고,0,0,1,0,차대차 - 측면직각충돌,신호위반,건조,맑음,교차로 - 교차로안,승용,여,36세,상해없음,이륜,남,49세,경상
2014081100100523,2014년 8월 11일 19시,월요일,대전광역시 동구 삼성동,중상사고,0,1,0,0,차대사람 - 횡단중,안전운전불이행,건조,맑음,단일로 - 교량,승용,남,73세,상해없음,보행자,남,58세,중상
2014081100100569,2014년 8월 11일 20시,월요일,대전광역시 중구 선화동,경상사고,0,0,1,0,차대차 - 측면직각충돌,중앙선침범,건조,맑음,교차로 - 교차로부근,승용,남,49세,상해없음,승용,여,56세,경상
2014081100100607,2014년 8월 11일 21시,월요일,대전광역시 동구 판암동,경상사고,0,0,2,0,차대차 - 측면직각충돌,신호위반,건조,맑음,교차로 - 교차로안,승용,남,52세,상해없음,승용,남,46세,경상
2014081100100652,2014년 8월 11일 23시,월요일,대전광역시 대덕구 오정동,경상사고,0,0,1,0,차대차 - 정면충돌,중앙선침범,건조,맑음,단일로 - 기타,화물,남,40세,상해없음,승합,여,40세,경상
2014081100100653,2014년 8월 11일 23시,월요일,대전광역시 서구 둔산동,경상사고,0,0,1,0,차대차 - 측면직각충돌,신호위반,건조,맑음,교차로 - 교차로안,승용,남,37세,상해없음,승용,남,39세,경상
2014081100100654,2014년 8월 11일 23시,월요일,대전광역시 유성구 관평동,경상사고,0,0,1,0,차대차 - 측면직각충돌,신호위반,건조,맑음,교차로 - 교차로안,승용,남,28세,상해없음,승용,여,51세,경상
2014081200100020,2014년 8월 12일 00시,화요일,대전광역시 대덕구 오정동,경상사고,0,0,2,0,차대차 - 추돌 - 진행중,안전운전불이행,건조,맑음,단일로 - 기타,승용,남,41세,상해없음,승용,남,55세,경상
2014081200100038,2014년 8월 12일 01시,화요일,대전광역시 동구 판암동,경상사고,0,0,2,0,차대차 - 측면직각충돌,교차로운행방법위반,건조,맑음,교차로 - 교차로안,승용,남,27세,상해없음,승용,남,45세,경상
2014081200100220,2014년 8월 12일 10시,화요일,대전광역시 중구 부사동,경상사고,0,0,3,0,차대차 - 기타,안전운전불이행,건조,맑음,단일로 - 기타,화물,남,40세,상해없음,화물,남,32세,경상
2014081200100251,2014년 8월 12일 11시,화요일,대전광역시 중구 석교동,중상사고,0,1,0,0,차대사람 - 기타,보행자보호의무위반,건조,맑음,단일로 - 횡단보도상,승용,여,33세,상해없음,보행자,남,41세,중상
2014081200100252,2014년 8월 12일 11시,화요일,대전광역시 유성구 교촌동,경상사고,0,0,3,0,차대차 - 추돌 - 진행중,안전거리미확보,건조,맑음,단일로 - 기타,승용,여,55세,상해없음,화물,남,33세,경상
2014081200100342,2014년 8월 12일 14시,화요일,대전광역시 중구 오류동,경상사고,0,0,1,0,차대차 - 기타,안전거리미확보,건조,맑음,단일로 - 기타,승용,남,81세,상해없음,원동기,남,36세,경상
2014081200100343,2014년 8월 12일 14시,화요일,대전광역시 서구 월평동,경상사고,0,0,2,0,차대차 - 추돌 - 주정차중,안전운전불이행,건조,맑음,교차로 - 교차로부근,승용,여,31세,상해없음,승용,남,28세,경상
2014081200100365,2014년 8월 12일 15시,화요일,대전광역시 중구 대흥동,경상사고,0,0,1,0,차대차 - 기타,안전운전불이행,건조,맑음,단일로 - 기타,승용,남,56세,상해없음,승용,남,33세,경상
2014081200100366,2014년 8월 12일 15시,화요일,대전광역시 동구 낭월동,경상사고,0,0,1,0,차대차 - 추돌 - 진행중,안전거리미확보,건조,맑음,단일로 - 기타,승용,남,52세,상해없음,승용,여,69세,경상
2014081200100367,2014년 8월 12일 15시,화요일,대전광역시 동구 삼성동,경상사고,0,0,1,0,차대사람 - 횡단중,보행자보호의무위반,습기,흐림,단일로 - 횡단보도상,승용,남,57세,상해없음,보행자,남,25세,경상
2014081200100450,2014년 8월 12일 17시,화요일,대전광역시 서구 월평동,중상사고,0,1,0,0,차대차 - 기타,안전운전불이행,건조,맑음,교차로 - 교차로부근,이륜,남,37세,중상,승용,남,28세,상해없음
2014081200100545,2014년 8월 12일 20시,화요일,대전광역시 유성구 구성동,중상사고,0,1,0,0,차대차 - 추돌 - 주정차중,안전운전불이행,건조,맑음,교차로 - 교차로부근,승용,여,28세,상해없음,승용,여,41세,중상
2014081300100034,2014년 8월 13일 01시,수요일,대전광역시 동구 가오동,경상사고,0,0,1,0,차대차 - 측면직각충돌,신호위반,건조,맑음,교차로 - 교차로안,승용,남,34세,상해없음,승용,남,28세,경상
2014081300100068,2014년 8월 13일 05시,수요일,대전광역시 중구 유천동,경상사고,0,0,1,0,차대사람 - 횡단중,보행자보호의무위반,건조,맑음,단일로 - 횡단보도상,승용,남,22세,상해없음,보행자,남,48세,경상
2014081300100162,2014년 8월 13일 09시,수요일,대전광역시 대덕구 오정동,경상사고,0,0,1,0,차대차 - 기타,안전운전불이행,건조,맑음,교차로 - 교차로부근,자전거,남,22세,상해없음,자전거,남,42세,경상
2014081300100188,2014년 8월 13일 10시,수요일,대전광역시 서구 둔산동,중상사고,0,1,1,0,차대차 - 기타,안전운전불이행,건조,맑음,단일로 - 기타,원동기,남,22세,중상,승용,남,67세,경상
2014081300100320,2014년 8월 13일 14시,수요일,대전광역시 동구 용전동,경상사고,0,0,1,0,차대차 - 기타,기타,습기,흐림,단일로 - 기타,승용,남,59세,상해없음,원동기,남,57세,경상
2014081300100321,2014년 8월 13일 14시,수요일,대전광역시 유성구 원내동,경상사고,0,0,3,1,차대차 - 기타,신호위반,습기,비,교차로 - 교차로안,승용,남,51세,상해없음,승용,여,36세,경상
2014081300100370,2014년 8월 13일 15시,수요일,대전광역시 동구 홍도동,경상사고,0,0,1,0,차대차 - 추돌 - 진행중,안전거리미확보,건조,맑음,교차로 - 교차로부근,승용,여,31세,상해없음,승용,남,56세,경상
2014081300100504,2014년 8월 13일 19시,수요일,대전광역시 동구 중동,경상사고,0,0,1,0,차대차 - 측면직각충돌,직진우회전진행방해,건조,맑음,교차로 - 교차로안,승용,남,30세,상해없음,원동기,여,53세,경상
2014081300100505,2014년 8월 13일 19시,수요일,대전광역시 동구 가양동,경상사고,0,0,4,0,차대차 - 정면충돌,안전운전불이행,건조,맑음,기타 - 기타,승용,여,49세,경상,승용,남,46세,경상
2014081300100506,2014년 8월 13일 19시,수요일,대전광역시 유성구 장대동,경상사고,0,0,1,0,차대차 - 측면직각충돌,신호위반,건조,맑음,교차로 - 교차로안,승용,여,41세,상해없음,원동기,남,46세,경상
2014081300100552,2014년 8월 13일 20시,수요일,대전광역시 동구 자양동,경상사고,0,0,1,0,차대차 - 추돌 - 진행중,안전운전불이행,건조,맑음,단일로 - 기타,승용,남,43세,상해없음,승용,남,42세,경상
2014081300100639,2014년 8월 13일 23시,수요일,대전광역시 동구 판암동,경상사고,0,0,1,0,차대차 - 측면직각충돌,안전운전불이행,건조,맑음,단일로 - 기타,승용,여,44세,상해없음,원동기,남,33세,경상
2014081300100640,2014년 8월 13일 23시,수요일,대전광역시 서구 복수동,경상사고,0,0,2,0,차대차 - 기타,안전운전불이행,건조,맑음,단일로 - 기타,승용,남,55세,상해없음,승용,여,66세,경상
2014081300100641,2014년 8월 13일 23시,수요일,대전광역시 서구 둔산동,경상사고,0,0,2,0,차대사람 - 길가장자리구역통행중,안전운전불이행,건조,맑음,단일로 - 기타,승용,남,61세,상해없음,보행자,남,21세,경상
2014081300100642,2014년 8월 13일 23시,수요일,대전광역시 유성구 궁동,경상사고,0,0,1,0,차대사람 - 길가장자리구역통행중,안전운전불이행,습기,비,단일로 - 기타,승용,남,50세,상해없음,보행자,여,26세,경상
2014081400100028,2014년 8월 14일 00시,목요일,대전광역시 유성구 신성동,경상사고,0,0,1,0,차대차 - 추돌 - 진행중,안전운전불이행,건조,맑음,교차로 - 교차로부근,승용,기타불명,기타불명,기타불명,승용,여,30세,경상
2014081400100042,2014년 8월 14일 01시,목요일,대전광역시 동구 대동,경상사고,0,0,1,0,차대사람 - 기타,안전운전불이행,습기,비,단일로 - 기타,승용,기타불명,기타불명,기타불명,보행자,남,42세,경상
2014081400100043,2014년 8월 14일 01시,목요일,대전광역시 동구 자양동,경상사고,0,0,1,0,차대차 - 측면직각충돌,안전거리미확보,습기,비,단일로 - 기타,승용,남,63세,상해없음,원동기,남,20세,경상
2014081400100052,2014년 8월 14일 02시,목요일,대전광역시 대덕구 오정동,중상사고,0,1,1,0,차대차 - 추돌 - 주정차중,안전운전불이행,건조,맑음,단일로 - 기타,승용,기타불명,39세,기타불명,원동기,남,56세,경상
2014081400100076,2014년 8월 14일 04시,목요일,대전광역시 동구 용전동,중상사고,0,1,0,0,차대사람 - 횡단중,신호위반,습기,비,단일로 - 횡단보도상,승용,남,56세,상해없음,보행자,여,53세,중상
2014081400100077,2014년 8월 14일 04시,목요일,대전광역시 서구 정림동,사망사고,1,0,0,0,차량단독 - 공작물충돌,안전운전불이행,습기,비,단일로 - 기타,승용,남,59세,사망,,,,
2014081400100091,2014년 8월 14일 05시,목요일,대전광역시 유성구 구암동,중상사고,0,1,0,0,차대차 - 기타,안전운전불이행,건조,맑음,단일로 - 기타,화물,남,53세,상해없음,기타불명,여,80세,중상
2014081400100181,2014년 8월 14일 09시,목요일,대전광역시 동구 비룡동,경상사고,0,0,2,0,차대차 - 측면직각충돌,신호위반,습기,흐림,교차로 - 교차로부근,승용,남,63세,상해없음,승용,여,55세,경상
2014081400100182,2014년 8월 14일 09시,목요일,대전광역시 서구 관저동,중상사고,0,1,0,0,차량단독 - 기타,기타,습기,비,단일로 - 기타,승합,남,58세,상해없음,,,,
2014081400100205,2014년 8월 14일 10시,목요일,대전광역시 서구 둔산동,경상사고,0,0,2,0,차대차 - 기타,안전운전불이행,습기,비,교차로 - 교차로부근,승용,남,24세,상해없음,승용,남,57세,경상
2014081400100245,2014년 8월 14일 11시,목요일,대전광역시 중구 석교동,중상사고,0,1,0,0,차대차 - 측면직각충돌,중앙선침범,습기,흐림,단일로 - 기타,화물,남,36세,상해없음,승용,여,28세,중상