사고번호,사고일시,요일,시군구,사고내용,사망자수,중상자수,경상자수,부상신고자수,사고유형,법규위반,노면상태,기상상태,도로형태,가해운전자 차종,가해운전자 성별,가해운전자 연령,가해운전자 상해정도,피해운전자 차종,피해운전자 성별,피해운전자 연령,피해운전자 상해정도
2014081400100246,2014년 8월 14일 11시,목요일,대전광역시 중구 유천동,중상사고,0,1,0,0,차대차 - 측면직각충돌,신호위반,습기,흐림,교차로 - 교차로안,승용,여,57세,상해없음,승합,남,45세,중상
2014081400100365,2014년 8월 14일 14시,목요일,대전광역시 서구 용문동,경상사고,0,0,1,0,차대차 - 추돌 - 진행중,안전운전불이행,건조,맑음,단일로 - 기타,승용,여,38세,상해없음,승용,남,26세,경상
2014081400100397,2014년 8월 14일 15시,목요일,대전광역시 유성구 구암동,중상사고,0,1,0,0,차대사람 - 횡단중,안전운전불이행,건조,맑음,단일로 - 기타,승합,남,50세,상해없음,보행자,여,78세,중상
2014081400100434,2014년 8월 14일 16시,목요일,대전광역시 동구 가양동,경상사고,0,0,1,0,차량단독 - 기타,기타,건조,맑음,단일로 - 기타,승합,남,43세,상해없음,,,,
2014081400100500,2014년 8월 14일 18시,목요일,대전광역시 동구 대동,경상사고,0,0,1,0,차대차 - 기타,안전운전불이행,건조,맑음,교차로 - 교차로안,승용,기타불명,기타불명,기타불명,원동기,남,23세,경상
2014081400100542,2014년 8월 14일 19시,목요일,대전광역시 중구 산성동,경상사고,0,0,2,0,차대차 - 추돌 - 진행중,안전거리미확보,건조,흐림,단일로 - 기타,승용,남,43세,상해없음,승용,남,37세,경상
2014081400100543,2014년 8월 14일 19시,목요일,대전광역시 동구 용전동,경상사고,0,0,1,0,차대사람 - 기타,기타,건조,맑음,단일로 - 기타,승용,남,56세,상해없음,보행자,남,37세,경상
2014081400100544,2014년 8월 14일 19시,목요일,대전광역시 대덕구 법동,경상사고,0,0,2,0,차대사람 - 기타,안전운전불이행,건조,맑음,교차로 - 교차로안,승용,여,44세,상해없음,보행자,남,42세,경상
2014081400100594,2014년 8월 14일 20시,목요일,대전광역시 서구 정림동,경상사고,0,0,1,0,차대차 - 기타,안전운전불이행,건조,맑음,단일로 - 기타,원동기,남,29세,상해없음,자전거,남,72세,경상
2014081400100639,2014년 8월 14일 21시,목요일,대전광역시 중구 선화동,경상사고,0,0,1,0,차대차 - 추돌 - 진행중,안전거리미확보,습기,비,단일로 - 기타,승용,남,70세,상해없음,승용,여,57세,경상
2014081400100640,2014년 8월 14일 21시,목요일,대전광역시 중구 부사동,경상사고,0,0,1,0,차대사람 - 보도통행중,기타,건조,흐림,단일로 - 기타,승용,남,24세,상해없음,보행자,남,46세,경상
2014081500100071,2014년 8월 15일 02시,금요일,대전광역시 서구 관저동,중상사고,0,1,3,0,차대차 - 추돌 - 주정차중,안전운전불이행,건조,맑음,단일로 - 기타,승용,남,59세,중상,승용,남,60세,경상
2014081500100072,2014년 8월 15일 02시,금요일,대전광역시 대덕구 오정동,경상사고,0,0,1,0,차대사람 - 기타,안전운전불이행,건조,맑음,단일로 - 기타,승용,기타불명,40세,기타불명,보행자,여,54세,경상
2014081500100084,2014년 8월 15일 03시,금요일,대전광역시 서구 탄방동,중상사고,0,1,0,0,차대사람 - 기타,안전운전불이행,건조,맑음,기타 - 기타,승용,여,31세,상해없음,보행자,남,41세,중상
2014081500100162,2014년 8월 15일 08시,금요일,대전광역시 유성구 장대동,중상사고,0,1,2,0,차대차 - 기타,안전운전불이행,건조,흐림,단일로 - 기타,승용,남,52세,상해없음,승용,남,55세,경상
2014081500100171,2014년 8월 15일 08시,금요일,대전광역시 동구 삼성동,경상사고,0,0,1,0,차대차 - 측면직각충돌,차로위반,건조,맑음,단일로 - 기타,승용,남,27세,상해없음,원동기,남,73세,경상
2014081500100216,2014년 8월 15일 10시,금요일,대전광역시 중구 문화동,중상사고,0,1,0,0,차대사람 - 횡단중,안전운전불이행,건조,맑음,단일로 - 기타,승용,여,39세,상해없음,보행자,여,6세,중상
2014081500100217,2014년 8월 15일 10시,금요일,대전광역시 대덕구 법동,중상사고,0,1,0,0,차량단독 - 기타,안전운전불이행,건조,맑음,단일로 - 기타,승합,남,54세,상해없음,,,,
2014081500100240,2014년 8월 15일 11시,금요일,대전광역시 중구 용두동,경상사고,0,0,1,0,차대차 - 추돌 - 주정차중,안전운전불이행,건조,맑음,교차로 - 교차로안,화물,남,48세,상해없음,승용,여,31세,경상
2014081500100263,2014년 8월 15일 12시,금요일,대전광역시 유성구 상대동,경상사고,0,0,1,0,차대차 - 기타,안전거리미확보,건조,맑음,교차로 - 교차로부근,승용,여,54세,상해없음,승용,남,30세,상해없음
2014081500100301,2014년 8월 15일 13시,금요일,대전광역시 유성구 궁동,중상사고,0,1,0,0,차대차 - 측면직각충돌,차로위반,건조,맑음,단일로 - 기타,승용,남,45세,상해없음,이륜,남,35세,중상
2014081500100364,2014년 8월 15일 15시,금요일,대전광역시 중구 사정동,중상사고,0,1,0,0,차대사람 - 횡단중,안전운전불이행,건조,맑음,단일로 - 기타,승용,여,43세,상해없음,보행자,여,70세,중상
2014081500100493,2014년 8월 15일 18시,금요일,대전광역시 중구 문화동,경상사고,0,0,1,0,차량단독 - 기타,안전운전불이행,건조,맑음,교차로 - 교차로안,승용,남,65세,상해없음,,,,
2014081500100562,2014년 8월 15일 20시,금요일,대전광역시 유성구 장대동,중상사고,0,3,0,0,차대사람 - 횡단중,보행자보호의무위반,건조,흐림,단일로 - 기타,승용,남,44세,상해없음,보행자,여,39세,중상
2014081500100589,2014년 8월 15일 21시,금요일,대전광역시 유성구 봉명동,경상사고,0,0,1,0,차대차 - 기타,안전운전불이행,건조,흐림,교차로 - 교차로안,승용,남,44세,상해없음,승용,남,37세,경상
2014081500100611,2014년 8월 15일 22시,금요일,대전광역시 서구 괴정동,경상사고,0,0,2,0,차대차 - 추돌 - 진행중,안전운전불이행,습기,흐림,교차로 - 교차로부근,승용,남,31세,상해없음,승용,남,31세,경상
2014081500100612,2014년 8월 15일 22시,금요일,대전광역시 서구 갈마동,경상사고,0,0,2,0,차대차 - 기타,안전거리미확보,건조,맑음,단일로 - 기타,승합,남,39세,기타불명,승용,여,46세,경상
2014081500100613,2014년 8월 15일 22시,금요일,대전광역시 서구 둔산동,부상신고사고,0,0,0,1,차대차 - 추돌 - 주정차중,안전운전불이행,건조,흐림,교차로 - 교차로부근,승용,여,43세,상해없음,승용,남,26세,부상신고
2014081500100632,2014년 8월 15일 23시,금요일,대전광역시 유성구 송강동,중상사고,0,1,0,0,차대차 - 측면직각충돌,신호위반,건조,맑음,교차로 - 교차로안,승용,남,57세,상해없음,승용,남,25세,중상
2014081600100013,2014년 8월 16일 00시,토요일,대전광역시 중구 대흥동,경상사고,0,0,1,0,차대사람 - 차도통행중,안전운전불이행,습기,맑음,단일로 - 기타,승용,남,24세,상해없음,보행자,남,23세,경상
2014081600100033,2014년 8월 16일 01시,토요일,대전광역시 동구 판암동,경상사고,0,0,1,0,차대사람 - 횡단중,안전운전불이행,건조,맑음,교차로 - 교차로안,승용,기타불명,기타불명,기타불명,보행자,남,22세,경상
2014081600100043,2014년 8월 16일 02시,토요일,대전광역시 서구 복수동,경상사고,0,0,1,1,차대차 - 측면직각충돌,신호위반,건조,맑음,교차로 - 교차로안,승용,남,39세,상해없음,승용,남,51세,경상
2014081600100044,2014년 8월 16일 02시,토요일,대전광역시 유성구 원내동,경상사고,0,0,1,0,차대사람 - 기타,안전운전불이행,건조,맑음,교차로 - 교차로부근,기타불명,기타불명,기타불명,기타불명,보행자,남,44세,경상
2014081600100069,2014년 8월 16일 04시,토요일,대전광역시 동구 성남동,경상사고,0,0,1,0,차대차 - 측면직각충돌,신호위반,건조,맑음,교차로 - 교차로안,승용,여,62세,상해없음,승용,여,60세,경상
2014081600100214,2014년 8월 16일 11시,토요일,대전광역시 동구 용전동,경상사고,0,0,1,0,차대차 - 추돌 - 진행중,교차로운행방법위반,건조,맑음,교차로 - 교차로안,승용,남,55세,상해없음,승용,여,32세,경상
2014081600100283,2014년 8월 16일 13시,토요일,대전광역시 동구 신하동,경상사고,0,0,2,0,차대차 - 추돌 - 진행중,안전거리미확보,건조,맑음,단일로 - 기타,승용,남,58세,상해없음,승용,남,33세,경상
2014081600100284,2014년 8월 16일 13시,토요일,대전광역시 서구 용문동,경상사고,0,0,1,0,차대차 - 측면직각충돌,신호위반,건조,맑음,교차로 - 교차로안,승용,남,49세,상해없음,승용,남,41세,경상
2014081600100322,2014년 8월 16일 14시,토요일,대전광역시 서구 갈마동,경상사고,0,0,1,0,차대사람 - 기타,신호위반,건조,맑음,단일로 - 횡단보도상,승용,남,39세,상해없음,보행자,여,52세,경상
2014081600100358,2014년 8월 16일 15시,토요일,대전광역시 동구 가양동,중상사고,0,1,0,0,차대사람 - 차도통행중,안전운전불이행,건조,맑음,단일로 - 기타,승합,남,48세,상해없음,보행자,남,75세,중상
2014081600100466,2014년 8월 16일 18시,토요일,대전광역시 중구 대흥동,경상사고,0,0,1,0,차대사람 - 보도통행중,기타,건조,맑음,단일로 - 기타,승용,남,37세,기타불명,보행자,여,42세,경상
2014081600100493,2014년 8월 16일 19시,토요일,대전광역시 중구 안영동,경상사고,0,0,1,0,차대차 - 측면직각충돌,안전운전불이행,건조,맑음,단일로 - 교량,화물,남,34세,상해없음,승용,남,49세,경상
2014081600100524,2014년 8월 16일 20시,토요일,대전광역시 동구 용전동,경상사고,0,0,5,0,차대차 - 기타,안전운전불이행,건조,맑음,단일로 - 기타,화물,남,55세,상해없음,승용,남,27세,경상
2014081600100601,2014년 8월 16일 22시,토요일,대전광역시 서구 내동,중상사고,0,1,0,0,차대차 - 측면직각충돌,안전운전불이행,건조,맑음,단일로 - 기타,승용,남,55세,상해없음,이륜,남,30세,중상
2014081600100620,2014년 8월 16일 23시,토요일,대전광역시 동구 세천동,경상사고,0,0,1,0,차대사람 - 길가장자리구역통행중,안전운전불이행,건조,맑음,단일로 - 기타,승용,남,36세,상해없음,보행자,남,51세,경상
2014081700100017,2014년 8월 17일 00시,일요일,대전광역시 중구 산성동,경상사고,0,0,2,0,차대차 - 추돌 - 주정차중,안전운전불이행,건조,맑음,단일로 - 기타,승용,남,40세,상해없음,승용,남,26세,경상
2014081700100018,2014년 8월 17일 00시,일요일,대전광역시 동구 대성동,사망사고,1,0,0,0,차량단독 - 기타,안전운전불이행,습기,비,교차로 - 교차로부근,원동기,남,37세,사망,,,,
2014081700100047,2014년 8월 17일 02시,일요일,대전광역시 서구 월평동,중상사고,0,1,0,0,차대차 - 기타,안전운전불이행,건조,맑음,단일로 - 횡단보도상,기타불명,기타불명,기타불명,기타불명,자전거,남,35세,중상
2014081700100070,2014년 8월 17일 04시,일요일,대전광역시 동구 용전동,경상사고,0,0,2,0,차대차 - 추돌 - 주정차중,안전운전불이행,건조,맑음,단일로 - 기타,승용,남,46세,상해없음,승용,남,57세,경상
2014081700100077,2014년 8월 17일 05시,일요일,대전광역시 중구 대사동,경상사고,0,0,1,0,차량단독 - 기타,기타,건조,맑음,단일로 - 기타,승용,남,53세,상해없음,,,,
2014081700100084,2014년 8월 17일 06시,일요일,대전광역시 유성구 봉명동,경상사고,0,0,1,0,차대차 - 기타,안전운전불이행,건조,맑음,교차로 - 교차로안,승용,남,23세,상해없음,승용,남,67세,경상
2014081700100096,2014년 8월 17일 07시,일요일,대전광역시 중구 오류동,경상사고,0,0,1,0,차대사람 - 보도통행중,기타,건조,맑음,단일로 - 기타,화물,남,59세,상해없음,보행자,남,45세,경상
2014081700100150,2014년 8월 17일 10시,일요일,대전광역시 동구 정동,경상사고,0,0,1,0,차대차 - 추돌 - 주정차중,기타,건조,맑음,단일로 - 기타,승용,남,56세,상해없음,승용,남,54세,경상
2014081700100189,2014년 8월 17일 12시,일요일,대전광역시 중구 선화동,경상사고,0,0,1,0,차대차 - 정면충돌,안전운전불이행,건조,흐림,교차로 - 교차로부근,승용,남,61세,상해없음,승용,여,39세,경상
2014081700100190,2014년 8월 17일 12시,일요일,대전광역시 유성구 상대동,중상사고,0,1,0,0,차대차 - 측면직각충돌,교차로운행방법위반,습기,비,교차로 - 교차로안,승용,남,33세,상해없음,이륜,남,36세,중상
2014081700100245,2014년 8월 17일 14시,일요일,대전광역시 유성구 덕명동,경상사고,0,0,2,0,차대차 - 기타,교차로운행방법위반,습기,비,교차로 - 교차로안,승용,남,60세,상해없음,승용,남,32세,경상
2014081700100277,2014년 8월 17일 15시,일요일,대전광역시 동구 중동,중상사고,0,1,0,0,차대차 - 측면직각충돌,안전운전불이행,습기,비,교차로 - 교차로안,승용,남,73세,상해없음,이륜,남,72세,중상
2014081700100278,2014년 8월 17일 15시,일요일,대전광역시 서구 변동,경상사고,0,0,2,0,차대차 - 추돌 - 진행중,안전운전불이행,습기,비,교차로 - 교차로부근,승용,남,63세,상해없음,승용,여,33세,경상
2014081700100279,2014년 8월 17일 15시,일요일,대전광역시 유성구 전민동,경상사고,0,0,1,0,차대사람 - 횡단중,보행자보호의무위반,습기,비,단일로 - 횡단보도상,승용,남,24세,상해없음,보행자,남,20세,경상
2014081700100325,2014년 8월 17일 17시,일요일,대전광역시 대덕구 신탄진동,경상사고,0,0,3,0,차대차 - 측면직각충돌,신호위반,건조,맑음,교차로 - 교차로안,승용,남,47세,상해없음,승용,남,23세,경상
2014081700100345,2014년 8월 17일 18시,일요일,대전광역시 서구 도마동,중상사고,0,1,0,0,차량단독 - 기타,안전운전불이행,습기,비,교차로 - 교차로안,승합,남,48세,상해없음,,,,
2014081800100022,2014년 8월 18일 00시,월요일,대전광역시 대덕구 읍내동,경상사고,0,0,1,0,차대차 - 추돌 - 주정차중,안전운전불이행,습기,비,교차로 - 교차로부근,승용,남,43세,기타불명,화물,남,32세,경상
2014081800100031,2014년 8월 18일 01시,월요일,대전광역시 유성구 봉산동,경상사고,0,0,1,0,차대차 - 추돌 - 진행중,중앙선침범,습기,비,단일로 - 기타,승용,여,20세,상해없음,승용,남,30세,경상
2014081800100136,2014년 8월 18일 08시,월요일,대전광역시 서구 갈마동,경상사고,0,0,1,0,차대차 - 기타,안전운전불이행,습기,비,단일로 - 기타,승용,남,55세,상해없음,승용,남,30세,경상
2014081800100174,2014년 8월 18일 09시,월요일,대전광역시 서구 가장동,중상사고,0,1,0,0,차대차 - 측면직각충돌,안전운전불이행,건조,맑음,단일로 - 기타,승용,남,53세,상해없음,승용,여,52세,중상
2014081800100291,2014년 8월 18일 13시,월요일,대전광역시 중구 대흥동,중상사고,0,1,0,0,차대차 - 측면직각충돌,안전운전불이행,건조,맑음,단일로 - 기타,승용,남,52세,상해없음,자전거,남,81세,중상
2014081800100357,2014년 8월 18일 15시,월요일,대전광역시 동구 용전동,중상사고,0,1,0,0,차대차 - 측면직각충돌,안전운전불이행,건조,맑음,교차로 - 교차로부근,화물,남,58세,상해없음,자전거,남,71세,중상
2014081800100358,2014년 8월 18일 15시,월요일,대전광역시 동구 가양동,중상사고,0,1,0,0,차대사람 - 기타,보행자보호의무위반,건조,맑음,단일로 - 기타,승용,남,37세,상해없음,보행자,여,72세,중상
2014081800100393,2014년 8월 18일 16시,월요일,대전광역시 서구 둔산동,경상사고,0,0,1,0,차대차 - 기타,안전운전불이행,습기,비,교차로 - 교차로안,승용,남,66세,상해없음,승용,남,32세,경상
2014081800100423,2014년 8월 18일 17시,월요일,대전광역시 대덕구 오정동,부상신고사고,0,0,0,1,차대사람 - 횡단중,안전운전불이행,건조,맑음,단일로 - 기타,화물,남,42세,상해없음,보행자,남,79세,부상신고
2014081800100497,2014년 8월 18일 19시,월요일,대전광역시 동구 성남동,경상사고,0,0,1,0,차대차 - 추돌 - 주정차중,기타,습기,비,단일로 - 기타,승용,남,58세,상해없음,승합,남,62세,상해없음
2014081800100530,2014년 8월 18일 20시,월요일,대전광역시 서구 변동,중상사고,0,1,0,0,차대사람 - 횡단중,신호위반,습기,비,단일로 - 횡단보도상,이륜,남,24세,상해없음,보행자,여,29세,중상
2014081800100560,2014년 8월 18일 21시,월요일,대전광역시 서구 가장동,중상사고,0,1,2,0,차대사람 - 횡단중,안전운전불이행,습기,비,교차로 - 교차로부근,화물,남,57세,상해없음,보행자,여,54세,중상
2014081800100561,2014년 8월 18일 21시,월요일,대전광역시 유성구 화암동,중상사고,0,1,0,0,차대차 - 기타,안전운전불이행,습기,비,교차로 - 교차로부근,승용,남,44세,상해없음,자전거,남,28세,중상
2014081800100562,2014년 8월 18일 21시,월요일,대전광역시 유성구 도룡동,경상사고,0,0,1,0,차대차 - 추돌 - 주정차중,안전운전불이행,습기,비,단일로 - 횡단보도부근,승용,남,42세,상해없음,승용,남,39세,경상
2014081800100588,2014년 8월 18일 22시,월요일,대전광역시 유성구 상대동,경상사고,0,0,2,0,차대차 - 추돌 - 주정차중,안전운전불이행,습기,비,교차로 - 교차로안,승용,남,30세,상해없음,승용,남,29세,경상
2014081900100045,2014년 8월 19일 01시,화요일,대전광역시 중구 은행동,중상사고,0,1,1,0,차대차 - 측면직각충돌,안전운전불이행,습기,비,단일로 - 기타,승용,남,32세,상해없음,승용,남,44세,기타불명
2014081900100073,2014년 8월 19일 03시,화요일,대전광역시 서구 월평동,중상사고,0,3,0,0,차대차 - 측면직각충돌,신호위반,습기,비,교차로 - 교차로안,승용,남,26세,상해없음,승합,남,53세,중상
2014081900100117,2014년 8월 19일 06시,화요일,대전광역시 대덕구 와동,경상사고,0,0,2,1,차대차 - 측면직각충돌,안전운전불이행,습기,비,단일로 - 교량,승용,남,27세,상해없음,승용,남,25세,경상
2014081900100211,2014년 8월 19일 09시,화요일,대전광역시 서구 가장동,중상사고,0,1,0,0,차대사람 - 기타,안전운전불이행,건조,맑음,단일로 - 기타,승용,여,63세,상해없음,보행자,여,51세,중상
2014081900100326,2014년 8월 19일 13시,화요일,대전광역시 서구 괴정동,경상사고,0,0,1,0,차대차 - 추돌 - 진행중,중앙선침범,건조,맑음,단일로 - 기타,승용,여,45세,상해없음,승용,여,31세,경상
2014081900100433,2014년 8월 19일 16시,화요일,대전광역시 중구 오류동,중상사고,0,1,0,0,차대차 - 측면직각충돌,안전운전불이행,건조,맑음,단일로 - 기타,승용,여,55세,상해없음,자전거,남,73세,중상
2014081900100434,2014년 8월 19일 16시,화요일,대전광역시 서구 월평동,경상사고,0,0,5,0,차대차 - 추돌 - 진행중,안전운전불이행,건조,맑음,교차로 - 교차로안,승용,남,35세,경상,승용,남,24세,경상
2014081900100513,2014년 8월 19일 18시,화요일,대전광역시 대덕구 오정동,경상사고,0,0,4,0,차대차 - 기타,신호위반,건조,맑음,교차로 - 교차로안,승용,남,30세,상해없음,승용,남,35세,경상
2014081900100514,2014년 8월 19일 18시,화요일,대전광역시 서구 월평동,중상사고,0,1,0,0,차대차 - 기타,안전운전불이행,건조,흐림,단일로 - 기타,승용,남,19세,상해없음,승용,여,52세,중상
2014081900100556,2014년 8월 19일 19시,화요일,대전광역시 중구 산성동,경상사고,0,0,1,0,차대차 - 측면직각충돌,안전운전불이행,습기,비,단일로 - 기타,화물,남,53세,상해없음,자전거,남,48세,경상
2014081900100557,2014년 8월 19일 19시,화요일,대전광역시 대덕구 중리동,중상사고,0,1,0,0,차대사람 - 횡단중,안전운전불이행,습기,비,단일로 - 기타,승용,여,50세,상해없음,보행자,남,66세,중상
2014081900100587,2014년 8월 19일 20시,화요일,대전광역시 중구 중촌동,경상사고,0,0,1,0,차대차 - 추돌 - 진행중,안전거리미확보,습기,비,단일로 - 기타,승용,남,44세,상해없음,승용,남,35세,경상
2014081900100620,2014년 8월 19일 21시,화요일,대전광역시 중구 대사동,경상사고,0,0,1,0,차대차 - 기타,안전운전불이행,건조,맑음,교차로 - 교차로안,승용,여,46세,상해없음,승용,여,22세,경상
2014081900100681,2014년 8월 19일 23시,화요일,대전광역시 중구 유천동,경상사고,0,0,1,0,차대사람 - 길가장자리구역통행중,중앙선침범,습기,흐림,교차로 - 교차로부근,화물,남,38세,상해없음,보행자,여,26세,경상
2014081900100682,2014년 8월 19일 23시,화요일,대전광역시 중구 중촌동,중상사고,0,1,0,0,차대차 - 기타,중앙선침범,건조,맑음,교차로 - 교차로부근,화물,남,54세,상해없음,승용,남,50세,중상
2014082000100024,2014년 8월 20일 00시,수요일,대전광역시 서구 월평동,중상사고,0,1,4,0,차대차 - 기타,신호위반,건조,흐림,교차로 - 교차로안,승용,남,62세,상해없음,승용,남,61세,경상
2014082000100080,2014년 8월 20일 06시,수요일,대전광역시 중구 대흥동,경상사고,0,0,1,0,차대차 - 측면직각충돌,신호위반,건조,맑음,교차로 - 교차로안,승용,남,61세,상해없음,승용,남,37세,경상
2014082000100106,2014년 8월 20일 07시,수요일,대전광역시 유성구 방현동,경상사고,0,0,1,0,차대차 - 기타,안전운전불이행,건조,맑음,단일로 - 기타,승용,남,72세,상해없음,승용,남,30세,경상
2014082000100197,2014년 8월 20일 10시,수요일,대전광역시 서구 둔산동,중상사고,0,1,0,0,차대사람 - 보도통행중,보행자보호의무위반,건조,맑음,단일로 - 횡단보도상,승용,남,54세,상해없음,보행자,여,19세,중상
2014082000100219,2014년 8월 20일 11시,수요일,대전광역시 유성구 봉산동,중상사고,0,1,1,0,차대차 - 기타,교차로운행방법위반,건조,맑음,교차로 - 교차로안,승용,여,52세,상해없음,승용,남,35세,경상
2014082000100309,2014년 8월 20일 14시,수요일,대전광역시 중구 대사동,경상사고,0,0,1,0,차대사람 - 차도통행중,안전운전불이행,건조,맑음,단일로 - 기타,승용,남,61세,상해없음,보행자,여,34세,경상
2014082000100310,2014년 8월 20일 14시,수요일,대전광역시 동구 효동,경상사고,0,0,1,0,차대차 - 측면직각충돌,신호위반,건조,맑음,교차로 - 교차로안,승용,남,40세,상해없음,승용,여,41세,경상
2014082000100311,2014년 8월 20일 14시,수요일,대전광역시 서구 둔산동,경상사고,0,0,1,0,차량단독 - 기타,안전운전불이행,건조,맑음,단일로 - 기타,승합,남,51세,상해없음,,,,
2014082000100347,2014년 8월 20일 15시,수요일,대전광역시 유성구 봉명동,경상사고,0,0,1,0,차대사람 - 기타,안전운전불이행,건조,맑음,단일로 - 기타,승용,남,59세,상해없음,보행자,남,53세,경상
2014082000100378,2014년 8월 20일 16시,수요일,대전광역시 대덕구 중리동,경상사고,0,0,1,0,차대차 - 측면직각충돌,안전운전불이행,건조,맑음,교차로 - 교차로안,승용,남,51세,상해없음,이륜,남,19세,경상
2014082000100379,2014년 8월 20일 16시,수요일,대전광역시 서구 둔산동,경상사고,0,0,1,0,차대차 - 기타,교차로운행방법위반,건조,맑음,교차로 - 교차로안,승용,남,41세,상해없음,승용,남,54세,상해없음
2014082000100380,2014년 8월 20일 16시,수요일,대전광역시 서구 탄방동,경상사고,0,0,1,0,차대사람 - 길가장자리구역통행중,안전운전불이행,건조,맑음,단일로 - 기타,승용,여,64세,상해없음,보행자,여,44세,경상
2014082000100431,2014년 8월 20일 18시,수요일,대전광역시 서구 용문동,경상사고,0,0,1,0,차대차 - 추돌 - 진행중,안전거리미확보,습기,비,단일로 - 기타,승용,여,57세,상해없음,승용,남,50세,경상
2014082000100475,2014년 8월 20일 19시,수요일,대전광역시 중구 중촌동,중상사고,0,1,0,0,차대차 - 추돌 - 주정차중,안전운전불이행,습기,비,단일로 - 기타,기타불명,기타불명,기타불명,기타불명,승용,기타불명,기타불명,기타불명
2014082000100556,2014년 8월 20일 21시,수요일,대전광역시 중구 부사동,경상사고,0,0,1,0,차대차 - 추돌 - 주정차중,안전운전불이행,습기,비,교차로 - 교차로부근,승용,남,43세,상해없음,승용,남,30세,경상
2014082000100557,2014년 8월 20일 21시,수요일,대전광역시 중구 중촌동,중상사고,0,1,0,0,차대사람 - 횡단중,보행자보호의무위반,습기,비,교차로 - 교차로안,승용,남,32세,상해없음,보행자,남,59세,중상
2014082000100595,2014년 8월 20일 22시,수요일,대전광역시 동구 대동,경상사고,0,0,3,0,차대차 - 추돌 - 주정차중,안전운전불이행,건조,맑음,단일로 - 기타,승용,남,53세,상해없음,승용,남,34세,경상
2014082000100596,2014년 8월 20일 22시,수요일,대전광역시 서구 도마동,경상사고,0,0,1,0,차대차 - 측면직각충돌,안전거리미확보,습기,비,단일로 - 기타,승용,남,54세,상해없음,이륜,남,32세,경상
2014082000100642,2014년 8월 20일 23시,수요일,대전광역시 서구 가장동,경상사고,0,0,1,0,차대차 - 추돌 - 진행중,안전거리미확보,습기,비,단일로 - 기타,승용,남,21세,상해없음,승용,남,43세,경상
2014082100100026,2014년 8월 21일 00시,목요일,대전광역시 중구 산성동,경상사고,0,0,1,0,차대차 - 추돌 - 주정차중,안전거리미확보,건조,흐림,교차로 - 교차로부근,승용,남,35세,상해없음,승용,여,31세,경상
2014082100100071,2014년 8월 21일 02시,목요일,대전광역시 유성구 화암동,경상사고,0,0,4,0,차대차 - 기타,안전운전불이행,습기,비,단일로 - 기타,승용,남,60세,상해없음,승용,남,24세,경상
2014082100100082,2014년 8월 21일 03시,목요일,대전광역시 서구 가수원동,중상사고,0,2,0,0,차대차 - 측면직각충돌,안전거리미확보,습기,비,단일로 - 기타,승용,남,36세,상해없음,화물,남,57세,중상
2014082100100083,2014년 8월 21일 03시,목요일,대전광역시 서구 갈마동,경상사고,0,0,1,0,차대차 - 추돌 - 진행중,안전운전불이행,습기,비,교차로 - 교차로안,기타불명,기타불명,기타불명,기타불명,원동기,남,31세,경상
2014082100100262,2014년 8월 21일 11시,목요일,대전광역시 대덕구 중리동,중상사고,0,1,1,0,차대차 - 측면직각충돌,안전운전불이행,건조,맑음,기타 - 기타,승용,여,54세,상해없음,이륜,남,42세,경상
2014082100100306,2014년 8월 21일 12시,목요일,대전광역시 서구 용문동,경상사고,0,0,2,0,차대차 - 기타,안전운전불이행,건조,맑음,교차로 - 교차로부근,승용,남,25세,상해없음,승용,남,58세,경상
2014082100100307,2014년 8월 21일 12시,목요일,대전광역시 유성구 봉명동,중상사고,0,1,0,0,차대사람 - 횡단중,신호위반,건조,맑음,단일로 - 기타,이륜,남,36세,상해없음,보행자,남,72세,중상
2014082100100365,2014년 8월 21일 14시,목요일,대전광역시 대덕구 오정동,경상사고,0,0,1,0,차량단독 - 기타,기타,건조,맑음,단일로 - 기타,승합,남,52세,상해없음,,,,
2014082100100424,2014년 8월 21일 16시,목요일,대전광역시 서구 도마동,경상사고,0,0,1,0,차대차 - 기타,안전운전불이행,건조,맑음,기타 - 기타,승용,남,59세,상해없음,승용,남,32세,경상
2014082100100503,2014년 8월 21일 18시,목요일,대전광역시 서구 둔산동,경상사고,0,0,2,0,차대사람 - 기타,안전운전불이행,습기,비,교차로 - 교차로안,승용,여,38세,상해없음,보행자,여,16세,경상
2014082100100533,2014년 8월 21일 19시,목요일,대전광역시 서구 둔산동,경상사고,0,0,1,0,차대사람 - 보도통행중,안전운전불이행,습기,비,단일로 - 횡단보도상,승용,남,31세,상해없음,보행자,여,14세,경상
2014082100100534,2014년 8월 21일 19시,목요일,대전광역시 유성구 원촌동,경상사고,0,0,2,0,차대차 - 기타,안전운전불이행,건조,맑음,교차로 - 교차로부근,승용,남,47세,기타불명,승용,남,37세,경상
2014082100100535,2014년 8월 21일 19시,목요일,대전광역시 유성구 봉명동,중상사고,0,1,0,0,차대차 - 기타,안전운전불이행,습기,비,교차로 - 교차로안,승용,남,56세,상해없음,자전거,남,65세,중상
2014082100100578,2014년 8월 21일 20시,목요일,대전광역시 서구 괴정동,중상사고,0,1,0,0,차대사람 - 보도통행중,보행자보호의무위반,습기,비,단일로 - 횡단보도상,승용,남,25세,상해없음,보행자,남,12세,중상
2014082100100638,2014년 8월 21일 22시,목요일,대전광역시 유성구 궁동,경상사고,0,0,1,0,차대차 - 기타,안전거리미확보,습기,비,단일로 - 기타,승용,남,24세,상해없음,원동기,남,24세,경상