사고번호,사고일시,요일,시군구,사고내용,사망자수,중상자수,경상자수,부상신고자수,사고유형,법규위반,노면상태,기상상태,도로형태,가해운전자 차종,가해운전자 성별,가해운전자 연령,가해운전자 상해정도,피해운전자 차종,피해운전자 성별,피해운전자 연령,피해운전자 상해정도
2014082100100666,2014년 8월 21일 23시,목요일,대전광역시 유성구 송강동,경상사고,0,0,1,0,차대차 - 기타,중앙선침범,건조,맑음,단일로 - 기타,승용,남,29세,상해없음,이륜,남,41세,경상
2014082200100022,2014년 8월 22일 00시,금요일,대전광역시 서구 내동,중상사고,0,1,1,0,차대차 - 측면직각충돌,신호위반,건조,맑음,교차로 - 교차로안,승용,남,32세,상해없음,승용,남,42세,경상
2014082200100023,2014년 8월 22일 00시,금요일,대전광역시 서구 관저동,경상사고,0,0,1,0,차대차 - 기타,안전운전불이행,습기,비,교차로 - 교차로안,승용,남,28세,상해없음,승용,남,53세,경상
2014082200100024,2014년 8월 22일 00시,금요일,대전광역시 대덕구 비래동,경상사고,0,0,1,0,차대차 - 측면직각충돌,교차로운행방법위반,건조,맑음,교차로 - 교차로안,승용,남,43세,상해없음,승용,남,36세,상해없음
2014082200100025,2014년 8월 22일 00시,금요일,대전광역시 서구 월평동,경상사고,0,0,1,0,차대차 - 추돌 - 주정차중,안전거리미확보,습기,비,교차로 - 교차로부근,승용,남,43세,상해없음,승용,여,27세,경상
2014082200100026,2014년 8월 22일 00시,금요일,대전광역시 서구 갈마동,경상사고,0,0,1,0,차대사람 - 기타,보행자보호의무위반,건조,맑음,교차로 - 교차로부근,승용,기타불명,기타불명,기타불명,보행자,남,33세,경상
2014082200100118,2014년 8월 22일 07시,금요일,대전광역시 대덕구 읍내동,중상사고,0,1,0,0,차대사람 - 보도통행중,안전운전불이행,건조,맑음,단일로 - 기타,승용,여,38세,상해없음,보행자,남,38세,중상
2014082200100119,2014년 8월 22일 07시,금요일,대전광역시 대덕구 오정동,중상사고,0,1,0,0,차대차 - 측면직각충돌,안전운전불이행,건조,맑음,교차로 - 교차로부근,원동기,남,37세,상해없음,자전거,여,46세,중상
2014082200100161,2014년 8월 22일 08시,금요일,대전광역시 동구 대동,중상사고,0,1,0,0,차대차 - 측면직각충돌,안전운전불이행,건조,맑음,교차로 - 교차로안,승용,기타불명,기타불명,기타불명,자전거,남,85세,중상
2014082200100162,2014년 8월 22일 08시,금요일,대전광역시 서구 갈마동,경상사고,0,0,1,0,차대차 - 측면직각충돌,교차로운행방법위반,건조,맑음,교차로 - 교차로안,이륜,남,24세,경상,승용,남,39세,상해없음
2014082200100163,2014년 8월 22일 08시,금요일,대전광역시 서구 갈마동,경상사고,0,0,1,0,차대차 - 기타,신호위반,건조,맑음,교차로 - 교차로부근,승용,남,41세,상해없음,자전거,여,46세,경상
2014082200100216,2014년 8월 22일 10시,금요일,대전광역시 중구 선화동,중상사고,0,1,0,0,차대차 - 측면직각충돌,신호위반,건조,흐림,단일로 - 횡단보도상,승용,남,38세,상해없음,자전거,남,54세,중상
2014082200100248,2014년 8월 22일 11시,금요일,대전광역시 중구 석교동,경상사고,0,0,1,0,차대차 - 추돌 - 진행중,안전운전불이행,건조,맑음,교차로 - 교차로부근,승용,남,42세,상해없음,승합,남,41세,경상
2014082200100249,2014년 8월 22일 11시,금요일,대전광역시 유성구 봉명동,경상사고,0,0,1,0,차대차 - 기타,안전운전불이행,건조,맑음,단일로 - 기타,승용,남,46세,상해없음,자전거,여,43세,경상
2014082200100282,2014년 8월 22일 12시,금요일,대전광역시 유성구 지족동,경상사고,0,0,2,0,차대차 - 기타,교차로운행방법위반,건조,맑음,교차로 - 교차로안,승용,여,44세,상해없음,승용,남,44세,경상
2014082200100314,2014년 8월 22일 13시,금요일,대전광역시 대덕구 법동,중상사고,0,1,0,0,차대차 - 기타,중앙선침범,건조,맑음,단일로 - 기타,승용,남,28세,상해없음,이륜,남,37세,중상
2014082200100348,2014년 8월 22일 14시,금요일,대전광역시 동구 가오동,경상사고,0,0,1,0,차대차 - 측면직각충돌,안전운전불이행,건조,맑음,교차로 - 교차로안,승용,남,35세,상해없음,승용,남,52세,경상
2014082200100383,2014년 8월 22일 15시,금요일,대전광역시 서구 만년동,중상사고,0,1,0,0,차대차 - 기타,안전운전불이행,건조,맑음,기타 - 기타,자전거,남,34세,상해없음,자전거,남,39세,중상
2014082200100467,2014년 8월 22일 17시,금요일,대전광역시 대덕구 송촌동,중상사고,0,1,0,0,차대차 - 기타,신호위반,건조,맑음,교차로 - 교차로안,화물,남,47세,상해없음,승용,여,36세,중상
2014082200100468,2014년 8월 22일 17시,금요일,대전광역시 서구 탄방동,경상사고,0,0,4,0,차대차 - 기타,안전운전불이행,건조,맑음,단일로 - 기타,승용,여,39세,상해없음,승용,남,60세,경상
2014082200100507,2014년 8월 22일 18시,금요일,대전광역시 중구 부사동,경상사고,0,0,1,0,차대차 - 추돌 - 진행중,안전운전불이행,건조,흐림,단일로 - 기타,승용,남,50세,상해없음,승용,남,26세,경상
2014082200100508,2014년 8월 22일 18시,금요일,대전광역시 대덕구 신탄진동,중상사고,0,1,0,0,차대사람 - 기타,안전운전불이행,건조,맑음,단일로 - 기타,승합,남,52세,상해없음,보행자,여,76세,중상
2014082200100541,2014년 8월 22일 19시,금요일,대전광역시 대덕구 덕암동,경상사고,0,0,4,0,차대차 - 측면직각충돌,차로위반,건조,맑음,단일로 - 기타,승용,남,22세,경상,승합,남,58세,상해없음
2014082200100558,2014년 8월 22일 19시,금요일,대전광역시 유성구 계산동,경상사고,0,0,1,0,차대차 - 기타,안전운전불이행,건조,맑음,교차로 - 교차로안,승용,남,33세,상해없음,자전거,남,11세,경상
2014082200100633,2014년 8월 22일 21시,금요일,대전광역시 서구 관저동,경상사고,0,0,1,0,차대차 - 기타,안전운전불이행,건조,맑음,교차로 - 교차로부근,승용,남,47세,상해없음,승용,남,21세,경상
2014082200100662,2014년 8월 22일 22시,금요일,대전광역시 대덕구 목상동,중상사고,0,2,3,0,차대차 - 추돌 - 진행중,안전운전불이행,건조,맑음,단일로 - 기타,승용,남,34세,경상,화물,남,52세,상해없음
2014082200100672,2014년 8월 22일 22시,금요일,대전광역시 서구 용문동,경상사고,0,0,1,0,차대차 - 기타,신호위반,건조,맑음,교차로 - 교차로안,승용,남,33세,상해없음,이륜,남,22세,경상
2014082300100030,2014년 8월 23일 00시,토요일,대전광역시 유성구 반석동,중상사고,0,1,0,0,차대차 - 측면직각충돌,신호위반,건조,맑음,교차로 - 교차로안,화물,남,22세,상해없음,승용,남,43세,중상
2014082300100058,2014년 8월 23일 02시,토요일,대전광역시 서구 가수원동,경상사고,0,0,1,0,차대차 - 추돌 - 진행중,안전운전불이행,건조,맑음,단일로 - 기타,승용,남,24세,상해없음,승용,남,30세,경상
2014082300100104,2014년 8월 23일 05시,토요일,대전광역시 서구 변동,경상사고,0,0,1,0,차대사람 - 기타,안전운전불이행,건조,맑음,단일로 - 기타,승용,남,45세,상해없음,보행자,남,55세,경상
2014082300100118,2014년 8월 23일 06시,토요일,대전광역시 서구 월평동,경상사고,0,0,3,0,차대차 - 측면직각충돌,안전운전불이행,건조,맑음,교차로 - 교차로안,승용,남,28세,상해없음,승용,남,53세,경상
2014082300100225,2014년 8월 23일 10시,토요일,대전광역시 유성구 전민동,경상사고,0,0,1,0,차대차 - 기타,안전운전불이행,건조,맑음,단일로 - 기타,화물,남,33세,상해없음,승용,남,48세,경상
2014082300100248,2014년 8월 23일 11시,토요일,대전광역시 동구 대동,경상사고,0,0,1,0,차대차 - 추돌 - 주정차중,안전운전불이행,건조,맑음,단일로 - 기타,승용,여,52세,기타불명,승용,남,39세,경상
2014082300100249,2014년 8월 23일 11시,토요일,대전광역시 동구 정동,경상사고,0,0,1,0,차대차 - 기타,안전거리미확보,건조,맑음,교차로 - 교차로안,승용,남,55세,기타불명,원동기,남,26세,경상
2014082300100346,2014년 8월 23일 14시,토요일,대전광역시 중구 문화동,중상사고,0,1,0,0,차대사람 - 차도통행중,안전운전불이행,건조,맑음,단일로 - 기타,승용,남,57세,상해없음,보행자,남,13세,중상
2014082300100347,2014년 8월 23일 14시,토요일,대전광역시 유성구 용계동,경상사고,0,0,1,0,차대차 - 측면직각충돌,신호위반,건조,맑음,교차로 - 교차로안,승용,여,49세,상해없음,승용,남,28세,경상
2014082300100348,2014년 8월 23일 14시,토요일,대전광역시 서구 월평동,경상사고,0,0,3,0,차대차 - 추돌 - 주정차중,안전거리미확보,건조,맑음,교차로 - 교차로부근,승용,여,46세,상해없음,승용,남,43세,경상
2014082300100378,2014년 8월 23일 15시,토요일,대전광역시 유성구 봉명동,중상사고,0,1,1,0,차대차 - 기타,신호위반,건조,맑음,교차로 - 교차로안,승용,여,43세,상해없음,승용,남,69세,중상
2014082300100420,2014년 8월 23일 16시,토요일,대전광역시 서구 탄방동,중상사고,0,1,0,0,차대차 - 기타,신호위반,건조,맑음,교차로 - 교차로안,승용,남,63세,상해없음,승용,남,42세,중상
2014082300100454,2014년 8월 23일 17시,토요일,대전광역시 서구 둔산동,경상사고,0,0,1,0,차대차 - 추돌 - 주정차중,안전운전불이행,건조,맑음,단일로 - 기타,승용,남,51세,상해없음,승용,남,68세,상해없음
2014082300100488,2014년 8월 23일 18시,토요일,대전광역시 유성구 덕명동,경상사고,0,0,3,0,차대차 - 기타,안전운전불이행,건조,맑음,단일로 - 기타,승용,여,54세,상해없음,승용,남,29세,경상
2014082300100533,2014년 8월 23일 19시,토요일,대전광역시 유성구 봉명동,경상사고,0,0,8,0,차대차 - 기타,안전거리미확보,건조,맑음,교차로 - 교차로부근,승용,남,47세,상해없음,승용,여,25세,경상
2014082300100593,2014년 8월 23일 21시,토요일,대전광역시 대덕구 법동,경상사고,0,0,1,0,차대사람 - 기타,안전운전불이행,건조,맑음,단일로 - 기타,이륜,남,28세,상해없음,보행자,여,5세,경상
2014082300100624,2014년 8월 23일 22시,토요일,대전광역시 중구 부사동,경상사고,0,0,3,0,차대차 - 측면직각충돌,교차로운행방법위반,건조,흐림,교차로 - 교차로안,승용,여,57세,상해없음,승용,남,60세,경상
2014082300100653,2014년 8월 23일 23시,토요일,대전광역시 중구 옥계동,경상사고,0,0,1,0,차대차 - 측면직각충돌,안전거리미확보,건조,흐림,단일로 - 기타,승용,남,32세,상해없음,승용,남,34세,경상
2014082400100044,2014년 8월 24일 02시,일요일,대전광역시 서구 갈마동,경상사고,0,0,2,0,차대차 - 추돌 - 주정차중,안전운전불이행,건조,맑음,교차로 - 교차로부근,승용,남,29세,상해없음,승용,남,30세,경상
2014082400100056,2014년 8월 24일 03시,일요일,대전광역시 중구 문화동,중상사고,0,1,0,0,차대차 - 정면충돌,신호위반,건조,흐림,교차로 - 교차로안,원동기,남,19세,중상,승용,남,45세,상해없음
2014082400100103,2014년 8월 24일 07시,일요일,대전광역시 서구 가장동,중상사고,0,1,0,0,차대차 - 기타,안전운전불이행,건조,맑음,교차로 - 교차로부근,승용,기타불명,기타불명,기타불명,승용,남,55세,중상
2014082400100133,2014년 8월 24일 09시,일요일,대전광역시 서구 둔산동,경상사고,0,0,1,0,차대차 - 측면직각충돌,교차로운행방법위반,건조,맑음,교차로 - 교차로안,승용,남,34세,상해없음,승용,여,35세,경상
2014082400100237,2014년 8월 24일 13시,일요일,대전광역시 유성구 장대동,경상사고,0,0,11,0,차대차 - 추돌 - 진행중,안전운전불이행,건조,맑음,단일로 - 기타,승용,남,51세,상해없음,승용,남,21세,경상
2014082400100268,2014년 8월 24일 14시,일요일,대전광역시 서구 도마동,경상사고,0,0,1,0,차대차 - 기타,안전운전불이행,건조,맑음,단일로 - 기타,화물,남,48세,상해없음,승용,여,33세,경상
2014082400100326,2014년 8월 24일 16시,일요일,대전광역시 유성구 장대동,경상사고,0,0,1,1,차대차 - 기타,신호위반,건조,맑음,교차로 - 교차로안,승용,기타불명,기타불명,기타불명,승용,여,31세,경상
2014082400100352,2014년 8월 24일 17시,일요일,대전광역시 서구 도마동,경상사고,0,0,4,0,차대차 - 측면직각충돌,안전운전불이행,건조,맑음,교차로 - 교차로안,승용,남,57세,상해없음,승용,남,30세,경상
2014082400100381,2014년 8월 24일 18시,일요일,대전광역시 대덕구 석봉동,경상사고,0,0,1,0,차대차 - 추돌 - 주정차중,안전운전불이행,건조,맑음,단일로 - 기타,승용,남,47세,기타불명,승용,여,35세,경상
2014082400100423,2014년 8월 24일 19시,일요일,대전광역시 동구 판암동,경상사고,0,0,1,0,차량단독 - 기타,안전운전불이행,건조,맑음,단일로 - 기타,승합,남,53세,기타불명,,,,
2014082400100465,2014년 8월 24일 20시,일요일,대전광역시 중구 문화동,중상사고,0,1,0,0,차대사람 - 횡단중,안전운전불이행,습기,흐림,단일로 - 기타,승용,남,27세,상해없음,보행자,남,55세,중상
2014082400100466,2014년 8월 24일 20시,일요일,대전광역시 유성구 봉명동,경상사고,0,0,1,0,차대사람 - 기타,안전운전불이행,습기,비,단일로 - 기타,승용,남,57세,상해없음,보행자,여,24세,경상
2014082400100507,2014년 8월 24일 22시,일요일,대전광역시 대덕구 송촌동,경상사고,0,0,1,0,차대사람 - 보도통행중,안전운전불이행,건조,맑음,단일로 - 기타,승용,기타불명,30세,기타불명,보행자,남,30세,경상
2014082500100032,2014년 8월 25일 03시,월요일,대전광역시 유성구 장대동,경상사고,0,0,1,0,차대차 - 기타,안전운전불이행,습기,비,단일로 - 기타,승용,여,33세,상해없음,이륜,여,41세,경상
2014082500100058,2014년 8월 25일 05시,월요일,대전광역시 중구 태평동,중상사고,0,1,0,0,차대사람 - 횡단중,보행자보호의무위반,습기,비,단일로 - 기타,승용,여,62세,상해없음,보행자,여,72세,중상
2014082500100136,2014년 8월 25일 08시,월요일,대전광역시 대덕구 와동,경상사고,0,0,1,0,차량단독 - 전도전복,안전운전불이행,습기,비,단일로 - 기타,승용,남,48세,상해없음,,,,
2014082500100171,2014년 8월 25일 09시,월요일,대전광역시 중구 문화동,중상사고,0,1,1,0,차대차 - 추돌 - 진행중,안전운전불이행,습기,비,단일로 - 기타,승용,남,47세,상해없음,승용,남,58세,상해없음
2014082500100172,2014년 8월 25일 09시,월요일,대전광역시 동구 성남동,경상사고,0,0,1,0,차대차 - 추돌 - 주정차중,안전운전불이행,습기,비,교차로 - 교차로부근,승용,여,47세,상해없음,승용,여,58세,경상
2014082500100173,2014년 8월 25일 09시,월요일,대전광역시 서구 도마동,경상사고,0,0,1,0,차량단독 - 기타,기타,습기,비,단일로 - 기타,승합,남,50세,상해없음,,,,
2014082500100174,2014년 8월 25일 09시,월요일,대전광역시 유성구 봉명동,중상사고,0,1,0,0,차대사람 - 보도통행중,보행자보호의무위반,습기,비,교차로 - 교차로안,승용,여,21세,상해없음,보행자,여,76세,중상
2014082500100197,2014년 8월 25일 10시,월요일,대전광역시 서구 월평동,경상사고,0,0,1,0,차대사람 - 차도통행중,안전운전불이행,습기,비,교차로 - 교차로안,승용,여,47세,상해없음,보행자,남,65세,경상
2014082500100198,2014년 8월 25일 10시,월요일,대전광역시 서구 갈마동,경상사고,0,0,2,0,차대차 - 추돌 - 진행중,안전운전불이행,습기,비,단일로 - 기타,승용,남,24세,상해없음,승용,남,36세,경상
2014082500100277,2014년 8월 25일 13시,월요일,대전광역시 유성구 화암동,중상사고,0,1,0,0,차대차 - 추돌 - 주정차중,안전운전불이행,건조,맑음,단일로 - 기타,화물,남,60세,상해없음,화물,남,58세,상해없음
2014082500100290,2014년 8월 25일 13시,월요일,대전광역시 동구 판암동,경상사고,0,0,2,0,차대차 - 추돌 - 주정차중,안전운전불이행,습기,비,교차로 - 교차로부근,승용,남,50세,상해없음,승용,여,53세,경상
2014082500100432,2014년 8월 25일 17시,월요일,대전광역시 대덕구 비래동,경상사고,0,0,1,0,차대사람 - 기타,안전운전불이행,건조,맑음,교차로 - 교차로안,원동기,남,36세,상해없음,보행자,남,3세,경상
2014082500100433,2014년 8월 25일 17시,월요일,대전광역시 서구 월평동,중상사고,0,1,0,0,차대차 - 기타,안전운전불이행,건조,맑음,단일로 - 기타,이륜,남,60세,상해없음,자전거,남,63세,중상
2014082500100470,2014년 8월 25일 18시,월요일,대전광역시 중구 선화동,경상사고,0,0,4,0,차대차 - 추돌 - 진행중,안전거리미확보,건조,맑음,단일로 - 기타,승용,남,50세,경상,승용,남,64세,상해없음
2014082500100501,2014년 8월 25일 19시,월요일,대전광역시 유성구 봉명동,경상사고,0,0,2,0,차대차 - 측면직각충돌,교차로운행방법위반,습기,흐림,교차로 - 교차로안,승용,여,69세,상해없음,화물,남,50세,경상
2014082500100536,2014년 8월 25일 20시,월요일,대전광역시 유성구 구성동,경상사고,0,0,1,0,차대사람 - 기타,안전운전불이행,습기,흐림,단일로 - 기타,승용,남,62세,상해없음,보행자,여,55세,경상
2014082500100576,2014년 8월 25일 21시,월요일,대전광역시 중구 태평동,경상사고,0,0,1,0,차대차 - 추돌 - 주정차중,안전운전불이행,건조,맑음,단일로 - 기타,승용,남,62세,상해없음,화물,남,32세,경상
2014082500100577,2014년 8월 25일 21시,월요일,대전광역시 유성구 지족동,경상사고,0,0,2,0,차대차 - 정면충돌,중앙선침범,습기,흐림,단일로 - 기타,승용,여,41세,경상,화물,남,51세,경상
2014082500100607,2014년 8월 25일 22시,월요일,대전광역시 동구 삼성동,경상사고,0,0,2,0,차대차 - 기타,안전운전불이행,건조,맑음,단일로 - 기타,승용,여,30세,상해없음,화물,남,37세,경상
2014082500100608,2014년 8월 25일 22시,월요일,대전광역시 서구 도안동,중상사고,0,1,0,0,차대차 - 측면직각충돌,중앙선침범,건조,맑음,단일로 - 기타,승용,남,46세,상해없음,자전거,남,18세,중상
2014082500100609,2014년 8월 25일 22시,월요일,대전광역시 서구 도안동,경상사고,0,0,1,0,차대차 - 측면직각충돌,안전운전불이행,건조,맑음,교차로 - 교차로부근,승용,여,39세,상해없음,자전거,여,19세,경상
2014082500100610,2014년 8월 25일 22시,월요일,대전광역시 유성구 관평동,중상사고,0,2,0,0,차대차 - 측면직각충돌,안전운전불이행,건조,맑음,교차로 - 교차로안,승용,남,40세,상해없음,승용,남,44세,중상
2014082500100627,2014년 8월 25일 23시,월요일,대전광역시 서구 둔산동,경상사고,0,0,2,0,차대차 - 기타,안전운전불이행,습기,흐림,단일로 - 기타,승용,남,40세,상해없음,승용,남,53세,경상
2014082500100628,2014년 8월 25일 23시,월요일,대전광역시 서구 둔산동,중상사고,0,1,0,0,차대사람 - 횡단중,보행자보호의무위반,습기,흐림,단일로 - 기타,승용,남,46세,상해없음,보행자,여,45세,중상
2014082600100033,2014년 8월 26일 01시,화요일,대전광역시 서구 갈마동,경상사고,0,0,1,0,차대차 - 측면직각충돌,신호위반,건조,맑음,단일로 - 횡단보도상,승용,남,64세,상해없음,자전거,남,21세,경상
2014082600100068,2014년 8월 26일 04시,화요일,대전광역시 서구 가장동,중상사고,0,1,1,0,차대차 - 추돌 - 주정차중,안전운전불이행,건조,맑음,교차로 - 교차로부근,이륜,남,30세,중상,승용,남,56세,경상
2014082600100107,2014년 8월 26일 07시,화요일,대전광역시 중구 문화동,경상사고,0,0,1,0,차대차 - 추돌 - 주정차중,안전운전불이행,건조,맑음,교차로 - 교차로부근,승합,남,57세,상해없음,승용,여,21세,경상
2014082600100108,2014년 8월 26일 07시,화요일,대전광역시 서구 괴정동,중상사고,0,1,0,0,차대차 - 측면직각충돌,안전운전불이행,건조,맑음,교차로 - 교차로부근,자전거,남,67세,중상,승용,남,44세,상해없음
2014082600100109,2014년 8월 26일 07시,화요일,대전광역시 대덕구 상서동,경상사고,0,0,1,0,차대차 - 측면직각충돌,안전운전불이행,건조,맑음,단일로 - 기타,승용,남,43세,상해없음,승용,남,29세,경상
2014082600100142,2014년 8월 26일 08시,화요일,대전광역시 대덕구 대화동,경상사고,0,0,1,0,차대차 - 측면직각충돌,안전운전불이행,건조,맑음,교차로 - 교차로안,승용,여,47세,상해없음,자전거,여,45세,경상
2014082600100178,2014년 8월 26일 09시,화요일,대전광역시 중구 산성동,중상사고,0,1,0,0,차대차 - 측면직각충돌,안전운전불이행,습기,비,단일로 - 횡단보도상,승용,여,43세,상해없음,자전거,남,80세,중상
2014082600100179,2014년 8월 26일 09시,화요일,대전광역시 중구 옥계동,경상사고,0,0,1,0,차대차 - 측면직각충돌,안전운전불이행,건조,맑음,단일로 - 기타,승용,여,45세,상해없음,자전거,남,63세,경상
2014082600100204,2014년 8월 26일 10시,화요일,대전광역시 서구 월평동,중상사고,0,1,0,0,차대차 - 기타,안전거리미확보,건조,맑음,교차로 - 교차로부근,승용,남,21세,상해없음,승용,여,36세,중상
2014082600100324,2014년 8월 26일 14시,화요일,대전광역시 동구 판암동,경상사고,0,0,1,0,차대사람 - 기타,안전운전불이행,건조,맑음,단일로 - 기타,원동기,남,46세,상해없음,보행자,여,63세,경상
2014082600100413,2014년 8월 26일 16시,화요일,대전광역시 중구 오류동,중상사고,0,1,0,0,차대차 - 추돌 - 진행중,안전거리미확보,건조,맑음,단일로 - 기타,승용,남,36세,상해없음,승용,여,47세,중상
2014082600100414,2014년 8월 26일 16시,화요일,대전광역시 동구 신흥동,중상사고,0,1,0,0,차대사람 - 기타,안전운전불이행,건조,맑음,단일로 - 기타,승용,남,41세,상해없음,보행자,남,51세,중상
2014082600100415,2014년 8월 26일 16시,화요일,대전광역시 서구 도마동,경상사고,0,0,1,0,차량단독 - 기타,기타,건조,맑음,단일로 - 기타,승합,남,52세,상해없음,,,,
2014082600100457,2014년 8월 26일 17시,화요일,대전광역시 중구 산성동,경상사고,0,0,2,0,차대차 - 추돌 - 진행중,안전운전불이행,건조,맑음,단일로 - 기타,화물,남,54세,상해없음,승용,남,29세,경상
2014082600100458,2014년 8월 26일 17시,화요일,대전광역시 중구 산성동,중상사고,0,1,0,0,차대사람 - 횡단중,안전운전불이행,건조,맑음,단일로 - 기타,승용,남,62세,상해없음,보행자,남,7세,중상
2014082600100459,2014년 8월 26일 17시,화요일,대전광역시 서구 관저동,경상사고,0,0,3,0,차대차 - 측면직각충돌,안전운전불이행,건조,맑음,단일로 - 기타,승용,여,59세,상해없음,승용,남,36세,경상
2014082600100460,2014년 8월 26일 17시,화요일,대전광역시 유성구 죽동,부상신고사고,0,0,0,1,차대차 - 추돌 - 진행중,안전거리미확보,건조,맑음,교차로 - 교차로부근,승용,남,54세,상해없음,승용,여,48세,부상신고
2014082600100550,2014년 8월 26일 19시,화요일,대전광역시 대덕구 장동,중상사고,0,1,0,0,차대차 - 측면직각충돌,안전운전불이행,건조,맑음,단일로 - 기타,화물,남,48세,상해없음,화물,남,43세,중상
2014082600100551,2014년 8월 26일 19시,화요일,대전광역시 서구 둔산동,경상사고,0,0,1,0,차대사람 - 횡단중,안전운전불이행,건조,맑음,단일로 - 기타,승용,남,26세,상해없음,보행자,남,6세,경상
2014082600100552,2014년 8월 26일 19시,화요일,대전광역시 서구 둔산동,중상사고,0,1,0,0,차대차 - 기타,안전운전불이행,건조,맑음,교차로 - 교차로부근,승용,남,47세,상해없음,승용,남,66세,중상
2014082600100621,2014년 8월 26일 21시,화요일,대전광역시 중구 태평동,중상사고,0,1,0,0,차대차 - 기타,중앙선침범,건조,맑음,단일로 - 기타,승용,남,67세,상해없음,원동기,남,22세,중상
2014082600100660,2014년 8월 26일 22시,화요일,대전광역시 서구 갈마동,경상사고,0,0,1,0,차대사람 - 기타,기타,건조,맑음,단일로 - 기타,승합,남,48세,상해없음,보행자,여,42세,경상
2014082600100683,2014년 8월 26일 23시,화요일,대전광역시 서구 도마동,중상사고,0,1,0,0,차대사람 - 기타,안전운전불이행,건조,맑음,기타 - 기타,화물,남,70세,상해없음,보행자,남,50세,중상
2014082600100684,2014년 8월 26일 23시,화요일,대전광역시 서구 갈마동,중상사고,0,1,1,0,차대차 - 정면충돌,신호위반,건조,맑음,교차로 - 교차로안,승용,남,58세,상해없음,승용,남,30세,경상
2014082700100017,2014년 8월 27일 00시,수요일,대전광역시 동구 용전동,중상사고,0,1,0,0,차대차 - 기타,중앙선침범,건조,맑음,단일로 - 횡단보도부근,승용,남,30세,상해없음,이륜,남,22세,중상
2014082700100018,2014년 8월 27일 00시,수요일,대전광역시 유성구 도룡동,경상사고,0,0,1,0,차대차 - 측면직각충돌,신호위반,건조,맑음,교차로 - 교차로안,승용,여,27세,상해없음,승합,남,57세,상해없음
2014082700100072,2014년 8월 27일 06시,수요일,대전광역시 동구 용전동,경상사고,0,0,1,0,차대차 - 기타,안전운전불이행,건조,맑음,단일로 - 기타,승용,남,33세,상해없음,승합,남,60세,경상
2014082700100073,2014년 8월 27일 06시,수요일,대전광역시 서구 정림동,중상사고,0,1,0,0,차대차 - 기타,안전운전불이행,건조,맑음,교차로 - 교차로안,승합,남,60세,상해없음,승합,남,59세,중상
2014082700100103,2014년 8월 27일 07시,수요일,대전광역시 동구 인동,중상사고,0,1,0,0,차대차 - 기타,교차로운행방법위반,건조,맑음,교차로 - 교차로안,승용,남,66세,상해없음,원동기,남,57세,중상
2014082700100135,2014년 8월 27일 08시,수요일,대전광역시 동구 정동,경상사고,0,0,1,0,차량단독 - 기타,안전운전불이행,건조,맑음,단일로 - 기타,승용,남,58세,상해없음,,,,
2014082700100136,2014년 8월 27일 08시,수요일,대전광역시 대덕구 송촌동,중상사고,0,1,1,0,차대차 - 추돌 - 주정차중,안전운전불이행,건조,맑음,교차로 - 교차로부근,원동기,남,18세,경상,승용,남,61세,상해없음
2014082700100225,2014년 8월 27일 11시,수요일,대전광역시 중구 오류동,경상사고,0,0,2,0,차대차 - 추돌 - 진행중,안전운전불이행,건조,맑음,교차로 - 교차로부근,승용,남,66세,상해없음,승용,여,31세,경상
2014082700100370,2014년 8월 27일 15시,수요일,대전광역시 서구 갈마동,경상사고,0,0,1,0,차대사람 - 횡단중,보행자보호의무위반,건조,맑음,단일로 - 횡단보도상,승용,남,41세,상해없음,보행자,여,56세,경상
2014082700100371,2014년 8월 27일 15시,수요일,대전광역시 유성구 원신흥동,경상사고,0,0,1,0,차대차 - 기타,안전운전불이행,건조,맑음,단일로 - 기타,승용,남,81세,상해없음,승용,남,51세,경상
2014082700100407,2014년 8월 27일 16시,수요일,대전광역시 중구 용두동,경상사고,0,0,1,0,차대사람 - 횡단중,보행자보호의무위반,건조,맑음,교차로 - 교차로부근,승용,남,46세,기타불명,보행자,여,21세,경상
2014082700100457,2014년 8월 27일 17시,수요일,대전광역시 대덕구 법동,중상사고,0,1,0,0,차대차 - 측면직각충돌,신호위반,건조,맑음,교차로 - 교차로부근,승합,남,43세,상해없음,자전거,남,15세,중상
2014082700100458,2014년 8월 27일 17시,수요일,대전광역시 유성구 장대동,경상사고,0,0,1,0,차대차 - 기타,안전운전불이행,건조,맑음,단일로 - 기타,원동기,남,69세,상해없음,승용,남,43세,상해없음
2014082700100506,2014년 8월 27일 18시,수요일,대전광역시 중구 안영동,경상사고,0,0,1,0,차대차 - 측면직각충돌,안전운전불이행,건조,맑음,교차로 - 교차로안,승용,남,74세,상해없음,승용,남,36세,경상
2014082700100507,2014년 8월 27일 18시,수요일,대전광역시 유성구 탑립동,경상사고,0,0,1,0,차대차 - 기타,불법유턴,건조,맑음,교차로 - 교차로부근,승용,남,53세,상해없음,승용,여,47세,경상
2014082700100584,2014년 8월 27일 20시,수요일,대전광역시 동구 가양동,경상사고,0,0,1,0,차대차 - 추돌 - 진행중,안전운전불이행,건조,맑음,단일로 - 기타,승용,남,31세,상해없음,이륜,남,33세,경상
2014082700100585,2014년 8월 27일 20시,수요일,대전광역시 서구 갈마동,경상사고,0,0,1,0,차대사람 - 횡단중,보행자보호의무위반,건조,맑음,교차로 - 교차로안,승용,남,65세,상해없음,보행자,여,53세,경상