사고번호,사고일시,요일,시군구,사고내용,사망자수,중상자수,경상자수,부상신고자수,사고유형,법규위반,노면상태,기상상태,도로형태,가해운전자 차종,가해운전자 성별,가해운전자 연령,가해운전자 상해정도,피해운전자 차종,피해운전자 성별,피해운전자 연령,피해운전자 상해정도
2014082700100650,2014년 8월 27일 22시,수요일,대전광역시 동구 원동,경상사고,0,0,1,0,차대차 - 추돌 - 진행중,안전운전불이행,건조,맑음,교차로 - 교차로부근,승용,남,29세,상해없음,승용,남,29세,경상
2014082800100119,2014년 8월 28일 07시,목요일,대전광역시 동구 가양동,경상사고,0,0,2,0,차대차 - 추돌 - 진행중,안전운전불이행,건조,맑음,교차로 - 교차로부근,승용,여,24세,상해없음,승용,남,31세,경상
2014082800100154,2014년 8월 28일 08시,목요일,대전광역시 중구 대흥동,중상사고,0,1,0,0,차대차 - 측면직각충돌,안전운전불이행,건조,맑음,단일로 - 기타,승용,남,30세,상해없음,자전거,남,75세,중상
2014082800100155,2014년 8월 28일 08시,목요일,대전광역시 중구 유천동,중상사고,0,1,0,0,차대차 - 추돌 - 진행중,신호위반,건조,맑음,교차로 - 교차로안,화물,남,55세,상해없음,원동기,남,60세,중상
2014082800100156,2014년 8월 28일 08시,목요일,대전광역시 동구 홍도동,경상사고,0,0,2,0,차대차 - 추돌 - 진행중,안전거리미확보,건조,맑음,단일로 - 기타,승용,남,64세,상해없음,승용,여,55세,경상
2014082800100157,2014년 8월 28일 08시,목요일,대전광역시 동구 용전동,중상사고,0,1,0,0,차량단독 - 기타,안전운전불이행,건조,맑음,단일로 - 기타,승합,남,53세,상해없음,,,,
2014082800100158,2014년 8월 28일 08시,목요일,대전광역시 서구 둔산동,경상사고,0,0,1,0,차대사람 - 기타,안전운전불이행,건조,맑음,기타 - 기타,승용,여,39세,상해없음,보행자,여,14세,경상
2014082800100211,2014년 8월 28일 10시,목요일,대전광역시 유성구 봉명동,경상사고,0,0,2,0,차대차 - 기타,안전거리미확보,건조,맑음,단일로 - 기타,승용,남,36세,상해없음,원동기,남,17세,경상
2014082800100261,2014년 8월 28일 12시,목요일,대전광역시 서구 둔산동,중상사고,0,1,1,0,차대차 - 기타,신호위반,건조,맑음,교차로 - 교차로안,원동기,남,22세,경상,자전거,여,61세,중상
2014082800100298,2014년 8월 28일 13시,목요일,대전광역시 서구 갈마동,경상사고,0,0,1,0,차량단독 - 기타,안전운전불이행,건조,맑음,단일로 - 기타,승합,남,58세,상해없음,,,,
2014082800100333,2014년 8월 28일 14시,목요일,대전광역시 동구 원동,중상사고,0,1,0,0,차대사람 - 횡단중,안전운전불이행,건조,맑음,단일로 - 횡단보도상,승용,남,65세,상해없음,보행자,여,75세,중상
2014082800100371,2014년 8월 28일 15시,목요일,대전광역시 서구 관저동,경상사고,0,0,1,0,차대차 - 측면직각충돌,안전운전불이행,건조,맑음,단일로 - 기타,승용,여,33세,상해없음,승용,여,28세,경상
2014082800100410,2014년 8월 28일 16시,목요일,대전광역시 동구 원동,경상사고,0,0,1,0,차대사람 - 기타,보행자보호의무위반,건조,맑음,단일로 - 기타,승용,남,79세,상해없음,보행자,여,59세,경상
2014082800100450,2014년 8월 28일 17시,목요일,대전광역시 대덕구 법동,중상사고,0,1,0,0,차대사람 - 기타,중앙선침범,건조,맑음,단일로 - 기타,자전거,남,14세,상해없음,보행자,여,66세,중상
2014082800100451,2014년 8월 28일 17시,목요일,대전광역시 유성구 관평동,중상사고,0,1,0,0,차대차 - 기타,신호위반,건조,맑음,교차로 - 교차로안,승용,남,32세,상해없음,승용,여,45세,중상
2014082800100612,2014년 8월 28일 21시,목요일,대전광역시 서구 괴정동,경상사고,0,0,3,0,차대차 - 기타,안전운전불이행,건조,맑음,단일로 - 기타,승용,남,47세,상해없음,승용,남,48세,경상
2014082800100613,2014년 8월 28일 21시,목요일,대전광역시 대덕구 오정동,경상사고,0,0,3,0,차대차 - 추돌 - 주정차중,안전운전불이행,건조,맑음,교차로 - 교차로부근,승용,남,33세,상해없음,승용,남,29세,경상
2014082800100642,2014년 8월 28일 22시,목요일,대전광역시 대덕구 오정동,중상사고,0,1,0,0,차대차 - 추돌 - 주정차중,안전운전불이행,건조,맑음,교차로 - 교차로부근,승용,여,47세,상해없음,원동기,남,26세,중상
2014082800100663,2014년 8월 28일 23시,목요일,대전광역시 동구 인동,중상사고,0,1,0,0,차대사람 - 횡단중,안전운전불이행,건조,맑음,단일로 - 기타,승용,남,26세,상해없음,보행자,남,56세,중상
2014082800100664,2014년 8월 28일 23시,목요일,대전광역시 대덕구 신탄진동,중상사고,0,1,0,0,차대차 - 측면직각충돌,안전운전불이행,건조,맑음,단일로 - 기타,승용,남,49세,상해없음,원동기,남,49세,중상
2014082800100665,2014년 8월 28일 23시,목요일,대전광역시 서구 월평동,중상사고,0,1,0,0,차대사람 - 기타,안전운전불이행,건조,맑음,기타 - 기타,자전거,남,25세,상해없음,보행자,여,38세,중상
2014082900100011,2014년 8월 29일 00시,금요일,대전광역시 동구 정동,경상사고,0,0,1,0,차대차 - 측면직각충돌,안전운전불이행,건조,맑음,단일로 - 기타,승용,남,65세,상해없음,승용,남,56세,상해없음
2014082900100012,2014년 8월 29일 00시,금요일,대전광역시 서구 둔산동,경상사고,0,0,1,0,차대사람 - 기타,안전운전불이행,건조,맑음,단일로 - 기타,승용,남,21세,상해없음,보행자,남,23세,경상
2014082900100013,2014년 8월 29일 00시,금요일,대전광역시 서구 탄방동,경상사고,0,0,1,0,차대차 - 측면직각충돌,중앙선침범,건조,맑음,단일로 - 기타,승용,기타불명,기타불명,기타불명,승용,여,36세,경상
2014082900100014,2014년 8월 29일 00시,금요일,대전광역시 유성구 자운동,경상사고,0,0,1,0,차대차 - 기타,안전거리미확보,건조,맑음,교차로 - 교차로부근,승용,남,70세,상해없음,승용,남,27세,경상
2014082900100058,2014년 8월 29일 04시,금요일,대전광역시 동구 용전동,경상사고,0,0,2,0,차대차 - 추돌 - 주정차중,안전운전불이행,건조,맑음,단일로 - 기타,승용,남,37세,상해없음,승용,남,56세,경상
2014082900100070,2014년 8월 29일 05시,금요일,대전광역시 동구 가오동,경상사고,0,0,1,0,차대차 - 정면충돌,신호위반,건조,맑음,교차로 - 교차로안,승용,여,37세,상해없음,승용,여,52세,경상
2014082900100203,2014년 8월 29일 10시,금요일,대전광역시 서구 복수동,경상사고,0,0,1,0,차대차 - 기타,안전운전불이행,건조,맑음,기타 - 기타,승용,남,24세,상해없음,승용,여,49세,경상
2014082900100204,2014년 8월 29일 10시,금요일,대전광역시 대덕구 오정동,경상사고,0,0,2,0,차대차 - 기타,안전운전불이행,건조,맑음,단일로 - 기타,승용,남,46세,상해없음,승용,남,64세,경상
2014082900100205,2014년 8월 29일 10시,금요일,대전광역시 서구 갈마동,경상사고,0,0,2,0,차대차 - 정면충돌,안전운전불이행,건조,맑음,기타 - 기타,승용,남,32세,상해없음,승용,남,67세,경상
2014082900100262,2014년 8월 29일 12시,금요일,대전광역시 대덕구 오정동,경상사고,0,0,1,0,차대차 - 기타,안전운전불이행,건조,맑음,단일로 - 기타,승용,남,74세,기타불명,이륜,남,28세,경상
2014082900100373,2014년 8월 29일 15시,금요일,대전광역시 동구 홍도동,중상사고,0,1,1,0,차대차 - 추돌 - 주정차중,안전거리미확보,건조,맑음,단일로 - 교량,승용,남,39세,상해없음,승용,남,38세,중상
2014082900100374,2014년 8월 29일 15시,금요일,대전광역시 동구 중동,경상사고,0,0,1,0,차대사람 - 횡단중,신호위반,건조,맑음,단일로 - 횡단보도상,이륜,남,72세,기타불명,보행자,남,70세,경상
2014082900100375,2014년 8월 29일 15시,금요일,대전광역시 서구 가수원동,중상사고,0,1,0,0,차량단독 - 기타,안전운전불이행,건조,맑음,단일로 - 기타,승합,남,64세,상해없음,,,,
2014082900100413,2014년 8월 29일 16시,금요일,대전광역시 중구 대흥동,경상사고,0,0,1,0,차대사람 - 횡단중,보행자보호의무위반,건조,맑음,단일로 - 횡단보도상,원동기,남,30세,상해없음,보행자,남,72세,경상
2014082900100414,2014년 8월 29일 16시,금요일,대전광역시 중구 산성동,중상사고,0,1,0,0,차대차 - 측면직각충돌,안전운전불이행,건조,맑음,단일로 - 횡단보도상,승용,남,63세,상해없음,자전거,남,81세,중상
2014082900100415,2014년 8월 29일 16시,금요일,대전광역시 서구 변동,경상사고,0,0,2,0,차대차 - 기타,안전운전불이행,건조,맑음,단일로 - 기타,승용,여,40세,기타불명,자전거,남,13세,경상
2014082900100416,2014년 8월 29일 16시,금요일,대전광역시 유성구 화암동,중상사고,0,1,2,0,차대차 - 추돌 - 진행중,안전거리미확보,건조,맑음,교차로 - 교차로안,승용,남,51세,상해없음,승용,여,32세,경상
2014082900100417,2014년 8월 29일 16시,금요일,대전광역시 서구 둔산동,경상사고,0,0,2,0,차대차 - 추돌 - 주정차중,안전운전불이행,건조,맑음,교차로 - 교차로부근,승용,남,19세,상해없음,승용,남,48세,경상
2014082900100467,2014년 8월 29일 17시,금요일,대전광역시 중구 태평동,경상사고,0,0,1,0,차대차 - 측면직각충돌,안전운전불이행,건조,맑음,단일로 - 횡단보도상,승용,남,58세,상해없음,자전거,남,82세,경상
2014082900100468,2014년 8월 29일 17시,금요일,대전광역시 서구 내동,경상사고,0,0,1,0,차대차 - 기타,교차로운행방법위반,건조,맑음,교차로 - 교차로안,원동기,남,28세,상해없음,자전거,남,48세,경상
2014082900100512,2014년 8월 29일 18시,금요일,대전광역시 중구 대흥동,경상사고,0,0,1,0,차대사람 - 기타,안전운전불이행,건조,맑음,단일로 - 기타,승용,남,72세,상해없음,보행자,여,23세,경상
2014082900100554,2014년 8월 29일 19시,금요일,대전광역시 대덕구 읍내동,경상사고,0,0,1,0,차대차 - 추돌 - 진행중,안전운전불이행,건조,맑음,단일로 - 기타,승용,남,30세,기타불명,승용,여,47세,경상
2014082900100555,2014년 8월 29일 19시,금요일,대전광역시 유성구 봉명동,경상사고,0,0,1,0,차대차 - 추돌 - 주정차중,안전운전불이행,건조,맑음,교차로 - 교차로부근,승용,남,28세,상해없음,승용,여,34세,경상
2014082900100635,2014년 8월 29일 21시,금요일,대전광역시 중구 대흥동,경상사고,0,0,4,0,차대차 - 추돌 - 진행중,안전운전불이행,건조,맑음,교차로 - 교차로부근,승용,남,39세,상해없음,승용,남,26세,경상
2014082900100636,2014년 8월 29일 21시,금요일,대전광역시 대덕구 석봉동,경상사고,0,0,1,0,차대차 - 정면충돌,중앙선침범,건조,맑음,단일로 - 기타,승용,남,71세,상해없음,이륜,남,36세,경상
2014082900100730,2014년 8월 29일 23시,금요일,대전광역시 유성구 봉명동,경상사고,0,0,1,0,차대사람 - 기타,보행자보호의무위반,건조,맑음,교차로 - 교차로안,승용,남,54세,상해없음,보행자,남,25세,경상
2014083000100027,2014년 8월 30일 00시,토요일,대전광역시 동구 중동,중상사고,0,1,0,0,차대차 - 정면충돌,신호위반,건조,맑음,교차로 - 교차로안,승용,남,61세,상해없음,이륜,남,24세,중상
2014083000100028,2014년 8월 30일 00시,토요일,대전광역시 유성구 송강동,경상사고,0,0,3,0,차대차 - 기타,교차로운행방법위반,건조,맑음,교차로 - 교차로안,승용,남,48세,경상,승용,남,64세,경상
2014083000100056,2014년 8월 30일 01시,토요일,대전광역시 서구 월평동,중상사고,0,1,2,0,차대차 - 기타,신호위반,건조,맑음,교차로 - 교차로안,화물,남,51세,상해없음,승용,남,39세,경상
2014083000100057,2014년 8월 30일 01시,토요일,대전광역시 서구 만년동,중상사고,0,1,1,0,차대차 - 측면직각충돌,안전운전불이행,건조,맑음,교차로 - 교차로안,승용,남,49세,상해없음,승용,여,43세,중상
2014083000100077,2014년 8월 30일 02시,토요일,대전광역시 서구 변동,중상사고,0,3,0,0,차대차 - 측면직각충돌,교차로운행방법위반,건조,맑음,교차로 - 교차로안,승용,여,27세,중상,승용,남,65세,중상
2014083000100113,2014년 8월 30일 04시,토요일,대전광역시 서구 둔산동,경상사고,0,0,3,0,차대차 - 기타,안전운전불이행,건조,맑음,단일로 - 기타,승용,남,31세,상해없음,승용,남,57세,경상
2014083000100114,2014년 8월 30일 04시,토요일,대전광역시 유성구 구암동,경상사고,0,0,1,0,차대차 - 기타,중앙선침범,건조,맑음,단일로 - 기타,승용,남,48세,상해없음,화물,남,32세,경상
2014083000100146,2014년 8월 30일 06시,토요일,대전광역시 유성구 관평동,경상사고,0,0,1,0,차량단독 - 기타,기타,건조,맑음,단일로 - 기타,승합,남,52세,상해없음,,,,
2014083000100168,2014년 8월 30일 07시,토요일,대전광역시 동구 대동,경상사고,0,0,1,0,차대차 - 측면직각충돌,교차로운행방법위반,건조,맑음,교차로 - 교차로안,승용,남,62세,상해없음,화물,남,59세,경상
2014083000100241,2014년 8월 30일 09시,토요일,대전광역시 대덕구 대화동,부상신고사고,0,0,0,1,차대사람 - 기타,안전운전불이행,건조,맑음,단일로 - 기타,자전거,남,38세,상해없음,보행자,여,67세,부상신고
2014083000100242,2014년 8월 30일 09시,토요일,대전광역시 서구 탄방동,경상사고,0,0,1,0,차대차 - 기타,안전운전불이행,건조,맑음,단일로 - 기타,승용,기타불명,기타불명,기타불명,승합,남,50세,상해없음
2014083000100309,2014년 8월 30일 11시,토요일,대전광역시 중구 부사동,중상사고,0,1,0,0,차대사람 - 기타,안전운전불이행,건조,맑음,단일로 - 기타,승용,남,59세,상해없음,보행자,남,5세,중상
2014083000100503,2014년 8월 30일 16시,토요일,대전광역시 동구 가오동,경상사고,0,0,1,0,차대차 - 측면직각충돌,교차로운행방법위반,건조,맑음,교차로 - 교차로안,승용,남,26세,상해없음,자전거,여,70세,경상
2014083000100504,2014년 8월 30일 16시,토요일,대전광역시 동구 성남동,경상사고,0,0,3,0,차대차 - 추돌 - 주정차중,안전운전불이행,건조,맑음,교차로 - 교차로부근,승용,여,52세,상해없음,승용,여,32세,경상
2014083000100505,2014년 8월 30일 16시,토요일,대전광역시 서구 둔산동,경상사고,0,0,1,0,차대차 - 추돌 - 진행중,차로위반,건조,맑음,미분류 - 미분류,건설기계,남,48세,상해없음,화물,남,56세,경상
2014083000100546,2014년 8월 30일 17시,토요일,대전광역시 동구 원동,경상사고,0,0,1,0,차대차 - 추돌 - 주정차중,안전운전불이행,건조,맑음,교차로 - 교차로부근,화물,남,53세,상해없음,승용,여,57세,경상
2014083000100586,2014년 8월 30일 18시,토요일,대전광역시 서구 내동,경상사고,0,0,3,0,차대차 - 추돌 - 진행중,안전운전불이행,건조,맑음,교차로 - 교차로안,승용,남,64세,상해없음,승용,여,39세,경상
2014083000100587,2014년 8월 30일 18시,토요일,대전광역시 유성구 구암동,경상사고,0,0,1,0,차대차 - 기타,안전운전불이행,건조,맑음,교차로 - 교차로부근,승용,남,64세,상해없음,화물,남,51세,경상
2014083000100626,2014년 8월 30일 19시,토요일,대전광역시 대덕구 신탄진동,경상사고,0,0,1,0,차대차 - 기타,안전운전불이행,건조,맑음,교차로 - 교차로부근,승용,남,57세,상해없음,이륜,남,24세,경상
2014083000100689,2014년 8월 30일 21시,토요일,대전광역시 대덕구 중리동,사망사고,1,0,0,0,차대차 - 기타,신호위반,건조,맑음,교차로 - 교차로안,승용,여,48세,상해없음,이륜,남,66세,사망
2014083000100729,2014년 8월 30일 22시,토요일,대전광역시 동구 대별동,중상사고,0,1,0,0,차대사람 - 길가장자리구역통행중,안전운전불이행,건조,맑음,단일로 - 기타,승용,남,40세,상해없음,보행자,여,55세,중상
2014083000100730,2014년 8월 30일 22시,토요일,대전광역시 서구 용문동,중상사고,0,1,1,0,차대차 - 기타,신호위반,건조,맑음,단일로 - 기타,승용,남,57세,상해없음,승용,남,53세,중상
2014083000100731,2014년 8월 30일 22시,토요일,대전광역시 유성구 상대동,경상사고,0,0,1,0,차대차 - 추돌 - 진행중,신호위반,건조,맑음,교차로 - 교차로안,승용,남,49세,상해없음,승용,여,36세,경상
2014083100100070,2014년 8월 31일 04시,일요일,대전광역시 대덕구 덕암동,중상사고,0,2,0,0,차대차 - 정면충돌,중앙선침범,건조,맑음,단일로 - 기타,승용,남,27세,상해없음,승용,남,33세,중상
2014083100100082,2014년 8월 31일 05시,일요일,대전광역시 중구 유천동,중상사고,0,1,0,0,차대차 - 기타,안전운전불이행,건조,맑음,단일로 - 기타,승용,남,43세,상해없음,자전거,여,71세,중상
2014083100100083,2014년 8월 31일 05시,일요일,대전광역시 동구 용전동,중상사고,0,1,0,0,차대사람 - 횡단중,보행자보호의무위반,건조,맑음,단일로 - 횡단보도상,승용,남,32세,상해없음,보행자,남,81세,중상
2014083100100168,2014년 8월 31일 10시,일요일,대전광역시 중구 태평동,중상사고,0,1,0,0,차대사람 - 차도통행중,안전운전불이행,건조,맑음,단일로 - 기타,승용,남,50세,상해없음,보행자,남,66세,중상
2014083100100224,2014년 8월 31일 12시,일요일,대전광역시 서구 만년동,경상사고,0,0,1,0,차대차 - 기타,안전운전불이행,건조,맑음,교차로 - 교차로부근,승용,남,68세,상해없음,원동기,남,25세,경상
2014083100100360,2014년 8월 31일 16시,일요일,대전광역시 중구 태평동,경상사고,0,0,1,0,차대차 - 추돌 - 주정차중,안전운전불이행,건조,맑음,기타 - 기타,승용,남,62세,상해없음,승용,남,40세,상해없음
2014083100100361,2014년 8월 31일 16시,일요일,대전광역시 동구 하소동,중상사고,0,2,0,0,차대사람 - 차도통행중,안전운전불이행,건조,맑음,단일로 - 기타,승용,남,22세,상해없음,보행자,여,36세,중상
2014083100100362,2014년 8월 31일 16시,일요일,대전광역시 유성구 장대동,경상사고,0,0,1,0,차대차 - 기타,신호위반,건조,맑음,교차로 - 교차로안,특수,남,30세,기타불명,승용,남,49세,경상
2014083100100459,2014년 8월 31일 19시,일요일,대전광역시 서구 도마동,경상사고,0,0,1,0,차대차 - 기타,안전운전불이행,건조,맑음,교차로 - 교차로안,승용,남,52세,상해없음,이륜,남,26세,경상
2014083100100514,2014년 8월 31일 21시,일요일,대전광역시 유성구 도룡동,중상사고,0,1,1,0,차대차 - 기타,안전거리미확보,건조,맑음,단일로 - 기타,승용,남,54세,상해없음,승용,남,35세,중상
2014090100100011,2014년 9월 1일 00시,월요일,대전광역시 서구 만년동,중상사고,0,1,4,0,차대차 - 기타,안전운전불이행,건조,맑음,교차로 - 교차로부근,승용,남,40세,상해없음,승용,남,33세,중상
2014090100100038,2014년 9월 1일 03시,월요일,대전광역시 중구 선화동,경상사고,0,0,1,0,차대차 - 측면직각충돌,신호위반,건조,맑음,교차로 - 교차로안,승용,남,24세,상해없음,승용,남,62세,경상
2014090100100047,2014년 9월 1일 04시,월요일,대전광역시 서구 월평동,중상사고,0,1,0,0,차대차 - 기타,안전운전불이행,건조,맑음,단일로 - 기타,승용,남,24세,상해없음,승용,여,57세,중상
2014090100100055,2014년 9월 1일 05시,월요일,대전광역시 대덕구 오정동,경상사고,0,0,1,0,차대차 - 측면직각충돌,신호위반,건조,맑음,교차로 - 교차로안,화물,남,37세,기타불명,승용,남,65세,경상
2014090100100096,2014년 9월 1일 07시,월요일,대전광역시 서구 월평동,경상사고,0,0,1,1,차대차 - 추돌 - 주정차중,안전거리미확보,건조,맑음,단일로 - 기타,승용,남,26세,상해없음,승용,여,47세,경상
2014090100100145,2014년 9월 1일 08시,월요일,대전광역시 동구 가양동,경상사고,0,0,1,0,차대차 - 측면직각충돌,안전운전불이행,건조,맑음,교차로 - 교차로안,승용,여,38세,상해없음,원동기,남,30세,경상
2014090100100181,2014년 9월 1일 09시,월요일,대전광역시 중구 대사동,중상사고,0,1,0,0,차대차 - 측면직각충돌,차로위반,건조,맑음,단일로 - 기타,승용,남,65세,상해없음,원동기,남,73세,중상
2014090100100247,2014년 9월 1일 11시,월요일,대전광역시 동구 낭월동,중상사고,0,1,0,0,차대사람 - 횡단중,안전운전불이행,건조,맑음,교차로 - 교차로안,승합,남,51세,상해없음,보행자,여,76세,중상
2014090100100283,2014년 9월 1일 12시,월요일,대전광역시 서구 변동,경상사고,0,0,3,0,차대차 - 추돌 - 주정차중,안전운전불이행,건조,맑음,교차로 - 교차로부근,승용,남,58세,상해없음,승용,여,31세,경상
2014090100100311,2014년 9월 1일 13시,월요일,대전광역시 중구 문창동,경상사고,0,0,1,0,차대차 - 측면직각충돌,기타,건조,맑음,단일로 - 기타,승용,남,63세,상해없음,원동기,여,59세,경상
2014090100100384,2014년 9월 1일 15시,월요일,대전광역시 중구 용두동,중상사고,0,1,1,1,차대차 - 측면직각충돌,교차로운행방법위반,건조,맑음,교차로 - 교차로안,승용,남,62세,상해없음,화물,남,55세,상해없음
2014090100100434,2014년 9월 1일 16시,월요일,대전광역시 중구 태평동,경상사고,0,0,1,0,차대사람 - 기타,안전운전불이행,건조,맑음,단일로 - 기타,화물,남,44세,상해없음,보행자,남,12세,경상
2014090100100435,2014년 9월 1일 16시,월요일,대전광역시 서구 둔산동,경상사고,0,0,2,0,차대차 - 측면직각충돌,안전운전불이행,건조,맑음,단일로 - 횡단보도상,승합,남,50세,상해없음,자전거,여,36세,경상
2014090100100487,2014년 9월 1일 17시,월요일,대전광역시 중구 선화동,경상사고,0,0,1,0,차대차 - 측면직각충돌,중앙선침범,건조,맑음,단일로 - 기타,승용,남,43세,상해없음,원동기,남,34세,경상
2014090100100488,2014년 9월 1일 17시,월요일,대전광역시 중구 문창동,중상사고,0,1,0,0,차대차 - 측면직각충돌,신호위반,건조,맑음,단일로 - 기타,자전거,남,73세,중상,승용,남,68세,상해없음
2014090100100489,2014년 9월 1일 17시,월요일,대전광역시 동구 용전동,경상사고,0,0,1,0,차대차 - 측면직각충돌,안전운전불이행,건조,맑음,단일로 - 기타,승용,남,35세,상해없음,승용,여,43세,경상
2014090100100490,2014년 9월 1일 17시,월요일,대전광역시 유성구 장대동,중상사고,0,1,0,0,차대사람 - 횡단중,보행자보호의무위반,건조,맑음,교차로 - 교차로안,승용,남,33세,상해없음,보행자,남,59세,중상
2014090100100551,2014년 9월 1일 18시,월요일,대전광역시 대덕구 법동,중상사고,0,1,0,0,차대차 - 기타,중앙선침범,건조,맑음,단일로 - 기타,화물,남,34세,상해없음,이륜,남,45세,중상
2014090100100601,2014년 9월 1일 19시,월요일,대전광역시 서구 둔산동,경상사고,0,0,2,0,차대사람 - 기타,안전운전불이행,건조,맑음,교차로 - 교차로안,승용,남,25세,상해없음,보행자,여,29세,경상
2014090100100602,2014년 9월 1일 19시,월요일,대전광역시 유성구 관평동,경상사고,0,0,1,0,차대사람 - 보도통행중,안전운전불이행,건조,맑음,단일로 - 기타,기타불명,기타불명,기타불명,기타불명,보행자,여,20세,경상
2014090100100639,2014년 9월 1일 20시,월요일,대전광역시 동구 가양동,경상사고,0,0,2,0,차대차 - 측면직각충돌,교차로운행방법위반,건조,맑음,교차로 - 교차로안,화물,남,43세,상해없음,승용,남,58세,경상
2014090100100695,2014년 9월 1일 22시,월요일,대전광역시 중구 사정동,경상사고,0,0,1,0,차대사람 - 차도통행중,안전운전불이행,건조,흐림,교차로 - 교차로부근,승합,남,45세,상해없음,보행자,남,33세,상해없음
2014090100100696,2014년 9월 1일 22시,월요일,대전광역시 서구 월평동,중상사고,0,1,3,0,차대차 - 추돌 - 진행중,신호위반,건조,맑음,교차로 - 교차로안,승용,남,46세,상해없음,승용,남,55세,경상
2014090100100697,2014년 9월 1일 22시,월요일,대전광역시 유성구 봉명동,중상사고,0,1,0,0,차대차 - 추돌 - 진행중,안전거리미확보,건조,맑음,교차로 - 교차로안,승용,여,47세,상해없음,승용,남,52세,중상
2014090100100698,2014년 9월 1일 22시,월요일,대전광역시 서구 탄방동,중상사고,0,1,0,0,차대차 - 기타,안전운전불이행,건조,맑음,단일로 - 횡단보도상,승용,남,27세,상해없음,자전거,남,17세,중상
2014090200100107,2014년 9월 2일 07시,화요일,대전광역시 중구 석교동,중상사고,0,1,0,0,차대차 - 측면직각충돌,신호위반,건조,맑음,교차로 - 교차로부근,화물,남,67세,상해없음,자전거,남,16세,중상
2014090200100151,2014년 9월 2일 08시,화요일,대전광역시 유성구 노은동,중상사고,0,1,0,0,차대사람 - 횡단중,안전운전불이행,건조,맑음,단일로 - 교량,승용,여,38세,상해없음,보행자,남,6세,중상
2014090200100217,2014년 9월 2일 10시,화요일,대전광역시 유성구 관평동,경상사고,0,0,1,0,차대사람 - 기타,안전운전불이행,건조,맑음,단일로 - 기타,기타불명,기타불명,기타불명,기타불명,보행자,남,45세,경상
2014090200100256,2014년 9월 2일 11시,화요일,대전광역시 서구 가장동,중상사고,0,1,0,0,차대차 - 기타,안전운전불이행,건조,맑음,교차로 - 교차로안,승용,남,77세,상해없음,자전거,남,73세,중상
2014090200100276,2014년 9월 2일 12시,화요일,대전광역시 중구 오류동,중상사고,0,1,1,0,차대차 - 측면직각충돌,신호위반,건조,맑음,교차로 - 교차로안,화물,남,54세,상해없음,승용,남,52세,경상
2014090200100277,2014년 9월 2일 12시,화요일,대전광역시 동구 구도동,경상사고,0,0,1,0,차량단독 - 기타,기타,건조,맑음,단일로 - 기타,승합,남,49세,상해없음,,,,
2014090200100317,2014년 9월 2일 13시,화요일,대전광역시 중구 유천동,중상사고,0,1,0,0,차대사람 - 길가장자리구역통행중,안전운전불이행,건조,맑음,교차로 - 교차로안,승용,기타불명,기타불명,기타불명,보행자,여,65세,중상
2014090200100318,2014년 9월 2일 13시,화요일,대전광역시 동구 신흥동,중상사고,0,1,0,0,차대사람 - 차도통행중,안전운전불이행,건조,맑음,단일로 - 기타,승용,남,62세,상해없음,보행자,여,79세,중상
2014090200100394,2014년 9월 2일 15시,화요일,대전광역시 유성구 봉산동,경상사고,0,0,1,0,차대차 - 측면직각충돌,신호위반,건조,흐림,교차로 - 교차로안,화물,남,48세,상해없음,승용,남,73세,경상
2014090200100432,2014년 9월 2일 16시,화요일,대전광역시 중구 용두동,경상사고,0,0,2,0,차대차 - 추돌 - 주정차중,안전운전불이행,습기,비,단일로 - 기타,승용,남,46세,상해없음,승용,여,28세,경상
2014090200100433,2014년 9월 2일 16시,화요일,대전광역시 동구 가오동,경상사고,0,0,2,0,차대차 - 측면직각충돌,안전거리미확보,건조,맑음,단일로 - 기타,승용,여,33세,상해없음,승용,남,54세,경상
2014090200100477,2014년 9월 2일 17시,화요일,대전광역시 중구 태평동,중상사고,0,1,0,0,차대사람 - 기타,안전운전불이행,습기,비,단일로 - 기타,화물,남,41세,상해없음,보행자,여,61세,중상
2014090200100478,2014년 9월 2일 17시,화요일,대전광역시 동구 홍도동,중상사고,0,1,0,0,차대사람 - 횡단중,안전운전불이행,건조,맑음,교차로 - 교차로안,승용,남,65세,상해없음,보행자,남,18세,중상
2014090200100535,2014년 9월 2일 18시,화요일,대전광역시 중구 유천동,경상사고,0,0,1,0,차대차 - 추돌 - 주정차중,안전운전불이행,건조,맑음,단일로 - 기타,화물,남,57세,상해없음,승용,여,42세,경상
2014090200100536,2014년 9월 2일 18시,화요일,대전광역시 유성구 구암동,경상사고,0,0,3,0,차대차 - 추돌 - 진행중,안전거리미확보,습기,비,교차로 - 교차로부근,승용,남,45세,상해없음,승용,남,52세,경상
2014090200100537,2014년 9월 2일 18시,화요일,대전광역시 유성구 장대동,경상사고,0,0,1,0,차대차 - 추돌 - 진행중,안전거리미확보,건조,맑음,교차로 - 교차로부근,승용,남,19세,상해없음,승용,남,55세,경상
2014090200100607,2014년 9월 2일 19시,화요일,대전광역시 유성구 궁동,중상사고,0,1,0,0,차대차 - 측면직각충돌,안전운전불이행,습기,흐림,교차로 - 교차로안,승용,여,46세,상해없음,자전거,남,22세,중상
2014090200100608,2014년 9월 2일 19시,화요일,대전광역시 서구 둔산동,경상사고,0,0,2,0,차대차 - 추돌 - 주정차중,안전거리미확보,건조,맑음,교차로 - 교차로부근,승용,여,33세,상해없음,승용,여,45세,경상