사고번호,사고일시,요일,시군구,사고내용,사망자수,중상자수,경상자수,부상신고자수,사고유형,법규위반,노면상태,기상상태,도로형태,가해운전자 차종,가해운전자 성별,가해운전자 연령,가해운전자 상해정도,피해운전자 차종,피해운전자 성별,피해운전자 연령,피해운전자 상해정도
2014090200100660,2014년 9월 2일 20시,화요일,대전광역시 서구 가장동,중상사고,0,1,0,0,차대사람 - 기타,안전운전불이행,습기,비,기타 - 기타,자전거,기타불명,기타불명,기타불명,보행자,남,46세,중상
2014090200100661,2014년 9월 2일 20시,화요일,대전광역시 서구 둔산동,경상사고,0,0,1,0,차대차 - 측면직각충돌,교차로운행방법위반,습기,비,교차로 - 교차로안,승용,남,53세,상해없음,승용,남,36세,경상
2014090200100662,2014년 9월 2일 20시,화요일,대전광역시 서구 갈마동,중상사고,0,1,0,0,차대사람 - 횡단중,신호위반,습기,비,단일로 - 횡단보도상,승용,남,34세,상해없음,보행자,여,40세,중상
2014090200100773,2014년 9월 2일 22시,화요일,대전광역시 서구 도마동,경상사고,0,0,1,0,차대차 - 측면직각충돌,안전운전불이행,습기,비,교차로 - 교차로안,승용,남,59세,상해없음,승용,여,63세,경상
2014090200100774,2014년 9월 2일 22시,화요일,대전광역시 서구 도마동,경상사고,0,0,1,0,차대사람 - 횡단중,신호위반,습기,비,교차로 - 교차로부근,승용,남,27세,상해없음,보행자,여,22세,경상
2014090200100775,2014년 9월 2일 22시,화요일,대전광역시 대덕구 신대동,사망사고,1,0,0,0,차량단독 - 기타,안전운전불이행,습기,비,미분류 - 미분류,화물,남,44세,사망,,,,
2014090200100825,2014년 9월 2일 23시,화요일,대전광역시 중구 은행동,경상사고,0,0,1,0,차대차 - 측면직각충돌,신호위반,습기,흐림,교차로 - 교차로안,승용,남,47세,상해없음,승용,여,50세,경상
2014090200100826,2014년 9월 2일 23시,화요일,대전광역시 서구 가장동,경상사고,0,0,1,0,차대차 - 추돌 - 진행중,안전운전불이행,습기,비,단일로 - 기타,승용,남,25세,상해없음,이륜,남,59세,경상
2014090200100827,2014년 9월 2일 23시,화요일,대전광역시 서구 가수원동,경상사고,0,0,2,0,차대차 - 추돌 - 주정차중,안전운전불이행,건조,맑음,교차로 - 교차로부근,승용,남,26세,상해없음,화물,남,45세,경상
2014090200100828,2014년 9월 2일 23시,화요일,대전광역시 서구 월평동,경상사고,0,0,1,0,차대사람 - 횡단중,신호위반,습기,비,교차로 - 교차로부근,승용,남,43세,기타불명,보행자,남,45세,경상
2014090300100040,2014년 9월 3일 00시,수요일,대전광역시 서구 갈마동,경상사고,0,0,1,0,차대차 - 추돌 - 주정차중,안전운전불이행,습기,맑음,교차로 - 교차로부근,승용,여,45세,상해없음,승용,남,34세,경상
2014090300100076,2014년 9월 3일 01시,수요일,대전광역시 서구 정림동,중상사고,0,1,1,0,차량단독 - 공작물충돌,안전운전불이행,습기,흐림,단일로 - 기타,승용,남,19세,중상,,,,
2014090300100125,2014년 9월 3일 04시,수요일,대전광역시 중구 태평동,중상사고,0,1,0,0,차대차 - 측면직각충돌,안전운전불이행,습기,비,교차로 - 교차로부근,승용,남,37세,상해없음,승용,여,48세,중상
2014090300100178,2014년 9월 3일 07시,수요일,대전광역시 서구 둔산동,중상사고,0,1,0,0,차대차 - 측면직각충돌,안전거리미확보,건조,맑음,단일로 - 기타,화물,남,59세,상해없음,승용,남,43세,중상
2014090300100221,2014년 9월 3일 08시,수요일,대전광역시 서구 갈마동,경상사고,0,0,1,0,차대사람 - 차도통행중,안전운전불이행,습기,흐림,단일로 - 기타,승용,남,40세,상해없음,보행자,남,13세,경상
2014090300100249,2014년 9월 3일 09시,수요일,대전광역시 동구 용전동,경상사고,0,0,2,0,차대차 - 추돌 - 주정차중,안전운전불이행,습기,비,단일로 - 기타,승용,남,52세,상해없음,승용,여,44세,경상
2014090300100302,2014년 9월 3일 11시,수요일,대전광역시 서구 월평동,경상사고,0,0,1,0,차대차 - 측면직각충돌,안전운전불이행,건조,맑음,교차로 - 교차로부근,승용,여,45세,상해없음,승용,여,22세,경상
2014090300100337,2014년 9월 3일 12시,수요일,대전광역시 서구 둔산동,경상사고,0,0,1,0,차대차 - 추돌 - 진행중,안전운전불이행,건조,맑음,교차로 - 교차로안,이륜,남,22세,기타불명,자전거,남,71세,경상
2014090300100480,2014년 9월 3일 16시,수요일,대전광역시 서구 가수원동,경상사고,0,0,1,0,차대차 - 측면직각충돌,안전운전불이행,건조,맑음,단일로 - 기타,승용,기타불명,기타불명,기타불명,자전거,남,12세,경상
2014090300100481,2014년 9월 3일 16시,수요일,대전광역시 대덕구 신탄진동,경상사고,0,0,1,0,차대사람 - 길가장자리구역통행중,중앙선침범,건조,맑음,교차로 - 교차로부근,화물,남,55세,상해없음,보행자,여,40세,경상
2014090300100597,2014년 9월 3일 19시,수요일,대전광역시 중구 대흥동,중상사고,0,1,4,0,차대차 - 측면직각충돌,신호위반,건조,맑음,교차로 - 교차로안,승용,여,45세,상해없음,승합,남,54세,상해없음
2014090300100598,2014년 9월 3일 19시,수요일,대전광역시 중구 유천동,경상사고,0,0,1,0,차대사람 - 기타,안전운전불이행,건조,맑음,교차로 - 교차로부근,승용,남,49세,상해없음,보행자,여,40세,경상
2014090300100720,2014년 9월 3일 22시,수요일,대전광역시 중구 유천동,중상사고,0,1,0,0,차대사람 - 기타,안전운전불이행,건조,맑음,단일로 - 기타,승용,남,52세,상해없음,보행자,남,34세,중상
2014090300100740,2014년 9월 3일 23시,수요일,대전광역시 서구 관저동,경상사고,0,0,2,0,차대차 - 추돌 - 주정차중,안전운전불이행,건조,맑음,단일로 - 기타,승용,남,28세,상해없음,승용,남,22세,경상
2014090300100741,2014년 9월 3일 23시,수요일,대전광역시 대덕구 송촌동,경상사고,0,0,1,0,차대차 - 추돌 - 진행중,안전운전불이행,건조,맑음,단일로 - 기타,승용,남,33세,기타불명,승용,남,58세,경상
2014090400100172,2014년 9월 4일 08시,목요일,대전광역시 동구 가오동,경상사고,0,0,1,0,차대차 - 측면직각충돌,교차로운행방법위반,건조,맑음,단일로 - 기타,승용,여,45세,상해없음,승용,여,54세,경상
2014090400100196,2014년 9월 4일 09시,목요일,대전광역시 서구 관저동,경상사고,0,0,2,0,차대차 - 측면직각충돌,교차로운행방법위반,건조,맑음,교차로 - 교차로부근,승용,여,33세,경상,승용,여,46세,경상
2014090400100197,2014년 9월 4일 09시,목요일,대전광역시 서구 갈마동,경상사고,0,0,1,0,차대차 - 기타,안전거리미확보,건조,맑음,교차로 - 교차로안,화물,남,54세,상해없음,승용,남,24세,경상
2014090400100227,2014년 9월 4일 10시,목요일,대전광역시 중구 안영동,경상사고,0,0,1,0,차대차 - 측면직각충돌,안전운전불이행,건조,맑음,단일로 - 기타,승용,남,64세,상해없음,승합,남,47세,경상
2014090400100228,2014년 9월 4일 10시,목요일,대전광역시 서구 괴정동,경상사고,0,0,1,0,차대사람 - 기타,안전운전불이행,건조,맑음,단일로 - 기타,승용,기타불명,기타불명,기타불명,보행자,여,83세,경상
2014090400100302,2014년 9월 4일 12시,목요일,대전광역시 유성구 장대동,경상사고,0,0,1,0,차대차 - 추돌 - 진행중,교차로운행방법위반,건조,흐림,교차로 - 교차로안,승용,남,45세,상해없음,원동기,남,33세,경상
2014090400100362,2014년 9월 4일 14시,목요일,대전광역시 유성구 장대동,경상사고,0,0,2,0,차대차 - 기타,안전운전불이행,건조,맑음,단일로 - 기타,승용,남,46세,상해없음,승용,남,56세,경상
2014090400100363,2014년 9월 4일 14시,목요일,대전광역시 서구 둔산동,경상사고,0,0,2,0,차대차 - 추돌 - 진행중,신호위반,건조,맑음,교차로 - 교차로안,승용,남,72세,상해없음,승용,남,36세,경상
2014090400100410,2014년 9월 4일 15시,목요일,대전광역시 유성구 봉명동,경상사고,0,0,1,0,차대차 - 기타,안전운전불이행,건조,맑음,단일로 - 횡단보도상,원동기,남,57세,상해없음,자전거,여,50세,경상
2014090400100459,2014년 9월 4일 16시,목요일,대전광역시 대덕구 오정동,중상사고,0,1,0,0,차대차 - 기타,안전운전불이행,건조,맑음,교차로 - 교차로안,승용,남,59세,상해없음,자전거,남,18세,중상
2014090400100568,2014년 9월 4일 18시,목요일,대전광역시 동구 판암동,경상사고,0,0,1,0,차대사람 - 길가장자리구역통행중,안전운전불이행,건조,맑음,단일로 - 기타,승용,남,59세,상해없음,보행자,여,14세,경상
2014090400100594,2014년 9월 4일 19시,목요일,대전광역시 대덕구 신대동,경상사고,0,0,2,0,차대차 - 기타,안전거리미확보,건조,맑음,단일로 - 기타,승용,여,38세,상해없음,화물,남,46세,경상
2014090400100616,2014년 9월 4일 19시,목요일,대전광역시 서구 둔산동,경상사고,0,0,1,0,차대차 - 측면직각충돌,중앙선침범,건조,맑음,단일로 - 기타,승용,남,55세,상해없음,이륜,남,52세,경상
2014090400100677,2014년 9월 4일 21시,목요일,대전광역시 서구 둔산동,경상사고,0,0,1,0,차대차 - 추돌 - 진행중,안전운전불이행,건조,맑음,단일로 - 기타,승용,남,42세,상해없음,승용,여,30세,경상
2014090400100708,2014년 9월 4일 22시,목요일,대전광역시 대덕구 중리동,경상사고,0,0,1,0,차량단독 - 기타,안전운전불이행,건조,맑음,교차로 - 교차로안,승합,남,52세,상해없음,,,,
2014090400100709,2014년 9월 4일 22시,목요일,대전광역시 유성구 봉명동,경상사고,0,0,1,0,차량단독 - 기타,교차로운행방법위반,건조,맑음,교차로 - 교차로부근,승용,남,54세,상해없음,,,,
2014090400100737,2014년 9월 4일 23시,목요일,대전광역시 동구 홍도동,중상사고,0,1,0,0,차대차 - 기타,안전거리미확보,건조,맑음,단일로 - 기타,승용,남,44세,상해없음,승용,남,33세,중상
2014090400100738,2014년 9월 4일 23시,목요일,대전광역시 유성구 송강동,경상사고,0,0,1,0,차대차 - 추돌 - 주정차중,안전운전불이행,건조,맑음,단일로 - 기타,승용,남,36세,상해없음,승용,남,29세,경상
2014090500100033,2014년 9월 5일 01시,금요일,대전광역시 서구 둔산동,경상사고,0,0,1,0,차대차 - 기타,교차로운행방법위반,건조,맑음,교차로 - 교차로안,승용,남,27세,상해없음,승용,남,35세,상해없음
2014090500100086,2014년 9월 5일 05시,금요일,대전광역시 중구 중촌동,경상사고,0,0,1,0,차대차 - 기타,신호위반,건조,맑음,교차로 - 교차로안,기타불명,기타불명,기타불명,기타불명,승용,남,46세,상해없음
2014090500100101,2014년 9월 5일 06시,금요일,대전광역시 유성구 노은동,경상사고,0,0,1,0,차대차 - 정면충돌,중앙선침범,건조,맑음,단일로 - 기타,승용,남,42세,상해없음,화물,남,57세,경상
2014090500100129,2014년 9월 5일 07시,금요일,대전광역시 대덕구 신대동,중상사고,0,1,3,0,차대차 - 측면직각충돌,신호위반,건조,맑음,교차로 - 교차로안,승용,남,70세,상해없음,승용,남,24세,경상
2014090500100228,2014년 9월 5일 09시,금요일,대전광역시 대덕구 중리동,경상사고,0,0,1,0,차대차 - 측면직각충돌,중앙선침범,건조,맑음,단일로 - 기타,승용,남,27세,기타불명,승용,남,45세,경상
2014090500100229,2014년 9월 5일 09시,금요일,대전광역시 서구 둔산동,경상사고,0,0,1,0,차대사람 - 횡단중,신호위반,건조,맑음,단일로 - 횡단보도상,승용,남,61세,상해없음,보행자,여,39세,경상
2014090500100315,2014년 9월 5일 11시,금요일,대전광역시 동구 용전동,경상사고,0,0,3,0,차대차 - 추돌 - 진행중,안전거리미확보,건조,맑음,단일로 - 기타,화물,남,56세,상해없음,승용,남,53세,경상
2014090500100316,2014년 9월 5일 11시,금요일,대전광역시 서구 둔산동,경상사고,0,0,1,0,차대차 - 측면직각충돌,신호위반,건조,맑음,교차로 - 교차로안,승용,남,46세,상해없음,승용,남,39세,경상
2014090500100356,2014년 9월 5일 12시,금요일,대전광역시 중구 선화동,중상사고,0,1,0,0,차대차 - 측면직각충돌,중앙선침범,건조,맑음,교차로 - 교차로부근,화물,남,35세,상해없음,원동기,남,21세,중상
2014090500100399,2014년 9월 5일 13시,금요일,대전광역시 중구 선화동,경상사고,0,0,1,0,차대차 - 측면직각충돌,안전운전불이행,건조,맑음,교차로 - 교차로부근,승용,여,44세,상해없음,원동기,남,47세,경상
2014090500100400,2014년 9월 5일 13시,금요일,대전광역시 서구 정림동,중상사고,0,1,0,0,차대차 - 측면직각충돌,안전운전불이행,건조,맑음,교차로 - 교차로안,승용,여,53세,상해없음,이륜,남,67세,중상
2014090500100401,2014년 9월 5일 13시,금요일,대전광역시 대덕구 석봉동,경상사고,0,0,1,0,차대사람 - 차도통행중,안전운전불이행,건조,맑음,단일로 - 기타,화물,남,64세,상해없음,보행자,여,29세,경상
2014090500100441,2014년 9월 5일 14시,금요일,대전광역시 중구 문화동,중상사고,0,1,0,0,차대차 - 측면직각충돌,과속,건조,맑음,단일로 - 기타,승용,여,45세,상해없음,자전거,남,7세,중상
2014090500100442,2014년 9월 5일 14시,금요일,대전광역시 중구 선화동,경상사고,0,0,2,0,차대차 - 측면직각충돌,안전운전불이행,건조,맑음,교차로 - 교차로부근,승용,남,58세,상해없음,승용,여,58세,경상
2014090500100443,2014년 9월 5일 14시,금요일,대전광역시 서구 도마동,경상사고,0,0,3,0,차대차 - 추돌 - 진행중,안전거리미확보,건조,맑음,단일로 - 기타,승용,남,60세,상해없음,승용,여,27세,경상
2014090500100540,2014년 9월 5일 16시,금요일,대전광역시 동구 가오동,경상사고,0,0,1,0,차대차 - 측면직각충돌,안전운전불이행,건조,맑음,교차로 - 교차로안,승용,남,32세,상해없음,승용,남,60세,경상
2014090500100775,2014년 9월 5일 20시,금요일,대전광역시 유성구 교촌동,중상사고,0,1,1,0,차대차 - 기타,안전거리미확보,건조,맑음,교차로 - 교차로안,승용,남,55세,상해없음,승용,여,52세,중상
2014090500100776,2014년 9월 5일 20시,금요일,대전광역시 서구 둔산동,경상사고,0,0,1,0,차대차 - 측면직각충돌,기타,건조,맑음,교차로 - 교차로부근,화물,남,55세,경상,승용,여,42세,상해없음
2014090500100808,2014년 9월 5일 21시,금요일,대전광역시 유성구 용산동,사망사고,1,1,0,0,차량단독 - 전도전복,안전운전불이행,건조,맑음,단일로 - 기타,원동기,남,15세,사망,,,,
2014090500100843,2014년 9월 5일 22시,금요일,대전광역시 서구 가수원동,중상사고,0,1,0,0,차대사람 - 길가장자리구역통행중,안전운전불이행,건조,맑음,단일로 - 기타,자전거,남,40세,상해없음,보행자,남,54세,중상
2014090500100865,2014년 9월 5일 23시,금요일,대전광역시 서구 월평동,경상사고,0,0,1,0,차대차 - 기타,안전운전불이행,건조,맑음,단일로 - 기타,승용,남,29세,상해없음,승용,남,36세,경상
2014090600100023,2014년 9월 6일 00시,토요일,대전광역시 중구 오류동,경상사고,0,0,3,0,차대차 - 추돌 - 주정차중,안전거리미확보,건조,맑음,단일로 - 기타,승합,남,25세,상해없음,승용,여,40세,경상
2014090600100024,2014년 9월 6일 00시,토요일,대전광역시 동구 소제동,경상사고,0,0,1,0,차대차 - 기타,신호위반,건조,맑음,교차로 - 교차로안,승용,남,25세,상해없음,승용,남,30세,경상
2014090600100043,2014년 9월 6일 01시,토요일,대전광역시 중구 산성동,중상사고,0,1,0,0,차대차 - 추돌 - 주정차중,안전거리미확보,건조,맑음,단일로 - 기타,승용,남,22세,상해없음,승용,여,28세,중상
2014090600100056,2014년 9월 6일 02시,토요일,대전광역시 유성구 궁동,경상사고,0,0,1,0,차대사람 - 기타,안전운전불이행,건조,맑음,단일로 - 기타,승용,기타불명,기타불명,기타불명,보행자,남,67세,경상
2014090600100076,2014년 9월 6일 03시,토요일,대전광역시 중구 대흥동,중상사고,0,1,0,0,차대사람 - 차도통행중,안전운전불이행,건조,맑음,단일로 - 횡단보도부근,승용,남,41세,상해없음,보행자,남,24세,중상
2014090600100077,2014년 9월 6일 03시,토요일,대전광역시 서구 둔산동,경상사고,0,0,1,0,차대차 - 기타,신호위반,건조,맑음,교차로 - 교차로안,승용,남,64세,상해없음,승용,남,48세,경상
2014090600100078,2014년 9월 6일 03시,토요일,대전광역시 유성구 덕명동,중상사고,0,1,0,0,차대차 - 기타,안전운전불이행,건조,맑음,교차로 - 교차로안,승용,남,31세,상해없음,승용,남,31세,중상
2014090600100123,2014년 9월 6일 06시,토요일,대전광역시 유성구 용계동,중상사고,0,1,0,0,차대차 - 기타,중앙선침범,건조,맑음,단일로 - 기타,승용,남,20세,상해없음,승용,남,48세,중상
2014090600100166,2014년 9월 6일 08시,토요일,대전광역시 중구 대사동,중상사고,0,1,0,1,차대차 - 기타,신호위반,건조,맑음,교차로 - 교차로부근,원동기,남,62세,상해없음,자전거,남,32세,중상
2014090600100190,2014년 9월 6일 09시,토요일,대전광역시 동구 소제동,경상사고,0,0,2,0,차대차 - 측면직각충돌,안전운전불이행,건조,맑음,단일로 - 기타,승용,남,28세,상해없음,승용,여,35세,경상
2014090600100191,2014년 9월 6일 09시,토요일,대전광역시 대덕구 오정동,경상사고,0,0,1,0,차대차 - 기타,안전운전불이행,건조,맑음,교차로 - 교차로부근,승용,여,48세,상해없음,승용,남,53세,경상
2014090600100219,2014년 9월 6일 10시,토요일,대전광역시 동구 용전동,경상사고,0,0,3,0,차대차 - 측면직각충돌,신호위반,건조,맑음,단일로 - 횡단보도부근,승용,여,32세,상해없음,승용,남,33세,경상
2014090600100220,2014년 9월 6일 10시,토요일,대전광역시 서구 둔산동,중상사고,0,1,0,0,차대사람 - 기타,안전운전불이행,건조,맑음,단일로 - 기타,승용,남,31세,상해없음,보행자,여,61세,중상
2014090600100261,2014년 9월 6일 11시,토요일,대전광역시 동구 용전동,중상사고,0,1,0,0,차대차 - 측면직각충돌,기타,건조,맑음,단일로 - 기타,승용,남,59세,상해없음,이륜,남,30세,중상
2014090600100262,2014년 9월 6일 11시,토요일,대전광역시 대덕구 법동,부상신고사고,0,0,0,1,차대차 - 추돌 - 주정차중,안전운전불이행,건조,맑음,단일로 - 기타,승용,여,51세,상해없음,승용,여,34세,부상신고
2014090600100336,2014년 9월 6일 13시,토요일,대전광역시 서구 월평동,중상사고,0,2,0,0,차대차 - 기타,안전거리미확보,건조,맑음,교차로 - 교차로안,승용,남,48세,상해없음,승용,남,45세,중상
2014090600100456,2014년 9월 6일 16시,토요일,대전광역시 중구 대흥동,경상사고,0,0,1,0,차대차 - 추돌 - 주정차중,안전운전불이행,건조,맑음,교차로 - 교차로안,승용,여,31세,상해없음,승용,남,26세,경상
2014090600100457,2014년 9월 6일 16시,토요일,대전광역시 중구 사정동,중상사고,0,1,0,0,차대차 - 추돌 - 주정차중,안전운전불이행,건조,맑음,교차로 - 교차로부근,자전거,남,8세,중상,화물,남,46세,기타불명
2014090600100458,2014년 9월 6일 16시,토요일,대전광역시 서구 탄방동,경상사고,0,0,2,0,차대차 - 기타,안전거리미확보,건조,맑음,교차로 - 교차로부근,승용,남,24세,상해없음,승용,남,29세,경상
2014090600100529,2014년 9월 6일 18시,토요일,대전광역시 동구 용운동,중상사고,0,1,0,0,차대차 - 측면직각충돌,안전운전불이행,건조,맑음,단일로 - 기타,승용,남,31세,상해없음,이륜,남,60세,중상
2014090600100559,2014년 9월 6일 19시,토요일,대전광역시 중구 유천동,경상사고,0,0,2,0,차대차 - 추돌 - 진행중,안전운전불이행,건조,맑음,교차로 - 교차로안,승용,남,47세,상해없음,승용,남,31세,경상
2014090600100623,2014년 9월 6일 21시,토요일,대전광역시 중구 중촌동,경상사고,0,0,1,0,차량단독 - 기타,기타,건조,맑음,단일로 - 기타,승합,남,39세,상해없음,,,,
2014090600100624,2014년 9월 6일 21시,토요일,대전광역시 동구 천동,경상사고,0,0,1,0,차대차 - 추돌 - 진행중,안전운전불이행,건조,맑음,교차로 - 교차로안,승용,남,32세,상해없음,이륜,남,30세,경상
2014090700100112,2014년 9월 7일 07시,일요일,대전광역시 동구 가양동,중상사고,0,1,0,0,차대차 - 측면직각충돌,안전운전불이행,건조,맑음,교차로 - 교차로안,승용,여,47세,상해없음,이륜,남,70세,중상
2014090700100170,2014년 9월 7일 10시,일요일,대전광역시 동구 대동,경상사고,0,0,1,1,차대차 - 추돌 - 진행중,안전거리미확보,건조,맑음,교차로 - 교차로부근,승용,남,48세,상해없음,승용,남,55세,경상
2014090700100215,2014년 9월 7일 12시,일요일,대전광역시 동구 가양동,경상사고,0,0,1,0,차대사람 - 기타,안전운전불이행,건조,맑음,단일로 - 기타,승합,남,53세,상해없음,보행자,여,73세,경상
2014090700100247,2014년 9월 7일 13시,일요일,대전광역시 중구 산성동,경상사고,0,0,1,0,차대차 - 측면직각충돌,중앙선침범,건조,맑음,단일로 - 기타,화물,남,51세,상해없음,화물,남,52세,경상
2014090800100021,2014년 9월 8일 02시,월요일,대전광역시 서구 변동,중상사고,0,1,3,0,차대차 - 기타,교차로운행방법위반,건조,맑음,교차로 - 교차로안,승용,남,21세,경상,승용,남,45세,상해없음
2014090800100055,2014년 9월 8일 06시,월요일,대전광역시 유성구 봉명동,경상사고,0,0,1,0,차대차 - 추돌 - 주정차중,안전거리미확보,건조,맑음,교차로 - 교차로부근,승용,남,18세,상해없음,승용,남,40세,상해없음
2014090800100126,2014년 9월 8일 11시,월요일,대전광역시 동구 대별동,중상사고,0,1,0,0,차대차 - 기타,안전운전불이행,건조,맑음,단일로 - 기타,승용,남,26세,기타불명,승용,남,44세,중상
2014090800100127,2014년 9월 8일 11시,월요일,대전광역시 중구 안영동,중상사고,0,2,9,0,차대차 - 기타,안전운전불이행,건조,맑음,단일로 - 기타,승용,남,37세,경상,승용,남,40세,경상
2014090800100270,2014년 9월 8일 15시,월요일,대전광역시 서구 탄방동,경상사고,0,0,1,0,차대차 - 추돌 - 주정차중,안전운전불이행,건조,맑음,단일로 - 기타,화물,남,56세,상해없음,승용,여,37세,경상
2014090800100393,2014년 9월 8일 20시,월요일,대전광역시 중구 석교동,경상사고,0,0,1,0,차대사람 - 횡단중,안전운전불이행,건조,맑음,교차로 - 교차로안,승용,남,23세,상해없음,보행자,남,51세,경상
2014090900100016,2014년 9월 9일 01시,화요일,대전광역시 동구 대성동,경상사고,0,0,4,0,차대차 - 추돌 - 진행중,안전거리미확보,건조,맑음,단일로 - 기타,승용,남,27세,상해없음,승용,남,39세,경상
2014090900100056,2014년 9월 9일 04시,화요일,대전광역시 서구 둔산동,중상사고,0,4,0,0,차대차 - 기타,신호위반,건조,맑음,교차로 - 교차로안,승용,남,24세,상해없음,승용,남,73세,중상
2014090900100057,2014년 9월 9일 04시,화요일,대전광역시 서구 탄방동,중상사고,0,1,3,0,차대차 - 기타,안전운전불이행,건조,맑음,단일로 - 기타,승용,남,49세,상해없음,승용,남,63세,경상
2014090900100080,2014년 9월 9일 07시,화요일,대전광역시 대덕구 중리동,중상사고,0,2,1,0,차대차 - 추돌 - 진행중,과속,건조,맑음,단일로 - 기타,승용,남,29세,상해없음,승용,여,49세,중상
2014090900100241,2014년 9월 9일 15시,화요일,대전광역시 서구 괴곡동,중상사고,0,2,0,0,차대차 - 기타,중앙선침범,건조,맑음,단일로 - 기타,승용,여,53세,상해없음,원동기,남,20세,중상
2014090900100325,2014년 9월 9일 18시,화요일,대전광역시 중구 옥계동,중상사고,0,2,0,0,차대차 - 측면직각충돌,신호위반,건조,흐림,단일로 - 횡단보도부근,승용,남,25세,상해없음,승용,여,46세,중상
2014090900100326,2014년 9월 9일 18시,화요일,대전광역시 동구 대동,경상사고,0,0,1,0,차대사람 - 기타,안전운전불이행,건조,맑음,단일로 - 기타,화물,남,58세,상해없음,보행자,남,50세,경상
2014090900100327,2014년 9월 9일 18시,화요일,대전광역시 유성구 반석동,경상사고,0,0,1,0,차대차 - 추돌 - 진행중,교차로운행방법위반,건조,맑음,교차로 - 교차로안,원동기,남,21세,상해없음,승용,여,49세,경상
2014090900100361,2014년 9월 9일 19시,화요일,대전광역시 서구 변동,경상사고,0,0,3,0,차대차 - 추돌 - 주정차중,안전운전불이행,건조,맑음,단일로 - 기타,승용,남,65세,상해없음,승용,여,45세,경상
2014090900100390,2014년 9월 9일 20시,화요일,대전광역시 서구 가장동,경상사고,0,0,2,0,차대차 - 기타,안전운전불이행,건조,맑음,단일로 - 기타,원동기,남,73세,상해없음,승용,남,60세,경상
2014090900100415,2014년 9월 9일 21시,화요일,대전광역시 유성구 상대동,중상사고,0,1,0,0,차대사람 - 기타,안전운전불이행,건조,맑음,교차로 - 교차로안,화물,기타불명,기타불명,기타불명,보행자,남,59세,중상
2014090900100416,2014년 9월 9일 21시,화요일,대전광역시 서구 탄방동,경상사고,0,0,5,0,차대차 - 측면직각충돌,신호위반,건조,맑음,교차로 - 교차로안,승용,남,43세,상해없음,승용,남,56세,경상
2014090900100437,2014년 9월 9일 22시,화요일,대전광역시 중구 대사동,경상사고,0,0,1,0,차대사람 - 기타,안전운전불이행,건조,맑음,교차로 - 교차로안,승용,여,27세,상해없음,보행자,남,48세,경상
2014091000100020,2014년 9월 10일 01시,수요일,대전광역시 유성구 송강동,경상사고,0,0,2,0,차대차 - 측면직각충돌,교차로운행방법위반,건조,맑음,교차로 - 교차로안,승용,남,26세,상해없음,화물,남,51세,경상
2014091000100028,2014년 9월 10일 02시,수요일,대전광역시 서구 가수원동,중상사고,0,1,3,0,차대차 - 측면직각충돌,신호위반,건조,맑음,교차로 - 교차로안,승용,남,43세,상해없음,승용,남,43세,중상
2014091000100063,2014년 9월 10일 06시,수요일,대전광역시 동구 낭월동,경상사고,0,0,3,0,차대차 - 추돌 - 주정차중,안전운전불이행,건조,맑음,단일로 - 기타,승용,남,58세,경상,화물,남,55세,상해없음
2014091000100090,2014년 9월 10일 08시,수요일,대전광역시 대덕구 문평동,중상사고,0,1,0,0,차대차 - 측면직각충돌,신호위반,건조,맑음,교차로 - 교차로부근,승용,남,47세,상해없음,자전거,여,33세,중상
2014091000100216,2014년 9월 10일 13시,수요일,대전광역시 동구 자양동,중상사고,0,1,0,0,차대차 - 측면직각충돌,안전운전불이행,건조,맑음,교차로 - 교차로안,승용,남,62세,상해없음,이륜,남,23세,중상
2014091000100259,2014년 9월 10일 14시,수요일,대전광역시 서구 관저동,중상사고,0,1,0,0,차대차 - 기타,안전운전불이행,건조,맑음,교차로 - 교차로부근,승용,여,33세,상해없음,이륜,여,67세,중상
2014091000100450,2014년 9월 10일 20시,수요일,대전광역시 중구 오류동,경상사고,0,0,1,0,차대차 - 측면직각충돌,안전운전불이행,건조,흐림,교차로 - 교차로부근,승용,여,53세,상해없음,원동기,남,26세,경상
2014091000100502,2014년 9월 10일 22시,수요일,대전광역시 대덕구 상서동,경상사고,0,0,1,0,차대차 - 측면직각충돌,안전운전불이행,건조,맑음,단일로 - 기타,승용,남,30세,상해없음,승용,남,58세,경상
2014091000100528,2014년 9월 10일 23시,수요일,대전광역시 중구 중촌동,경상사고,0,0,2,0,차대차 - 측면직각충돌,중앙선침범,건조,흐림,단일로 - 기타,승용,남,51세,상해없음,승용,남,51세,경상
2014091100100017,2014년 9월 11일 00시,목요일,대전광역시 중구 산성동,경상사고,0,0,1,0,차대차 - 추돌 - 주정차중,안전운전불이행,건조,흐림,교차로 - 교차로부근,원동기,남,48세,상해없음,원동기,남,34세,경상
2014091100100035,2014년 9월 11일 02시,목요일,대전광역시 서구 둔산동,중상사고,0,1,0,0,차대차 - 추돌 - 주정차중,안전운전불이행,건조,맑음,교차로 - 교차로부근,승용,남,26세,상해없음,화물,남,36세,중상
2014091100100051,2014년 9월 11일 05시,목요일,대전광역시 서구 갈마동,사망사고,1,0,0,0,차대차 - 추돌 - 주정차중,안전운전불이행,건조,맑음,단일로 - 기타,이륜,남,46세,사망,승용,남,49세,상해없음
2014091100100098,2014년 9월 11일 07시,목요일,대전광역시 서구 월평동,중상사고,0,1,0,0,차대차 - 추돌 - 주정차중,안전운전불이행,건조,맑음,단일로 - 교량,승용,남,53세,상해없음,승용,여,23세,중상
2014091100100183,2014년 9월 11일 09시,목요일,대전광역시 유성구 노은동,중상사고,0,2,1,0,차대차 - 추돌 - 진행중,안전거리미확보,건조,맑음,단일로 - 기타,화물,남,57세,상해없음,승용,남,80세,중상