사고번호,사고일시,요일,시군구,사고내용,사망자수,중상자수,경상자수,부상신고자수,사고유형,법규위반,노면상태,기상상태,도로형태,가해운전자 차종,가해운전자 성별,가해운전자 연령,가해운전자 상해정도,피해운전자 차종,피해운전자 성별,피해운전자 연령,피해운전자 상해정도
2014091100100224,2014년 9월 11일 10시,목요일,대전광역시 중구 은행동,중상사고,0,1,0,0,차대사람 - 기타,안전운전불이행,건조,맑음,단일로 - 기타,화물,남,41세,상해없음,보행자,남,26세,중상
2014091100100225,2014년 9월 11일 10시,목요일,대전광역시 서구 변동,경상사고,0,0,1,0,차대차 - 추돌 - 주정차중,안전거리미확보,건조,맑음,교차로 - 교차로부근,승용,남,55세,상해없음,화물,남,40세,경상
2014091100100277,2014년 9월 11일 12시,목요일,대전광역시 대덕구 읍내동,경상사고,0,0,2,0,차대차 - 추돌 - 진행중,신호위반,건조,맑음,교차로 - 교차로안,승용,여,44세,상해없음,화물,남,55세,경상
2014091100100278,2014년 9월 11일 12시,목요일,대전광역시 유성구 원내동,경상사고,0,0,2,0,차대차 - 추돌 - 진행중,안전운전불이행,건조,맑음,단일로 - 기타,승용,여,48세,상해없음,승용,여,32세,경상
2014091100100346,2014년 9월 11일 14시,목요일,대전광역시 중구 대흥동,경상사고,0,0,2,0,차대차 - 측면직각충돌,안전운전불이행,건조,맑음,단일로 - 기타,승용,남,31세,상해없음,승용,여,45세,경상
2014091100100347,2014년 9월 11일 14시,목요일,대전광역시 동구 용전동,중상사고,0,1,0,0,차대차 - 측면직각충돌,신호위반,건조,맑음,단일로 - 횡단보도상,승용,남,78세,상해없음,원동기,남,60세,중상
2014091100100348,2014년 9월 11일 14시,목요일,대전광역시 동구 가오동,부상신고사고,0,0,0,1,차대차 - 측면직각충돌,안전운전불이행,건조,맑음,단일로 - 기타,원동기,남,80세,부상신고,화물,남,60세,상해없음
2014091100100364,2014년 9월 11일 15시,목요일,대전광역시 유성구 하기동,중상사고,0,2,1,0,차대차 - 기타,안전운전불이행,건조,맑음,단일로 - 기타,화물,남,54세,상해없음,승용,여,23세,경상
2014091100100378,2014년 9월 11일 15시,목요일,대전광역시 유성구 원내동,중상사고,0,1,0,0,차대차 - 추돌 - 진행중,안전운전불이행,건조,맑음,단일로 - 기타,승용,여,65세,기타불명,자전거,남,9세,중상
2014091100100410,2014년 9월 11일 16시,목요일,대전광역시 중구 문화동,경상사고,0,0,1,0,차대차 - 측면직각충돌,안전운전불이행,건조,맑음,교차로 - 교차로안,승용,남,36세,상해없음,자전거,남,22세,경상
2014091100100411,2014년 9월 11일 16시,목요일,대전광역시 중구 선화동,경상사고,0,0,1,0,차대차 - 기타,안전거리미확보,건조,맑음,단일로 - 기타,승용,남,49세,상해없음,승합,남,54세,상해없음
2014091100100508,2014년 9월 11일 19시,목요일,대전광역시 유성구 구암동,경상사고,0,0,1,0,차대차 - 기타,안전운전불이행,건조,맑음,단일로 - 기타,승용,남,28세,상해없음,승용,남,38세,상해없음
2014091100100566,2014년 9월 11일 21시,목요일,대전광역시 동구 가양동,중상사고,0,1,0,0,차대차 - 측면직각충돌,안전운전불이행,건조,맑음,단일로 - 기타,승용,남,61세,상해없음,이륜,남,23세,중상
2014091100100567,2014년 9월 11일 21시,목요일,대전광역시 서구 둔산동,중상사고,0,1,0,0,차대사람 - 횡단중,보행자보호의무위반,건조,맑음,교차로 - 교차로안,승용,남,58세,상해없음,보행자,남,15세,중상
2014091200100022,2014년 9월 12일 01시,금요일,대전광역시 중구 중촌동,경상사고,0,0,1,0,차대차 - 측면직각충돌,안전운전불이행,건조,맑음,단일로 - 교량,승용,남,38세,상해없음,승용,남,60세,경상
2014091200100062,2014년 9월 12일 05시,금요일,대전광역시 유성구 반석동,중상사고,0,2,1,0,차대차 - 추돌 - 주정차중,안전운전불이행,건조,맑음,교차로 - 교차로부근,승용,남,59세,중상,승용,남,27세,중상
2014091200100096,2014년 9월 12일 07시,금요일,대전광역시 중구 선화동,중상사고,0,1,0,0,차대사람 - 횡단중,보행자보호의무위반,건조,맑음,교차로 - 교차로안,건설기계,남,46세,상해없음,보행자,여,52세,중상
2014091200100097,2014년 9월 12일 07시,금요일,대전광역시 서구 용문동,경상사고,0,0,1,0,차대차 - 기타,안전운전불이행,건조,맑음,교차로 - 교차로안,승용,여,34세,상해없음,자전거,남,11세,상해없음
2014091200100134,2014년 9월 12일 08시,금요일,대전광역시 중구 유천동,중상사고,0,1,1,0,차대차 - 추돌 - 주정차중,안전운전불이행,건조,맑음,단일로 - 기타,승용,여,38세,상해없음,승용,남,57세,경상
2014091200100135,2014년 9월 12일 08시,금요일,대전광역시 유성구 구암동,경상사고,0,0,1,0,차량단독 - 기타,안전운전불이행,건조,맑음,단일로 - 기타,승합,남,53세,상해없음,,,,
2014091200100136,2014년 9월 12일 08시,금요일,대전광역시 서구 월평동,중상사고,0,1,1,0,차대차 - 기타,안전거리미확보,건조,맑음,단일로 - 기타,승합,남,44세,상해없음,승용,여,35세,중상
2014091200100157,2014년 9월 12일 09시,금요일,대전광역시 동구 가양동,경상사고,0,0,1,0,차대차 - 측면직각충돌,직진우회전진행방해,건조,맑음,교차로 - 교차로안,자전거,남,70세,경상,승용,남,57세,상해없음
2014091200100185,2014년 9월 12일 10시,금요일,대전광역시 서구 복수동,경상사고,0,0,1,0,차대차 - 측면직각충돌,안전운전불이행,건조,맑음,교차로 - 교차로안,이륜,남,21세,상해없음,승용,여,27세,경상
2014091200100186,2014년 9월 12일 10시,금요일,대전광역시 대덕구 오정동,중상사고,0,1,0,0,차대차 - 기타,교차로운행방법위반,건조,맑음,단일로 - 기타,화물,남,30세,상해없음,원동기,남,44세,중상
2014091200100220,2014년 9월 12일 11시,금요일,대전광역시 중구 선화동,경상사고,0,0,1,0,차대차 - 기타,안전운전불이행,건조,맑음,단일로 - 기타,화물,남,51세,상해없음,이륜,남,22세,경상
2014091200100221,2014년 9월 12일 11시,금요일,대전광역시 동구 원동,경상사고,0,0,1,0,차량단독 - 기타,기타,건조,맑음,단일로 - 기타,승합,남,50세,상해없음,,,,
2014091200100222,2014년 9월 12일 11시,금요일,대전광역시 동구 가양동,경상사고,0,0,2,0,차대차 - 추돌 - 주정차중,안전운전불이행,건조,맑음,교차로 - 교차로부근,승용,남,49세,상해없음,승용,남,48세,상해없음
2014091200100293,2014년 9월 12일 14시,금요일,대전광역시 유성구 송강동,중상사고,0,1,0,0,차량단독 - 기타,안전운전불이행,건조,맑음,단일로 - 기타,승합,남,50세,상해없음,,,,
2014091200100399,2014년 9월 12일 17시,금요일,대전광역시 동구 삼성동,경상사고,0,0,1,0,차대차 - 기타,안전운전불이행,건조,맑음,교차로 - 교차로안,승용,여,47세,상해없음,자전거,남,38세,경상
2014091200100400,2014년 9월 12일 17시,금요일,대전광역시 대덕구 상서동,중상사고,0,1,0,0,차대차 - 기타,안전운전불이행,건조,맑음,단일로 - 기타,승용,남,66세,상해없음,자전거,남,66세,중상
2014091200100431,2014년 9월 12일 18시,금요일,대전광역시 유성구 봉명동,경상사고,0,0,1,0,차대사람 - 기타,안전운전불이행,건조,맑음,단일로 - 기타,자전거,남,64세,상해없음,보행자,여,49세,경상
2014091200100432,2014년 9월 12일 18시,금요일,대전광역시 유성구 관평동,중상사고,0,1,0,0,차대차 - 기타,안전운전불이행,건조,맑음,교차로 - 교차로부근,승용,남,28세,상해없음,자전거,남,17세,중상
2014091200100479,2014년 9월 12일 19시,금요일,대전광역시 중구 용두동,중상사고,0,1,0,0,차대사람 - 길가장자리구역통행중,안전운전불이행,건조,흐림,교차로 - 교차로부근,승용,남,70세,상해없음,보행자,여,74세,중상
2014091200100480,2014년 9월 12일 19시,금요일,대전광역시 대덕구 비래동,경상사고,0,0,1,0,차대사람 - 보도통행중,보행자보호의무위반,건조,맑음,교차로 - 교차로안,화물,남,46세,상해없음,보행자,여,30세,경상
2014091200100481,2014년 9월 12일 19시,금요일,대전광역시 서구 탄방동,경상사고,0,0,1,0,차대사람 - 기타,안전운전불이행,건조,맑음,교차로 - 교차로안,승용,남,35세,기타불명,보행자,여,26세,경상
2014091200100517,2014년 9월 12일 20시,금요일,대전광역시 대덕구 중리동,중상사고,0,1,0,0,차대사람 - 보도통행중,보행자보호의무위반,건조,맑음,교차로 - 교차로안,승용,여,49세,상해없음,보행자,여,6세,중상
2014091200100518,2014년 9월 12일 20시,금요일,대전광역시 대덕구 중리동,중상사고,0,1,0,0,차량단독 - 기타,기타,건조,맑음,단일로 - 기타,승합,남,60세,상해없음,,,,
2014091200100565,2014년 9월 12일 21시,금요일,대전광역시 중구 문화동,경상사고,0,0,1,0,차대차 - 추돌 - 주정차중,안전운전불이행,건조,맑음,단일로 - 기타,승용,여,63세,상해없음,승용,남,43세,경상
2014091200100566,2014년 9월 12일 21시,금요일,대전광역시 유성구 봉명동,경상사고,0,0,1,0,차대차 - 추돌 - 진행중,안전거리미확보,건조,맑음,단일로 - 기타,승용,여,54세,상해없음,승합,남,56세,경상
2014091200100609,2014년 9월 12일 23시,금요일,대전광역시 서구 도마동,경상사고,0,0,1,0,차대차 - 추돌 - 진행중,안전거리미확보,건조,맑음,단일로 - 기타,승용,남,64세,상해없음,승용,남,28세,경상
2014091300100023,2014년 9월 13일 00시,토요일,대전광역시 유성구 봉명동,경상사고,0,0,2,0,차대차 - 추돌 - 진행중,안전운전불이행,건조,맑음,교차로 - 교차로부근,승용,남,54세,기타불명,승용,남,27세,경상
2014091300100024,2014년 9월 13일 00시,토요일,대전광역시 서구 갈마동,경상사고,0,0,1,0,차대사람 - 횡단중,안전운전불이행,건조,맑음,단일로 - 횡단보도부근,승용,남,51세,상해없음,보행자,남,43세,경상
2014091300100025,2014년 9월 13일 00시,토요일,대전광역시 서구 둔산동,중상사고,0,1,0,0,차대차 - 추돌 - 진행중,안전운전불이행,건조,맑음,교차로 - 교차로부근,승용,남,33세,상해없음,승용,남,36세,중상
2014091300100054,2014년 9월 13일 02시,토요일,대전광역시 중구 대흥동,경상사고,0,0,2,0,차대차 - 측면직각충돌,안전거리미확보,건조,맑음,교차로 - 교차로안,승용,남,31세,상해없음,승용,남,56세,경상
2014091300100072,2014년 9월 13일 04시,토요일,대전광역시 중구 산성동,경상사고,0,0,2,0,차대차 - 측면직각충돌,안전운전불이행,건조,맑음,교차로 - 교차로안,승용,남,65세,상해없음,승용,여,56세,경상
2014091300100096,2014년 9월 13일 06시,토요일,대전광역시 동구 중동,중상사고,0,1,0,0,차대사람 - 길가장자리구역통행중,안전운전불이행,건조,맑음,단일로 - 기타,승용,기타불명,기타불명,기타불명,보행자,남,73세,중상
2014091300100136,2014년 9월 13일 08시,토요일,대전광역시 서구 월평동,중상사고,0,2,0,0,차대차 - 추돌 - 주정차중,안전거리미확보,건조,맑음,교차로 - 교차로부근,승용,여,48세,상해없음,승용,남,35세,중상
2014091300100237,2014년 9월 13일 11시,토요일,대전광역시 대덕구 오정동,경상사고,0,0,1,2,차대차 - 추돌 - 진행중,안전운전불이행,건조,맑음,교차로 - 교차로부근,화물,남,28세,상해없음,승용,남,42세,부상신고
2014091300100238,2014년 9월 13일 11시,토요일,대전광역시 서구 월평동,경상사고,0,0,1,0,차대차 - 추돌 - 진행중,안전거리미확보,건조,맑음,단일로 - 기타,승용,남,57세,상해없음,승용,여,54세,경상
2014091300100262,2014년 9월 13일 12시,토요일,대전광역시 서구 둔산동,경상사고,0,0,1,0,차대차 - 추돌 - 진행중,안전거리미확보,건조,맑음,교차로 - 교차로부근,승용,여,43세,상해없음,승용,여,49세,경상
2014091300100263,2014년 9월 13일 12시,토요일,대전광역시 서구 둔산동,중상사고,0,1,1,0,차대차 - 추돌 - 주정차중,안전운전불이행,기타,맑음,기타 - 기타,승합,남,38세,상해없음,승용,여,38세,경상
2014091300100264,2014년 9월 13일 12시,토요일,대전광역시 서구 둔산동,중상사고,0,2,0,0,차대차 - 추돌 - 주정차중,안전운전불이행,건조,맑음,교차로 - 교차로안,화물,남,27세,상해없음,승용,여,38세,중상
2014091300100305,2014년 9월 13일 13시,토요일,대전광역시 중구 오류동,경상사고,0,0,1,0,차대차 - 추돌 - 주정차중,안전운전불이행,건조,맑음,단일로 - 기타,승용,남,51세,상해없음,승용,남,34세,경상
2014091300100369,2014년 9월 13일 15시,토요일,대전광역시 서구 복수동,경상사고,0,0,1,0,차대차 - 측면직각충돌,교차로운행방법위반,건조,맑음,교차로 - 교차로안,승용,여,46세,상해없음,승용,남,40세,경상
2014091300100370,2014년 9월 13일 15시,토요일,대전광역시 서구 둔산동,경상사고,0,0,3,0,차대차 - 추돌 - 진행중,안전운전불이행,건조,맑음,교차로 - 교차로부근,승용,여,53세,상해없음,승용,남,25세,경상
2014091300100404,2014년 9월 13일 16시,토요일,대전광역시 서구 둔산동,부상신고사고,0,0,0,1,차대차 - 기타,안전거리미확보,건조,맑음,단일로 - 기타,자전거,여,67세,부상신고,승용,남,57세,상해없음
2014091300100443,2014년 9월 13일 17시,토요일,대전광역시 서구 만년동,경상사고,0,0,1,0,차대차 - 기타,안전거리미확보,건조,맑음,단일로 - 기타,자전거,여,51세,상해없음,자전거,남,55세,경상
2014091300100479,2014년 9월 13일 18시,토요일,대전광역시 동구 가양동,경상사고,0,0,1,0,차대차 - 기타,안전운전불이행,건조,맑음,단일로 - 기타,승용,남,50세,상해없음,승용,여,43세,경상
2014091300100554,2014년 9월 13일 20시,토요일,대전광역시 동구 성남동,경상사고,0,0,1,0,차대차 - 측면직각충돌,안전운전불이행,건조,맑음,단일로 - 기타,승용,남,30세,상해없음,자전거,남,18세,경상
2014091300100555,2014년 9월 13일 20시,토요일,대전광역시 서구 관저동,중상사고,0,1,0,0,차대사람 - 기타,안전운전불이행,건조,맑음,단일로 - 기타,승용,남,33세,상해없음,보행자,남,52세,중상
2014091300100556,2014년 9월 13일 20시,토요일,대전광역시 대덕구 덕암동,경상사고,0,0,2,0,차대사람 - 횡단중,중앙선침범,건조,맑음,단일로 - 기타,승용,여,39세,상해없음,보행자,남,11세,경상
2014091300100604,2014년 9월 13일 22시,토요일,대전광역시 중구 옥계동,중상사고,0,1,2,0,차대차 - 추돌 - 주정차중,안전운전불이행,건조,맑음,교차로 - 교차로부근,승합,남,54세,상해없음,승용,여,44세,경상
2014091300100633,2014년 9월 13일 23시,토요일,대전광역시 중구 문창동,중상사고,0,2,0,0,차대사람 - 기타,중앙선침범,건조,맑음,단일로 - 기타,화물,남,55세,상해없음,보행자,남,21세,중상
2014091300100634,2014년 9월 13일 23시,토요일,대전광역시 서구 갈마동,중상사고,0,1,0,0,차대차 - 기타,안전운전불이행,건조,맑음,교차로 - 교차로안,승용,기타불명,기타불명,기타불명,원동기,남,43세,중상
2014091400100024,2014년 9월 14일 01시,일요일,대전광역시 중구 문화동,경상사고,0,0,2,0,차대차 - 추돌 - 주정차중,안전운전불이행,건조,맑음,교차로 - 교차로부근,승용,남,34세,상해없음,승용,남,53세,경상
2014091400100064,2014년 9월 14일 04시,일요일,대전광역시 서구 둔산동,경상사고,0,0,1,0,차대차 - 기타,안전운전불이행,건조,맑음,단일로 - 기타,승용,남,22세,상해없음,승용,남,66세,경상
2014091400100073,2014년 9월 14일 05시,일요일,대전광역시 동구 판암동,경상사고,0,0,2,0,차대차 - 추돌 - 주정차중,안전운전불이행,건조,맑음,단일로 - 기타,원동기,남,15세,경상,화물,남,57세,기타불명
2014091400100103,2014년 9월 14일 07시,일요일,대전광역시 동구 홍도동,중상사고,0,1,0,0,차량단독 - 기타,기타,건조,맑음,단일로 - 기타,승합,남,52세,상해없음,,,,
2014091400100146,2014년 9월 14일 10시,일요일,대전광역시 동구 용운동,경상사고,0,0,2,0,차대차 - 기타,신호위반,건조,맑음,교차로 - 교차로안,승용,여,51세,상해없음,승용,여,30세,경상
2014091400100147,2014년 9월 14일 10시,일요일,대전광역시 서구 탄방동,중상사고,0,1,0,0,차대차 - 기타,교차로운행방법위반,건조,맑음,교차로 - 교차로안,승용,여,43세,상해없음,이륜,남,52세,중상
2014091400100222,2014년 9월 14일 13시,일요일,대전광역시 서구 변동,사망사고,1,0,0,0,차대사람 - 기타,안전운전불이행,건조,맑음,교차로 - 교차로안,승용,남,42세,상해없음,보행자,여,52세,사망
2014091400100250,2014년 9월 14일 14시,일요일,대전광역시 서구 갈마동,중상사고,0,1,3,0,차대차 - 기타,안전운전불이행,건조,맑음,단일로 - 기타,승용,남,49세,상해없음,승용,남,53세,경상
2014091400100315,2014년 9월 14일 16시,일요일,대전광역시 대덕구 미호동,중상사고,0,1,0,0,차대사람 - 기타,기타,건조,맑음,단일로 - 기타,승용,남,26세,상해없음,보행자,남,65세,중상
2014091400100349,2014년 9월 14일 17시,일요일,대전광역시 서구 도마동,중상사고,0,1,0,0,차대차 - 기타,안전운전불이행,건조,맑음,단일로 - 기타,승용,남,65세,상해없음,이륜,남,23세,중상
2014091400100350,2014년 9월 14일 17시,일요일,대전광역시 유성구 용계동,경상사고,0,0,1,0,차대차 - 기타,안전운전불이행,건조,맑음,단일로 - 횡단보도상,승용,남,55세,상해없음,자전거,남,20세,경상
2014091400100408,2014년 9월 14일 19시,일요일,대전광역시 동구 인동,부상신고사고,0,0,0,1,차대사람 - 기타,보행자보호의무위반,건조,맑음,교차로 - 교차로부근,화물,남,70세,상해없음,보행자,남,34세,부상신고
2014091400100469,2014년 9월 14일 22시,일요일,대전광역시 서구 둔산동,경상사고,0,0,2,0,차대차 - 추돌 - 진행중,신호위반,건조,맑음,교차로 - 교차로안,승용,여,45세,상해없음,승용,남,57세,경상
2014091400100470,2014년 9월 14일 22시,일요일,대전광역시 서구 월평동,중상사고,0,1,0,0,차대사람 - 보도통행중,보행자보호의무위반,건조,맑음,단일로 - 횡단보도상,승용,남,51세,상해없음,보행자,여,56세,중상
2014091500100092,2014년 9월 15일 08시,월요일,대전광역시 유성구 장대동,경상사고,0,0,4,0,차대차 - 기타,안전운전불이행,건조,맑음,단일로 - 기타,승용,남,52세,상해없음,승용,남,40세,경상
2014091500100140,2014년 9월 15일 09시,월요일,대전광역시 서구 탄방동,중상사고,0,1,0,0,차대사람 - 횡단중,안전운전불이행,건조,맑음,교차로 - 교차로안,승용,남,34세,상해없음,보행자,남,50세,중상
2014091500100286,2014년 9월 15일 14시,월요일,대전광역시 중구 오류동,경상사고,0,0,1,0,차대차 - 측면직각충돌,안전운전불이행,건조,맑음,교차로 - 교차로안,승용,남,56세,상해없음,자전거,여,26세,경상
2014091500100287,2014년 9월 15일 14시,월요일,대전광역시 서구 정림동,중상사고,0,1,0,2,차대차 - 추돌 - 진행중,안전운전불이행,건조,맑음,교차로 - 교차로안,승용,남,51세,상해없음,화물,남,56세,중상
2014091500100317,2014년 9월 15일 15시,월요일,대전광역시 동구 삼괴동,경상사고,0,0,3,0,차대차 - 추돌 - 진행중,안전거리미확보,건조,맑음,단일로 - 기타,승합,남,49세,상해없음,승용,남,22세,경상
2014091500100408,2014년 9월 15일 18시,월요일,대전광역시 대덕구 덕암동,경상사고,0,0,4,0,차대차 - 추돌 - 주정차중,안전운전불이행,건조,맑음,단일로 - 기타,승용,남,54세,상해없음,승용,여,36세,경상
2014091500100431,2014년 9월 15일 18시,월요일,대전광역시 중구 태평동,중상사고,0,1,0,0,차대사람 - 횡단중,안전운전불이행,건조,맑음,단일로 - 기타,승용,여,53세,상해없음,보행자,여,16세,중상
2014091500100432,2014년 9월 15일 18시,월요일,대전광역시 유성구 봉명동,경상사고,0,0,3,0,차대차 - 기타,중앙선침범,건조,맑음,단일로 - 기타,승용,여,26세,상해없음,승용,남,36세,경상
2014091500100473,2014년 9월 15일 19시,월요일,대전광역시 유성구 용산동,경상사고,0,0,4,0,차대차 - 기타,신호위반,건조,맑음,교차로 - 교차로안,승용,여,54세,상해없음,승용,남,36세,경상
2014091500100506,2014년 9월 15일 20시,월요일,대전광역시 서구 둔산동,경상사고,0,0,3,0,차대차 - 기타,차로위반,건조,맑음,단일로 - 기타,승용,남,55세,상해없음,승용,여,40세,경상
2014091500100534,2014년 9월 15일 21시,월요일,대전광역시 대덕구 신탄진동,경상사고,0,0,1,0,차대사람 - 횡단중,보행자보호의무위반,건조,맑음,교차로 - 교차로부근,승용,남,60세,상해없음,보행자,여,39세,경상
2014091500100553,2014년 9월 15일 22시,월요일,대전광역시 서구 월평동,중상사고,0,2,2,0,차대차 - 기타,안전운전불이행,건조,맑음,단일로 - 기타,승용,남,49세,상해없음,승용,남,44세,중상
2014091500100577,2014년 9월 15일 23시,월요일,대전광역시 중구 중촌동,중상사고,0,1,1,0,차대사람 - 보도통행중,보행자보호의무위반,건조,맑음,교차로 - 교차로부근,승용,남,53세,상해없음,보행자,남,67세,경상
2014091500100578,2014년 9월 15일 23시,월요일,대전광역시 중구 문화동,경상사고,0,0,1,0,차대사람 - 보도통행중,안전운전불이행,건조,맑음,단일로 - 횡단보도상,승용,여,52세,상해없음,보행자,남,55세,경상
2014091500100579,2014년 9월 15일 23시,월요일,대전광역시 동구 가양동,경상사고,0,0,1,0,차대차 - 기타,안전운전불이행,건조,맑음,교차로 - 교차로안,승용,남,39세,상해없음,원동기,남,23세,경상
2014091600100019,2014년 9월 16일 00시,화요일,대전광역시 유성구 반석동,중상사고,0,1,1,0,차대차 - 기타,안전운전불이행,건조,맑음,교차로 - 교차로안,승용,남,47세,상해없음,승용,남,42세,경상
2014091600100034,2014년 9월 16일 01시,화요일,대전광역시 중구 오류동,중상사고,0,1,0,0,차대사람 - 기타,안전운전불이행,건조,맑음,교차로 - 교차로부근,승용,남,63세,상해없음,보행자,남,51세,중상
2014091600100035,2014년 9월 16일 01시,화요일,대전광역시 동구 판암동,경상사고,0,0,1,0,차대차 - 기타,안전운전불이행,건조,맑음,교차로 - 교차로안,자전거,남,43세,경상,승용,남,48세,상해없음
2014091600100036,2014년 9월 16일 01시,화요일,대전광역시 서구 용문동,경상사고,0,0,1,0,차대차 - 측면직각충돌,신호위반,건조,맑음,교차로 - 교차로안,기타불명,기타불명,기타불명,기타불명,승용,남,27세,경상
2014091600100109,2014년 9월 16일 07시,화요일,대전광역시 대덕구 목상동,중상사고,0,2,0,0,차대차 - 추돌 - 주정차중,안전운전불이행,건조,맑음,교차로 - 교차로부근,특수,남,48세,상해없음,승용,남,38세,중상
2014091600100149,2014년 9월 16일 08시,화요일,대전광역시 대덕구 중리동,부상신고사고,0,0,0,1,차대차 - 기타,안전운전불이행,건조,맑음,단일로 - 기타,승용,남,35세,상해없음,승용,남,43세,부상신고
2014091600100150,2014년 9월 16일 08시,화요일,대전광역시 유성구 하기동,경상사고,0,0,1,0,차대차 - 측면직각충돌,신호위반,건조,맑음,교차로 - 교차로안,승용,여,42세,상해없음,이륜,남,30세,경상
2014091600100207,2014년 9월 16일 10시,화요일,대전광역시 유성구 송강동,경상사고,0,0,1,0,차대차 - 기타,안전운전불이행,건조,맑음,단일로 - 횡단보도상,승용,여,39세,상해없음,자전거,남,54세,경상
2014091600100248,2014년 9월 16일 12시,화요일,대전광역시 서구 갈마동,중상사고,0,1,0,0,차대사람 - 횡단중,보행자보호의무위반,건조,맑음,단일로 - 횡단보도상,승용,여,50세,상해없음,보행자,여,64세,중상
2014091600100291,2014년 9월 16일 14시,화요일,대전광역시 중구 오류동,중상사고,0,1,0,0,차량단독 - 기타,기타,건조,맑음,단일로 - 기타,승합,남,56세,상해없음,,,,
2014091600100352,2014년 9월 16일 16시,화요일,대전광역시 중구 문화동,경상사고,0,0,1,0,차량단독 - 기타,기타,건조,맑음,단일로 - 기타,승합,남,51세,상해없음,,,,
2014091600100353,2014년 9월 16일 16시,화요일,대전광역시 동구 대동,중상사고,0,1,0,0,차대사람 - 횡단중,안전운전불이행,건조,맑음,단일로 - 기타,원동기,남,70세,상해없음,보행자,남,2세,중상
2014091600100354,2014년 9월 16일 16시,화요일,대전광역시 동구 가오동,경상사고,0,0,1,0,차대차 - 측면직각충돌,신호위반,건조,맑음,교차로 - 교차로안,승용,여,32세,상해없음,승합,여,40세,경상
2014091600100392,2014년 9월 16일 17시,화요일,대전광역시 대덕구 읍내동,사망사고,1,0,0,0,차대차 - 측면직각충돌,신호위반,건조,맑음,교차로 - 교차로안,건설기계,남,59세,상해없음,자전거,남,72세,사망
2014091600100529,2014년 9월 16일 21시,화요일,대전광역시 중구 산성동,경상사고,0,0,1,0,차대차 - 추돌 - 진행중,안전운전불이행,건조,맑음,교차로 - 교차로안,승용,남,57세,상해없음,승용,남,46세,경상
2014091600100553,2014년 9월 16일 22시,화요일,대전광역시 유성구 관평동,사망사고,1,0,0,0,차대차 - 기타,불법유턴,건조,맑음,단일로 - 기타,승용,여,41세,상해없음,자전거,남,17세,사망
2014091600100575,2014년 9월 16일 23시,화요일,대전광역시 서구 도마동,중상사고,0,1,0,0,차대사람 - 보도통행중,신호위반,건조,맑음,단일로 - 횡단보도상,승용,남,23세,상해없음,보행자,여,22세,중상
2014091600100576,2014년 9월 16일 23시,화요일,대전광역시 서구 탄방동,경상사고,0,0,1,0,차대차 - 추돌 - 주정차중,안전운전불이행,건조,맑음,교차로 - 교차로부근,승용,남,46세,상해없음,승용,남,53세,상해없음
2014091700100029,2014년 9월 17일 01시,수요일,대전광역시 중구 태평동,경상사고,0,0,1,0,차대차 - 추돌 - 진행중,안전운전불이행,건조,맑음,교차로 - 교차로안,승용,남,22세,상해없음,승용,여,47세,경상
2014091700100090,2014년 9월 17일 06시,수요일,대전광역시 서구 내동,경상사고,0,0,1,0,차대차 - 추돌 - 주정차중,안전운전불이행,건조,맑음,단일로 - 기타,승용,남,25세,상해없음,승합,남,50세,경상
2014091700100153,2014년 9월 17일 08시,수요일,대전광역시 대덕구 오정동,경상사고,0,0,1,0,차대사람 - 기타,안전운전불이행,건조,맑음,기타 - 기타,자전거,여,31세,상해없음,보행자,여,52세,경상
2014091700100154,2014년 9월 17일 08시,수요일,대전광역시 서구 둔산동,경상사고,0,0,1,0,차대차 - 추돌 - 진행중,신호위반,건조,맑음,교차로 - 교차로안,승용,남,64세,상해없음,승용,남,56세,경상
2014091700100176,2014년 9월 17일 09시,수요일,대전광역시 대덕구 신탄진동,중상사고,0,1,0,0,차량단독 - 기타,기타,건조,맑음,단일로 - 기타,승합,남,57세,상해없음,,,,
2014091700100228,2014년 9월 17일 11시,수요일,대전광역시 중구 문창동,중상사고,0,1,0,0,차대차 - 기타,안전운전불이행,건조,맑음,교차로 - 교차로안,승용,여,47세,상해없음,원동기,남,59세,중상
2014091700100229,2014년 9월 17일 11시,수요일,대전광역시 동구 삼성동,경상사고,0,0,1,0,차대차 - 측면직각충돌,신호위반,건조,맑음,교차로 - 교차로안,승용,남,65세,상해없음,승용,여,53세,경상
2014091700100293,2014년 9월 17일 13시,수요일,대전광역시 중구 문화동,중상사고,0,1,0,0,차량단독 - 공작물충돌,기타,건조,맑음,단일로 - 기타,승합,남,55세,상해없음,,,,
2014091700100294,2014년 9월 17일 13시,수요일,대전광역시 동구 천동,사망사고,1,0,0,0,차대사람 - 보도통행중,안전운전불이행,건조,맑음,교차로 - 교차로부근,화물,남,51세,상해없음,보행자,여,84세,사망
2014091700100315,2014년 9월 17일 14시,수요일,대전광역시 유성구 장대동,경상사고,0,0,1,0,차대차 - 추돌 - 주정차중,안전운전불이행,건조,맑음,단일로 - 기타,승용,남,19세,상해없음,승용,남,52세,경상
2014091700100349,2014년 9월 17일 15시,수요일,대전광역시 동구 용전동,경상사고,0,0,3,0,차대차 - 추돌 - 진행중,안전거리미확보,건조,맑음,단일로 - 기타,승합,남,59세,경상,승용,남,40세,상해없음
2014091700100426,2014년 9월 17일 17시,수요일,대전광역시 동구 소제동,중상사고,0,1,0,0,차대사람 - 기타,안전운전불이행,건조,맑음,기타 - 기타,승용,남,40세,상해없음,보행자,여,53세,중상