사고번호,사고일시,요일,시군구,사고내용,사망자수,중상자수,경상자수,부상신고자수,사고유형,법규위반,노면상태,기상상태,도로형태,가해운전자 차종,가해운전자 성별,가해운전자 연령,가해운전자 상해정도,피해운전자 차종,피해운전자 성별,피해운전자 연령,피해운전자 상해정도
2014091700100427,2014년 9월 17일 17시,수요일,대전광역시 대덕구 덕암동,중상사고,0,1,0,0,차대차 - 측면직각충돌,차로위반,건조,맑음,단일로 - 기타,화물,남,37세,상해없음,승용,남,44세,중상
2014091700100484,2014년 9월 17일 18시,수요일,대전광역시 중구 은행동,경상사고,0,0,3,0,차대차 - 측면직각충돌,안전거리미확보,건조,맑음,단일로 - 기타,승용,남,67세,상해없음,승용,여,51세,경상
2014091700100485,2014년 9월 17일 18시,수요일,대전광역시 중구 유천동,경상사고,0,0,1,0,차대차 - 측면직각충돌,안전운전불이행,건조,맑음,교차로 - 교차로안,승용,남,54세,기타불명,승합,남,53세,경상
2014091700100487,2014년 9월 17일 18시,수요일,대전광역시 서구 갈마동,경상사고,0,0,1,0,차대사람 - 차도통행중,안전운전불이행,건조,맑음,단일로 - 기타,승용,여,22세,상해없음,보행자,남,33세,경상
2014091700100598,2014년 9월 17일 21시,수요일,대전광역시 유성구 궁동,중상사고,0,1,0,0,차대차 - 측면직각충돌,중앙선침범,건조,맑음,단일로 - 기타,승용,남,27세,상해없음,자전거,남,20세,중상
2014091700100660,2014년 9월 17일 23시,수요일,대전광역시 서구 변동,사망사고,1,0,0,0,차대사람 - 횡단중,안전운전불이행,건조,맑음,교차로 - 교차로안,승용,남,55세,상해없음,보행자,남,60세,사망
2014091800100015,2014년 9월 18일 00시,목요일,대전광역시 서구 갈마동,경상사고,0,0,1,0,차대차 - 측면직각충돌,안전운전불이행,건조,맑음,교차로 - 교차로부근,이륜,남,25세,상해없음,승용,남,58세,경상
2014091800100030,2014년 9월 18일 01시,목요일,대전광역시 동구 가양동,경상사고,0,0,1,0,차대사람 - 기타,기타,건조,맑음,단일로 - 기타,승용,기타불명,기타불명,기타불명,보행자,여,45세,경상
2014091800100031,2014년 9월 18일 01시,목요일,대전광역시 서구 변동,경상사고,0,0,1,0,차대사람 - 기타,안전운전불이행,건조,맑음,단일로 - 기타,승용,남,51세,상해없음,보행자,남,32세,경상
2014091800100032,2014년 9월 18일 01시,목요일,대전광역시 대덕구 읍내동,중상사고,0,1,2,0,차대차 - 정면충돌,중앙선침범,건조,맑음,단일로 - 기타,승용,남,60세,상해없음,승용,남,55세,중상
2014091800100033,2014년 9월 18일 01시,목요일,대전광역시 서구 월평동,경상사고,0,0,1,1,차대차 - 기타,기타,건조,맑음,단일로 - 기타,승용,남,53세,상해없음,이륜,남,27세,경상
2014091800100065,2014년 9월 18일 05시,목요일,대전광역시 중구 문화동,중상사고,0,1,0,0,차대사람 - 횡단중,보행자보호의무위반,건조,맑음,교차로 - 교차로안,화물,남,64세,상해없음,보행자,남,60세,중상
2014091800100066,2014년 9월 18일 05시,목요일,대전광역시 대덕구 오정동,중상사고,0,1,0,0,차대차 - 추돌 - 주정차중,안전운전불이행,건조,맑음,교차로 - 교차로안,화물,남,42세,상해없음,승용,남,50세,중상
2014091800100157,2014년 9월 18일 08시,목요일,대전광역시 대덕구 중리동,경상사고,0,0,1,1,차대차 - 추돌 - 주정차중,안전거리미확보,건조,맑음,단일로 - 기타,승용,남,69세,상해없음,승용,여,30세,경상
2014091800100176,2014년 9월 18일 09시,목요일,대전광역시 서구 둔산동,중상사고,0,1,1,0,차대차 - 측면직각충돌,교차로운행방법위반,건조,맑음,교차로 - 교차로안,승용,남,53세,상해없음,승용,여,36세,경상
2014091800100211,2014년 9월 18일 10시,목요일,대전광역시 동구 삼괴동,경상사고,0,0,1,0,차대차 - 측면직각충돌,안전운전불이행,건조,맑음,단일로 - 기타,건설기계,남,59세,상해없음,승용,남,69세,경상
2014091800100350,2014년 9월 18일 15시,목요일,대전광역시 서구 가수원동,중상사고,0,1,0,0,차대사람 - 기타,안전운전불이행,건조,맑음,단일로 - 횡단보도상,승합,남,42세,상해없음,보행자,남,64세,중상
2014091800100395,2014년 9월 18일 16시,목요일,대전광역시 유성구 도룡동,경상사고,0,0,3,0,차대차 - 기타,안전거리미확보,건조,맑음,단일로 - 기타,승용,남,36세,상해없음,승용,남,54세,경상
2014091800100515,2014년 9월 18일 19시,목요일,대전광역시 중구 안영동,중상사고,0,1,1,0,차대차 - 기타,교차로운행방법위반,건조,맑음,교차로 - 교차로안,화물,남,57세,경상,승용,남,38세,중상
2014091800100516,2014년 9월 18일 19시,목요일,대전광역시 유성구 장대동,경상사고,0,0,1,0,차대차 - 측면직각충돌,안전운전불이행,건조,맑음,교차로 - 교차로안,기타불명,기타불명,기타불명,기타불명,자전거,남,11세,경상
2014091800100547,2014년 9월 18일 20시,목요일,대전광역시 서구 갈마동,경상사고,0,0,1,0,차대사람 - 길가장자리구역통행중,안전운전불이행,건조,맑음,기타 - 기타,자전거,남,22세,상해없음,보행자,여,23세,경상
2014091800100548,2014년 9월 18일 20시,목요일,대전광역시 유성구 궁동,경상사고,0,0,1,0,차대차 - 측면직각충돌,안전운전불이행,건조,맑음,교차로 - 교차로안,승용,남,50세,상해없음,이륜,남,41세,경상
2014091800100623,2014년 9월 18일 22시,목요일,대전광역시 서구 가장동,경상사고,0,0,2,0,차대차 - 기타,안전운전불이행,건조,맑음,교차로 - 교차로안,승용,여,42세,상해없음,승용,남,41세,경상
2014091800100624,2014년 9월 18일 22시,목요일,대전광역시 대덕구 중리동,중상사고,0,1,0,0,차대차 - 추돌 - 주정차중,안전운전불이행,건조,맑음,교차로 - 교차로부근,자전거,여,19세,중상,원동기,남,19세,상해없음
2014091800100644,2014년 9월 18일 23시,목요일,대전광역시 서구 도마동,경상사고,0,0,1,0,차대차 - 기타,안전운전불이행,건조,맑음,단일로 - 기타,승용,남,23세,상해없음,승용,여,26세,기타불명
2014091900100028,2014년 9월 19일 00시,금요일,대전광역시 동구 가양동,경상사고,0,0,1,0,차대차 - 추돌 - 진행중,안전운전불이행,건조,맑음,단일로 - 기타,승용,기타불명,기타불명,기타불명,이륜,남,32세,경상
2014091900100029,2014년 9월 19일 00시,금요일,대전광역시 서구 갈마동,경상사고,0,0,1,0,차대사람 - 기타,안전운전불이행,건조,맑음,단일로 - 기타,승용,남,39세,상해없음,보행자,남,44세,경상
2014091900100132,2014년 9월 19일 07시,금요일,대전광역시 중구 문화동,중상사고,0,1,0,0,차대사람 - 기타,보행자보호의무위반,건조,맑음,단일로 - 횡단보도상,승용,남,86세,상해없음,보행자,여,35세,중상
2014091900100133,2014년 9월 19일 07시,금요일,대전광역시 대덕구 신탄진동,경상사고,0,0,1,0,차대사람 - 길가장자리구역통행중,안전운전불이행,건조,맑음,단일로 - 기타,승용,여,50세,기타불명,보행자,여,20세,경상
2014091900100179,2014년 9월 19일 08시,금요일,대전광역시 중구 선화동,경상사고,0,0,1,0,차대차 - 기타,교차로운행방법위반,건조,맑음,교차로 - 교차로안,승용,여,26세,상해없음,승용,여,40세,경상
2014091900100211,2014년 9월 19일 09시,금요일,대전광역시 대덕구 대화동,중상사고,0,1,0,0,차대사람 - 기타,안전운전불이행,건조,맑음,단일로 - 기타,승용,여,42세,상해없음,보행자,여,69세,중상
2014091900100237,2014년 9월 19일 10시,금요일,대전광역시 중구 석교동,중상사고,0,1,5,0,차대차 - 측면직각충돌,중앙선침범,건조,맑음,단일로 - 기타,화물,남,57세,상해없음,승용,남,24세,중상
2014091900100260,2014년 9월 19일 11시,금요일,대전광역시 유성구 지족동,경상사고,0,0,2,0,차대차 - 추돌 - 주정차중,안전거리미확보,건조,맑음,교차로 - 교차로부근,승합,남,61세,상해없음,승용,남,61세,경상
2014091900100296,2014년 9월 19일 12시,금요일,대전광역시 유성구 봉명동,중상사고,0,1,0,0,차량단독 - 기타,안전운전불이행,건조,맑음,단일로 - 기타,승합,남,38세,상해없음,,,,
2014091900100328,2014년 9월 19일 13시,금요일,대전광역시 서구 가장동,경상사고,0,0,1,0,차대사람 - 기타,안전운전불이행,건조,맑음,단일로 - 기타,승용,여,67세,상해없음,보행자,남,27세,경상
2014091900100398,2014년 9월 19일 15시,금요일,대전광역시 서구 내동,경상사고,0,0,1,0,차량단독 - 기타,기타,건조,맑음,단일로 - 기타,승합,남,54세,상해없음,,,,
2014091900100433,2014년 9월 19일 16시,금요일,대전광역시 유성구 장대동,중상사고,0,1,0,0,차량단독 - 기타,기타,건조,맑음,단일로 - 기타,승합,남,59세,상해없음,,,,
2014091900100468,2014년 9월 19일 17시,금요일,대전광역시 유성구 탑립동,중상사고,0,4,11,0,차대차 - 추돌 - 진행중,안전거리미확보,건조,맑음,단일로 - 기타,승합,남,50세,상해없음,화물,남,28세,중상
2014091900100527,2014년 9월 19일 18시,금요일,대전광역시 유성구 장동,중상사고,0,1,0,0,차대차 - 측면직각충돌,교차로운행방법위반,건조,맑음,교차로 - 교차로안,승용,남,55세,상해없음,자전거,남,41세,중상
2014091900100528,2014년 9월 19일 18시,금요일,대전광역시 유성구 구암동,경상사고,0,0,1,0,차대사람 - 횡단중,보행자보호의무위반,건조,맑음,단일로 - 횡단보도상,이륜,남,45세,상해없음,보행자,여,27세,경상
2014091900100588,2014년 9월 19일 19시,금요일,대전광역시 유성구 상대동,경상사고,0,0,2,0,차대차 - 측면직각충돌,안전운전불이행,건조,맑음,교차로 - 교차로안,승용,여,31세,상해없음,승용,남,61세,경상
2014091900100589,2014년 9월 19일 19시,금요일,대전광역시 서구 둔산동,경상사고,0,0,2,0,차량단독 - 기타,안전운전불이행,건조,맑음,단일로 - 기타,승합,남,54세,상해없음,,,,
2014091900100590,2014년 9월 19일 19시,금요일,대전광역시 서구 탄방동,경상사고,0,0,1,0,차대차 - 측면직각충돌,기타,건조,맑음,단일로 - 기타,승용,여,49세,상해없음,자전거,여,8세,경상
2014091900100626,2014년 9월 19일 20시,금요일,대전광역시 서구 월평동,중상사고,0,1,0,0,차대차 - 측면직각충돌,안전거리미확보,건조,맑음,단일로 - 기타,승용,남,22세,상해없음,화물,남,50세,중상
2014091900100669,2014년 9월 19일 21시,금요일,대전광역시 중구 선화동,중상사고,0,1,0,0,차대차 - 측면직각충돌,중앙선침범,건조,흐림,교차로 - 교차로부근,승용,남,23세,상해없음,원동기,남,51세,중상
2014091900100670,2014년 9월 19일 21시,금요일,대전광역시 동구 용운동,중상사고,0,1,0,0,차대사람 - 횡단중,안전운전불이행,건조,맑음,단일로 - 기타,원동기,남,22세,상해없음,보행자,남,56세,중상
2014091900100671,2014년 9월 19일 21시,금요일,대전광역시 동구 용전동,경상사고,0,0,1,0,차대차 - 측면직각충돌,중앙선침범,건조,맑음,단일로 - 기타,승용,남,45세,상해없음,승용,남,64세,경상
2014091900100705,2014년 9월 19일 22시,금요일,대전광역시 서구 용문동,경상사고,0,0,1,0,차대차 - 측면직각충돌,안전거리미확보,건조,맑음,단일로 - 교량,승용,남,67세,상해없음,승용,남,40세,상해없음
2014092000100049,2014년 9월 20일 01시,토요일,대전광역시 중구 중촌동,경상사고,0,0,2,0,차대차 - 추돌 - 진행중,안전운전불이행,건조,흐림,교차로 - 교차로부근,승용,남,38세,상해없음,승용,남,30세,상해없음
2014092000100050,2014년 9월 20일 01시,토요일,대전광역시 중구 태평동,경상사고,0,0,1,0,차대차 - 측면직각충돌,안전운전불이행,건조,맑음,교차로 - 교차로부근,승용,남,26세,상해없음,승용,남,27세,경상
2014092000100070,2014년 9월 20일 02시,토요일,대전광역시 서구 둔산동,경상사고,0,0,1,0,차대사람 - 길가장자리구역통행중,안전운전불이행,건조,맑음,단일로 - 기타,승용,남,27세,상해없음,보행자,여,20세,경상
2014092000100116,2014년 9월 20일 05시,토요일,대전광역시 대덕구 신대동,경상사고,0,0,1,0,차대차 - 추돌 - 주정차중,안전운전불이행,건조,맑음,단일로 - 기타,화물,남,56세,상해없음,승용,남,49세,상해없음
2014092000100194,2014년 9월 20일 08시,토요일,대전광역시 서구 만년동,경상사고,0,0,1,0,차대차 - 기타,신호위반,건조,맑음,교차로 - 교차로안,승용,여,50세,상해없음,승합,남,48세,경상
2014092000100248,2014년 9월 20일 10시,토요일,대전광역시 유성구 문지동,중상사고,0,1,0,0,차대차 - 추돌 - 주정차중,안전운전불이행,건조,맑음,단일로 - 기타,승용,남,48세,상해없음,승용,남,30세,중상
2014092000100282,2014년 9월 20일 11시,토요일,대전광역시 중구 목동,경상사고,0,0,2,0,차대차 - 기타,안전거리미확보,건조,맑음,단일로 - 기타,승용,남,75세,상해없음,승용,여,34세,상해없음
2014092000100283,2014년 9월 20일 11시,토요일,대전광역시 유성구 봉명동,경상사고,0,0,1,0,차대차 - 추돌 - 주정차중,안전거리미확보,건조,맑음,교차로 - 교차로부근,승용,여,59세,상해없음,승용,남,67세,경상
2014092000100363,2014년 9월 20일 13시,토요일,대전광역시 동구 정동,중상사고,0,1,0,0,차대차 - 측면직각충돌,안전운전불이행,건조,맑음,교차로 - 교차로안,승용,여,44세,상해없음,이륜,남,49세,중상
2014092000100415,2014년 9월 20일 14시,토요일,대전광역시 동구 판암동,중상사고,0,1,0,0,차대사람 - 기타,기타,건조,맑음,교차로 - 교차로부근,승합,남,52세,상해없음,보행자,여,77세,중상
2014092000100416,2014년 9월 20일 14시,토요일,대전광역시 유성구 원신흥동,중상사고,0,1,0,0,차대차 - 정면충돌,중앙선침범,건조,맑음,단일로 - 기타,승용,남,37세,상해없음,이륜,남,33세,중상
2014092000100457,2014년 9월 20일 15시,토요일,대전광역시 동구 삼성동,중상사고,0,1,0,0,차대차 - 측면직각충돌,안전운전불이행,건조,맑음,교차로 - 교차로부근,승용,남,84세,상해없음,승용,남,50세,중상
2014092000100532,2014년 9월 20일 17시,토요일,대전광역시 서구 탄방동,경상사고,0,0,1,0,차대사람 - 기타,안전운전불이행,건조,맑음,단일로 - 기타,승용,남,55세,상해없음,보행자,여,29세,경상
2014092000100624,2014년 9월 20일 19시,토요일,대전광역시 서구 용문동,중상사고,0,1,0,0,차대차 - 측면직각충돌,신호위반,건조,맑음,단일로 - 기타,승용,남,67세,상해없음,자전거,남,26세,중상
2014092000100625,2014년 9월 20일 19시,토요일,대전광역시 유성구 봉명동,경상사고,0,0,1,0,차대차 - 기타,안전운전불이행,건조,맑음,단일로 - 기타,기타불명,기타불명,기타불명,기타불명,승합,남,33세,기타불명
2014092000100695,2014년 9월 20일 21시,토요일,대전광역시 서구 도마동,경상사고,0,0,1,0,차대사람 - 길가장자리구역통행중,안전운전불이행,건조,맑음,단일로 - 기타,승용,기타불명,기타불명,기타불명,보행자,여,26세,경상
2014092000100696,2014년 9월 20일 21시,토요일,대전광역시 서구 월평동,경상사고,0,0,3,0,차대차 - 기타,안전거리미확보,건조,맑음,미분류 - 미분류,승용,남,68세,상해없음,승용,남,35세,경상
2014092000100697,2014년 9월 20일 21시,토요일,대전광역시 유성구 교촌동,경상사고,0,0,2,0,차대차 - 기타,신호위반,건조,맑음,교차로 - 교차로안,승용,여,47세,상해없음,승용,남,28세,경상
2014092000100729,2014년 9월 20일 22시,토요일,대전광역시 동구 삼성동,중상사고,0,1,1,1,차대차 - 추돌 - 주정차중,안전거리미확보,건조,맑음,단일로 - 기타,승용,남,65세,상해없음,승용,남,29세,중상
2014092000100730,2014년 9월 20일 22시,토요일,대전광역시 서구 도마동,중상사고,0,1,1,0,차대차 - 측면직각충돌,안전운전불이행,건조,맑음,단일로 - 기타,승용,남,53세,상해없음,승용,남,53세,경상
2014092000100760,2014년 9월 20일 23시,토요일,대전광역시 서구 갈마동,경상사고,0,0,1,0,차대사람 - 보도통행중,안전운전불이행,건조,맑음,교차로 - 교차로부근,승용,여,26세,상해없음,보행자,남,56세,경상
2014092100100025,2014년 9월 21일 00시,일요일,대전광역시 동구 가양동,중상사고,0,1,0,0,차대사람 - 횡단중,안전운전불이행,건조,맑음,교차로 - 교차로안,승용,남,54세,상해없음,보행자,남,51세,중상
2014092100100068,2014년 9월 21일 03시,일요일,대전광역시 유성구 노은동,중상사고,0,1,0,0,차량단독 - 공작물충돌,안전운전불이행,건조,맑음,미분류 - 미분류,원동기,남,22세,기타불명,,,,
2014092100100116,2014년 9월 21일 07시,일요일,대전광역시 유성구 관평동,중상사고,0,1,3,1,차대차 - 기타,안전운전불이행,건조,맑음,단일로 - 기타,승용,남,55세,부상신고,화물,남,46세,상해없음
2014092100100155,2014년 9월 21일 09시,일요일,대전광역시 대덕구 상서동,경상사고,0,0,1,0,차대차 - 측면직각충돌,안전거리미확보,건조,맑음,단일로 - 기타,승용,남,52세,상해없음,승용,남,40세,경상
2014092100100216,2014년 9월 21일 12시,일요일,대전광역시 중구 태평동,경상사고,0,0,1,0,차량단독 - 기타,기타,건조,맑음,단일로 - 기타,승합,남,57세,상해없음,,,,
2014092100100217,2014년 9월 21일 12시,일요일,대전광역시 대덕구 오정동,중상사고,0,1,0,0,차대사람 - 횡단중,안전운전불이행,건조,맑음,교차로 - 교차로부근,원동기,남,24세,상해없음,보행자,남,8세,중상
2014092100100358,2014년 9월 21일 16시,일요일,대전광역시 동구 원동,경상사고,0,0,1,0,차대사람 - 기타,안전운전불이행,건조,맑음,단일로 - 기타,승용,남,52세,상해없음,보행자,남,33세,경상
2014092100100414,2014년 9월 21일 18시,일요일,대전광역시 동구 용전동,경상사고,0,0,1,0,차대차 - 추돌 - 주정차중,안전운전불이행,건조,맑음,단일로 - 기타,승용,남,43세,상해없음,승용,남,56세,경상
2014092100100415,2014년 9월 21일 18시,일요일,대전광역시 대덕구 미호동,중상사고,0,1,0,0,차량단독 - 기타,안전운전불이행,건조,기타,단일로 - 기타,자전거,여,27세,중상,,,,
2014092100100497,2014년 9월 21일 20시,일요일,대전광역시 중구 유천동,경상사고,0,0,1,0,차대차 - 추돌 - 주정차중,안전운전불이행,건조,맑음,단일로 - 기타,승용,남,40세,상해없음,승용,남,46세,상해없음
2014092100100528,2014년 9월 21일 21시,일요일,대전광역시 중구 오류동,경상사고,0,0,1,0,차대차 - 측면직각충돌,안전운전불이행,건조,맑음,교차로 - 교차로안,승용,남,68세,상해없음,원동기,남,47세,경상
2014092100100529,2014년 9월 21일 21시,일요일,대전광역시 중구 오류동,경상사고,0,0,2,0,차대차 - 추돌 - 주정차중,안전운전불이행,건조,맑음,단일로 - 기타,승용,남,27세,상해없음,승용,남,22세,경상
2014092200100013,2014년 9월 22일 00시,월요일,대전광역시 중구 산성동,중상사고,0,1,0,0,차대차 - 정면충돌,중앙선침범,건조,맑음,단일로 - 기타,원동기,남,54세,상해없음,원동기,남,29세,중상
2014092200100129,2014년 9월 22일 08시,월요일,대전광역시 대덕구 오정동,경상사고,0,0,1,0,차대차 - 기타,안전운전불이행,건조,맑음,단일로 - 기타,승용,남,52세,상해없음,자전거,남,39세,경상
2014092200100130,2014년 9월 22일 08시,월요일,대전광역시 대덕구 덕암동,경상사고,0,0,2,0,차대차 - 기타,안전운전불이행,건조,맑음,단일로 - 기타,건설기계,남,50세,경상,승용,여,46세,경상
2014092200100199,2014년 9월 22일 10시,월요일,대전광역시 서구 도마동,중상사고,0,1,0,0,차대사람 - 횡단중,안전운전불이행,건조,맑음,단일로 - 기타,승용,여,55세,상해없음,보행자,여,74세,중상
2014092200100229,2014년 9월 22일 11시,월요일,대전광역시 중구 옥계동,경상사고,0,0,1,0,차대사람 - 횡단중,신호위반,건조,맑음,교차로 - 교차로안,승합,남,49세,상해없음,보행자,여,28세,경상
2014092200100230,2014년 9월 22일 11시,월요일,대전광역시 서구 관저동,중상사고,0,1,0,0,차대사람 - 기타,안전운전불이행,건조,맑음,단일로 - 기타,화물,남,20세,상해없음,보행자,여,68세,중상
2014092200100262,2014년 9월 22일 12시,월요일,대전광역시 중구 중촌동,경상사고,0,0,1,0,차대사람 - 횡단중,안전운전불이행,건조,맑음,단일로 - 기타,승용,남,65세,상해없음,보행자,남,79세,경상
2014092200100333,2014년 9월 22일 14시,월요일,대전광역시 서구 둔산동,중상사고,0,1,0,0,차대차 - 기타,안전운전불이행,건조,맑음,단일로 - 기타,승용,남,21세,상해없음,승용,남,29세,중상
2014092200100371,2014년 9월 22일 15시,월요일,대전광역시 중구 선화동,경상사고,0,0,1,0,차대차 - 추돌 - 주정차중,교차로운행방법위반,건조,맑음,교차로 - 교차로안,승용,여,51세,상해없음,이륜,남,33세,경상
2014092200100372,2014년 9월 22일 15시,월요일,대전광역시 동구 용전동,경상사고,0,0,3,0,차대차 - 측면직각충돌,안전운전불이행,건조,맑음,단일로 - 기타,승용,남,66세,경상,승합,남,42세,경상
2014092200100373,2014년 9월 22일 15시,월요일,대전광역시 대덕구 법동,경상사고,0,0,1,0,차대차 - 기타,안전운전불이행,건조,맑음,단일로 - 기타,승용,남,64세,기타불명,자전거,여,47세,경상
2014092200100412,2014년 9월 22일 16시,월요일,대전광역시 동구 대동,중상사고,0,1,0,0,차대차 - 추돌 - 진행중,안전운전불이행,건조,맑음,교차로 - 교차로안,원동기,남,31세,중상,승합,여,35세,기타불명
2014092200100432,2014년 9월 22일 17시,월요일,대전광역시 유성구 화암동,경상사고,0,0,1,0,차대차 - 측면직각충돌,안전거리미확보,건조,맑음,단일로 - 기타,화물,남,62세,상해없음,승용,남,27세,경상
2014092200100452,2014년 9월 22일 17시,월요일,대전광역시 중구 오류동,중상사고,0,1,0,0,차대차 - 추돌 - 주정차중,안전운전불이행,건조,맑음,단일로 - 기타,승용,남,45세,상해없음,승용,남,40세,중상
2014092200100453,2014년 9월 22일 17시,월요일,대전광역시 서구 가장동,중상사고,0,1,0,0,차대사람 - 기타,안전운전불이행,건조,맑음,기타 - 기타,승용,여,31세,상해없음,보행자,남,83세,중상
2014092200100454,2014년 9월 22일 17시,월요일,대전광역시 유성구 봉명동,경상사고,0,0,1,0,차대사람 - 기타,안전운전불이행,건조,맑음,단일로 - 기타,기타불명,기타불명,기타불명,기타불명,보행자,남,10세,경상
2014092200100542,2014년 9월 22일 19시,월요일,대전광역시 동구 천동,경상사고,0,0,1,0,차대차 - 추돌 - 주정차중,안전운전불이행,건조,맑음,단일로 - 기타,승용,남,43세,상해없음,승용,여,46세,경상
2014092200100623,2014년 9월 22일 22시,월요일,대전광역시 중구 선화동,경상사고,0,0,3,0,차대차 - 추돌 - 진행중,안전거리미확보,건조,맑음,교차로 - 교차로부근,승용,남,34세,상해없음,승용,여,29세,경상
2014092200100624,2014년 9월 22일 22시,월요일,대전광역시 서구 도마동,경상사고,0,0,2,0,차대차 - 추돌 - 주정차중,중앙선침범,습기,비,교차로 - 교차로부근,승용,남,43세,상해없음,승용,남,34세,경상
2014092200100625,2014년 9월 22일 22시,월요일,대전광역시 서구 둔산동,경상사고,0,0,1,0,차대차 - 기타,안전운전불이행,건조,맑음,교차로 - 교차로부근,승용,남,66세,상해없음,자전거,남,14세,경상
2014092200100626,2014년 9월 22일 22시,월요일,대전광역시 서구 만년동,경상사고,0,0,1,0,차대차 - 기타,안전운전불이행,건조,맑음,단일로 - 기타,승용,남,59세,상해없음,자전거,여,24세,경상
2014092200100627,2014년 9월 22일 22시,월요일,대전광역시 서구 월평동,경상사고,0,0,1,0,차대차 - 기타,안전운전불이행,건조,맑음,교차로 - 교차로안,자전거,남,69세,경상,승용,남,54세,상해없음
2014092200100649,2014년 9월 22일 23시,월요일,대전광역시 동구 삼성동,경상사고,0,0,1,0,차대사람 - 길가장자리구역통행중,안전운전불이행,건조,맑음,교차로 - 교차로안,승용,남,47세,상해없음,보행자,남,48세,경상
2014092300100018,2014년 9월 23일 00시,화요일,대전광역시 동구 판암동,중상사고,0,2,0,0,차대차 - 추돌 - 진행중,안전거리미확보,건조,맑음,교차로 - 교차로부근,승용,여,52세,상해없음,승용,남,53세,중상
2014092300100019,2014년 9월 23일 00시,화요일,대전광역시 대덕구 비래동,경상사고,0,0,1,0,차대차 - 측면직각충돌,교차로운행방법위반,건조,맑음,교차로 - 교차로안,화물,남,41세,기타불명,승용,여,27세,경상
2014092300100020,2014년 9월 23일 00시,화요일,대전광역시 유성구 용산동,경상사고,0,0,1,0,차대차 - 측면직각충돌,안전운전불이행,건조,맑음,교차로 - 교차로안,승용,남,44세,상해없음,승용,남,27세,상해없음
2014092300100042,2014년 9월 23일 01시,화요일,대전광역시 서구 월평동,경상사고,0,0,1,0,차대차 - 추돌 - 주정차중,안전운전불이행,건조,맑음,단일로 - 기타,이륜,남,28세,상해없음,승용,남,52세,기타불명
2014092300100095,2014년 9월 23일 06시,화요일,대전광역시 대덕구 오정동,경상사고,0,0,1,0,차대차 - 추돌 - 주정차중,안전운전불이행,건조,맑음,교차로 - 교차로부근,승용,남,22세,상해없음,승용,여,53세,경상
2014092300100127,2014년 9월 23일 07시,화요일,대전광역시 서구 만년동,중상사고,0,1,0,0,차대사람 - 횡단중,보행자보호의무위반,건조,맑음,단일로 - 횡단보도상,승용,여,42세,상해없음,보행자,여,56세,중상
2014092300100128,2014년 9월 23일 07시,화요일,대전광역시 서구 둔산동,중상사고,0,1,0,0,차대차 - 기타,안전운전불이행,건조,맑음,단일로 - 기타,승용,남,40세,상해없음,승용,남,37세,중상
2014092300100170,2014년 9월 23일 08시,화요일,대전광역시 중구 태평동,중상사고,0,1,0,0,차대차 - 측면직각충돌,중앙선침범,건조,맑음,교차로 - 교차로안,화물,남,22세,상해없음,승용,여,26세,중상
2014092300100171,2014년 9월 23일 08시,화요일,대전광역시 중구 중촌동,중상사고,0,2,0,0,차대차 - 추돌 - 진행중,안전운전불이행,건조,맑음,단일로 - 기타,승용,남,64세,상해없음,승용,남,29세,중상
2014092300100236,2014년 9월 23일 10시,화요일,대전광역시 중구 태평동,경상사고,0,0,1,0,차대사람 - 기타,안전운전불이행,건조,맑음,단일로 - 기타,자전거,남,56세,경상,보행자,남,64세,상해없음
2014092300100237,2014년 9월 23일 10시,화요일,대전광역시 중구 석교동,경상사고,0,0,1,0,차대차 - 측면직각충돌,안전운전불이행,건조,맑음,단일로 - 기타,화물,기타불명,기타불명,기타불명,자전거,여,62세,경상
2014092300100290,2014년 9월 23일 12시,화요일,대전광역시 유성구 도룡동,중상사고,0,1,0,0,차량단독 - 기타,기타,건조,맑음,단일로 - 기타,승합,남,51세,상해없음,,,,
2014092300100361,2014년 9월 23일 14시,화요일,대전광역시 서구 정림동,중상사고,0,1,0,0,차대차 - 측면직각충돌,신호위반,건조,맑음,교차로 - 교차로안,승용,여,40세,상해없음,승용,남,68세,중상
2014092300100391,2014년 9월 23일 15시,화요일,대전광역시 중구 석교동,중상사고,0,1,0,0,차대차 - 측면직각충돌,교차로운행방법위반,건조,맑음,교차로 - 교차로안,승용,남,66세,상해없음,원동기,남,18세,중상
2014092300100464,2014년 9월 23일 17시,화요일,대전광역시 유성구 봉산동,경상사고,0,0,2,0,차대차 - 기타,안전운전불이행,건조,맑음,기타 - 기타,승용,남,52세,상해없음,승용,남,31세,경상
2014092300100516,2014년 9월 23일 18시,화요일,대전광역시 동구 용전동,경상사고,0,0,1,0,차대사람 - 횡단중,안전운전불이행,건조,흐림,단일로 - 횡단보도상,승용,여,44세,상해없음,보행자,여,69세,경상
2014092300100517,2014년 9월 23일 18시,화요일,대전광역시 유성구 구암동,경상사고,0,0,1,0,차대차 - 측면직각충돌,교차로운행방법위반,건조,맑음,교차로 - 교차로안,승합,남,50세,상해없음,화물,남,51세,경상
2014092300100578,2014년 9월 23일 19시,화요일,대전광역시 동구 신흥동,중상사고,0,1,0,0,차대사람 - 기타,신호위반,습기,비,교차로 - 교차로안,승용,남,24세,상해없음,보행자,여,70세,중상
2014092300100579,2014년 9월 23일 19시,화요일,대전광역시 대덕구 비래동,경상사고,0,0,1,0,차대사람 - 기타,안전운전불이행,습기,비,단일로 - 기타,승용,기타불명,40세,기타불명,보행자,남,10세,경상