사고번호,사고일시,요일,시군구,사고내용,사망자수,중상자수,경상자수,부상신고자수,사고유형,법규위반,노면상태,기상상태,도로형태,가해운전자 차종,가해운전자 성별,가해운전자 연령,가해운전자 상해정도,피해운전자 차종,피해운전자 성별,피해운전자 연령,피해운전자 상해정도
2014100600100011,2014년 10월 6일 00시,월요일,대전광역시 유성구 구암동,중상사고,0,2,0,0,차대차 - 기타,신호위반,건조,맑음,교차로 - 교차로안,승용,남,20세,상해없음,승용,남,30세,중상
2014100600100057,2014년 10월 6일 06시,월요일,대전광역시 중구 오류동,중상사고,0,1,0,0,차대사람 - 기타,기타,건조,맑음,단일로 - 기타,승용,남,64세,상해없음,보행자,여,76세,중상
2014100600100058,2014년 10월 6일 06시,월요일,대전광역시 서구 용문동,중상사고,0,1,1,0,차대차 - 측면직각충돌,신호위반,건조,맑음,교차로 - 교차로안,승용,남,32세,상해없음,승용,남,62세,경상
2014100600100143,2014년 10월 6일 08시,월요일,대전광역시 유성구 안산동,경상사고,0,0,1,0,차대차 - 기타,안전거리미확보,건조,맑음,단일로 - 기타,승용,남,44세,상해없음,승용,남,32세,경상
2014100600100144,2014년 10월 6일 08시,월요일,대전광역시 유성구 용산동,경상사고,0,0,2,0,차대차 - 측면직각충돌,신호위반,건조,맑음,교차로 - 교차로안,승용,남,21세,상해없음,승용,남,39세,경상
2014100600100234,2014년 10월 6일 10시,월요일,대전광역시 서구 탄방동,경상사고,0,0,2,0,차대차 - 기타,안전운전불이행,건조,맑음,단일로 - 기타,승용,남,24세,상해없음,화물,남,60세,경상
2014100600100260,2014년 10월 6일 11시,월요일,대전광역시 서구 괴정동,중상사고,0,1,0,0,차대차 - 측면직각충돌,안전운전불이행,건조,맑음,교차로 - 교차로안,승용,여,32세,상해없음,이륜,남,46세,중상
2014100600100437,2014년 10월 6일 16시,월요일,대전광역시 서구 정림동,경상사고,0,0,1,0,차대사람 - 기타,안전운전불이행,건조,맑음,교차로 - 교차로부근,승용,기타불명,기타불명,기타불명,보행자,여,24세,경상
2014100600100438,2014년 10월 6일 16시,월요일,대전광역시 대덕구 오정동,경상사고,0,0,1,0,차대사람 - 횡단중,신호위반,건조,맑음,교차로 - 교차로안,승용,기타불명,기타불명,기타불명,보행자,여,25세,경상
2014100600100482,2014년 10월 6일 17시,월요일,대전광역시 서구 봉곡동,경상사고,0,0,3,0,차대차 - 측면직각충돌,안전운전불이행,건조,맑음,단일로 - 기타,화물,남,30세,상해없음,승용,남,58세,경상
2014100600100536,2014년 10월 6일 18시,월요일,대전광역시 유성구 구암동,경상사고,0,0,1,0,차대차 - 측면직각충돌,신호위반,건조,맑음,교차로 - 교차로안,승용,남,32세,상해없음,승용,남,53세,경상
2014100600100537,2014년 10월 6일 18시,월요일,대전광역시 서구 둔산동,경상사고,0,0,1,0,차대차 - 기타,안전운전불이행,건조,맑음,단일로 - 횡단보도상,승용,남,60세,상해없음,자전거,남,11세,경상
2014100600100581,2014년 10월 6일 19시,월요일,대전광역시 대덕구 송촌동,중상사고,0,1,0,0,차대사람 - 횡단중,안전운전불이행,건조,맑음,단일로 - 기타,승합,남,54세,상해없음,보행자,남,11세,중상
2014100600100582,2014년 10월 6일 19시,월요일,대전광역시 유성구 장대동,중상사고,0,1,0,0,차량단독 - 기타,기타,건조,맑음,단일로 - 기타,승합,남,42세,상해없음,,,,
2014100600100608,2014년 10월 6일 20시,월요일,대전광역시 중구 태평동,중상사고,0,1,0,0,차대사람 - 기타,안전운전불이행,건조,맑음,단일로 - 횡단보도상,승합,남,52세,상해없음,보행자,여,32세,중상
2014100600100609,2014년 10월 6일 20시,월요일,대전광역시 중구 선화동,중상사고,0,1,0,0,차대차 - 기타,안전운전불이행,건조,맑음,교차로 - 교차로안,승용,여,39세,상해없음,원동기,남,22세,중상
2014100600100671,2014년 10월 6일 22시,월요일,대전광역시 중구 문화동,경상사고,0,0,1,0,차량단독 - 공작물충돌,안전운전불이행,건조,맑음,단일로 - 기타,원동기,남,31세,경상,,,,
2014100600100672,2014년 10월 6일 22시,월요일,대전광역시 서구 내동,중상사고,0,1,0,0,차량단독 - 공작물충돌,안전운전불이행,건조,맑음,단일로 - 기타,승용,남,50세,상해없음,,,,
2014100600100693,2014년 10월 6일 23시,월요일,대전광역시 중구 문화동,경상사고,0,0,1,0,차대사람 - 기타,신호위반,건조,맑음,단일로 - 횡단보도상,승용,남,57세,상해없음,보행자,여,17세,경상
2014100700100012,2014년 10월 7일 00시,화요일,대전광역시 서구 둔산동,경상사고,0,0,1,0,차대차 - 측면직각충돌,기타,건조,맑음,교차로 - 교차로안,승용,남,42세,상해없음,승용,남,53세,경상
2014100700100052,2014년 10월 7일 05시,화요일,대전광역시 중구 태평동,사망사고,1,0,0,0,차대차 - 기타,안전운전불이행,건조,맑음,교차로 - 교차로안,승용,남,58세,상해없음,원동기,남,69세,사망
2014100700100101,2014년 10월 7일 07시,화요일,대전광역시 동구 가양동,중상사고,0,1,0,0,차대차 - 추돌 - 진행중,안전운전불이행,건조,맑음,교차로 - 교차로부근,화물,남,47세,상해없음,자전거,남,71세,중상
2014100700100102,2014년 10월 7일 07시,화요일,대전광역시 서구 탄방동,경상사고,0,0,1,0,차대사람 - 기타,안전운전불이행,건조,맑음,단일로 - 횡단보도상,기타불명,기타불명,기타불명,기타불명,보행자,여,23세,경상
2014100700100143,2014년 10월 7일 08시,화요일,대전광역시 서구 갈마동,경상사고,0,0,1,0,차대차 - 기타,중앙선침범,건조,맑음,교차로 - 교차로안,승합,여,59세,상해없음,승합,남,55세,상해없음
2014100700100181,2014년 10월 7일 09시,화요일,대전광역시 중구 유천동,중상사고,0,1,0,0,차대사람 - 차도통행중,안전운전불이행,건조,맑음,단일로 - 기타,승용,여,28세,상해없음,보행자,여,61세,중상
2014100700100268,2014년 10월 7일 12시,화요일,대전광역시 중구 태평동,중상사고,0,1,0,0,차대차 - 측면직각충돌,안전운전불이행,건조,맑음,교차로 - 교차로안,승용,여,53세,상해없음,자전거,여,54세,중상
2014100700100269,2014년 10월 7일 12시,화요일,대전광역시 동구 자양동,중상사고,0,1,1,0,차대차 - 추돌 - 진행중,안전운전불이행,건조,맑음,단일로 - 기타,이륜,남,30세,중상,승용,남,24세,경상
2014100700100330,2014년 10월 7일 14시,화요일,대전광역시 중구 사정동,경상사고,0,0,1,0,차대사람 - 기타,기타,건조,맑음,단일로 - 기타,승용,여,40세,상해없음,보행자,여,55세,경상
2014100700100372,2014년 10월 7일 15시,화요일,대전광역시 동구 판암동,경상사고,0,0,1,0,차대차 - 정면충돌,중앙선침범,건조,흐림,단일로 - 기타,승용,여,46세,상해없음,이륜,남,19세,경상
2014100700100373,2014년 10월 7일 15시,화요일,대전광역시 서구 둔산동,경상사고,0,0,1,0,차대차 - 측면직각충돌,교차로운행방법위반,건조,맑음,교차로 - 교차로안,승용,남,70세,상해없음,승용,여,30세,경상
2014100700100407,2014년 10월 7일 16시,화요일,대전광역시 중구 문창동,중상사고,0,1,1,0,차대차 - 측면직각충돌,중앙선침범,건조,맑음,단일로 - 기타,승용,남,66세,상해없음,화물,남,38세,경상
2014100700100408,2014년 10월 7일 16시,화요일,대전광역시 중구 부사동,경상사고,0,0,1,0,차대차 - 추돌 - 진행중,안전거리미확보,건조,맑음,단일로 - 기타,승용,남,41세,상해없음,승용,여,41세,경상
2014100700100492,2014년 10월 7일 18시,화요일,대전광역시 유성구 봉명동,경상사고,0,0,1,0,차대차 - 측면직각충돌,신호위반,건조,맑음,교차로 - 교차로부근,승용,남,49세,상해없음,자전거,남,14세,경상
2014100700100493,2014년 10월 7일 18시,화요일,대전광역시 유성구 상대동,경상사고,0,0,1,0,차대차 - 기타,안전운전불이행,건조,맑음,단일로 - 기타,승용,남,62세,상해없음,자전거,남,55세,경상
2014100700100531,2014년 10월 7일 19시,화요일,대전광역시 중구 유천동,중상사고,0,1,0,0,차대사람 - 횡단중,안전운전불이행,건조,맑음,교차로 - 교차로안,승용,남,48세,상해없음,보행자,여,43세,중상
2014100700100532,2014년 10월 7일 19시,화요일,대전광역시 중구 선화동,경상사고,0,0,1,0,차대사람 - 보도통행중,기타,건조,맑음,단일로 - 횡단보도부근,원동기,남,22세,상해없음,보행자,남,12세,경상
2014100700100533,2014년 10월 7일 19시,화요일,대전광역시 대덕구 오정동,경상사고,0,0,2,0,차대차 - 추돌 - 진행중,안전거리미확보,건조,맑음,단일로 - 기타,승용,남,53세,상해없음,승용,남,64세,경상
2014100700100587,2014년 10월 7일 21시,화요일,대전광역시 서구 탄방동,중상사고,0,1,3,0,차대차 - 측면직각충돌,신호위반,건조,맑음,교차로 - 교차로안,승용,여,57세,경상,화물,남,44세,경상
2014100700100588,2014년 10월 7일 21시,화요일,대전광역시 유성구 용산동,중상사고,0,1,0,0,차대차 - 측면직각충돌,교차로운행방법위반,건조,맑음,교차로 - 교차로안,승용,남,44세,상해없음,이륜,남,33세,중상
2014100800100016,2014년 10월 8일 00시,수요일,대전광역시 유성구 용계동,경상사고,0,0,1,0,차대차 - 기타,안전운전불이행,건조,맑음,교차로 - 교차로안,승용,남,30세,상해없음,승용,남,22세,경상
2014100800100029,2014년 10월 8일 01시,수요일,대전광역시 서구 만년동,경상사고,0,0,2,0,차대차 - 추돌 - 주정차중,안전운전불이행,건조,맑음,교차로 - 교차로부근,승용,남,26세,상해없음,승용,여,40세,경상
2014100800100036,2014년 10월 8일 02시,수요일,대전광역시 서구 탄방동,경상사고,0,0,1,0,차대차 - 기타,신호위반,건조,맑음,교차로 - 교차로안,승용,남,20세,상해없음,승용,남,49세,상해없음
2014100800100143,2014년 10월 8일 08시,수요일,대전광역시 유성구 봉명동,경상사고,0,0,3,0,차대차 - 측면직각충돌,신호위반,건조,맑음,교차로 - 교차로안,승합,남,46세,상해없음,승용,남,32세,경상
2014100800100171,2014년 10월 8일 09시,수요일,대전광역시 대덕구 평촌동,경상사고,0,0,1,0,차대차 - 측면직각충돌,직진우회전진행방해,건조,맑음,교차로 - 교차로안,승용,남,71세,상해없음,승용,여,44세,경상
2014100800100229,2014년 10월 8일 11시,수요일,대전광역시 유성구 장대동,경상사고,0,0,2,0,차대차 - 기타,교차로운행방법위반,건조,맑음,교차로 - 교차로안,승용,여,43세,상해없음,승용,남,73세,경상
2014100800100266,2014년 10월 8일 12시,수요일,대전광역시 유성구 방동,중상사고,0,2,1,0,차대차 - 측면직각충돌,신호위반,건조,맑음,교차로 - 교차로안,승용,남,45세,상해없음,승용,남,69세,중상
2014100800100305,2014년 10월 8일 13시,수요일,대전광역시 대덕구 석봉동,중상사고,0,1,0,0,차대차 - 기타,안전거리미확보,건조,맑음,교차로 - 교차로부근,승합,남,50세,기타불명,화물,남,39세,중상
2014100800100333,2014년 10월 8일 14시,수요일,대전광역시 중구 용두동,중상사고,0,1,0,0,차대차 - 측면직각충돌,안전운전불이행,건조,맑음,교차로 - 교차로부근,승용,남,48세,상해없음,자전거,여,28세,중상
2014100800100334,2014년 10월 8일 14시,수요일,대전광역시 중구 문화동,중상사고,0,1,0,0,차대차 - 측면직각충돌,안전운전불이행,건조,맑음,교차로 - 교차로안,승용,남,36세,상해없음,자전거,남,76세,중상
2014100800100335,2014년 10월 8일 14시,수요일,대전광역시 서구 만년동,중상사고,0,1,0,0,차대사람 - 기타,보행자보호의무위반,건조,맑음,단일로 - 기타,승용,남,59세,상해없음,보행자,남,59세,중상
2014100800100336,2014년 10월 8일 14시,수요일,대전광역시 유성구 원신흥동,중상사고,0,1,0,0,차대차 - 측면직각충돌,신호위반,건조,맑음,교차로 - 교차로안,승용,남,63세,상해없음,승용,여,41세,중상
2014100800100396,2014년 10월 8일 16시,수요일,대전광역시 동구 낭월동,경상사고,0,0,2,0,차대차 - 측면직각충돌,교차로운행방법위반,건조,맑음,교차로 - 교차로안,승용,남,45세,상해없음,승용,남,33세,경상
2014100800100397,2014년 10월 8일 16시,수요일,대전광역시 서구 둔산동,경상사고,0,0,1,0,차대차 - 기타,신호위반,건조,맑음,교차로 - 교차로안,승용,여,49세,상해없음,승용,남,63세,경상
2014100800100398,2014년 10월 8일 16시,수요일,대전광역시 서구 월평동,경상사고,0,0,1,0,차대차 - 기타,안전운전불이행,건조,맑음,교차로 - 교차로부근,승용,남,41세,상해없음,자전거,남,59세,경상
2014100800100440,2014년 10월 8일 17시,수요일,대전광역시 서구 갈마동,경상사고,0,0,2,0,차대차 - 기타,안전운전불이행,건조,맑음,단일로 - 기타,승용,여,39세,상해없음,승용,여,60세,경상
2014100800100441,2014년 10월 8일 17시,수요일,대전광역시 서구 갈마동,중상사고,0,2,2,0,차대차 - 기타,안전운전불이행,건조,맑음,단일로 - 기타,승용,남,30세,상해없음,승용,남,45세,경상
2014100800100507,2014년 10월 8일 18시,수요일,대전광역시 동구 원동,중상사고,0,1,0,0,차대차 - 측면직각충돌,신호위반,건조,맑음,단일로 - 기타,원동기,남,15세,상해없음,자전거,남,78세,중상
2014100800100508,2014년 10월 8일 18시,수요일,대전광역시 서구 용문동,경상사고,0,0,1,0,차대차 - 기타,중앙선침범,건조,맑음,단일로 - 기타,승용,남,64세,상해없음,이륜,남,45세,경상
2014100800100561,2014년 10월 8일 19시,수요일,대전광역시 서구 도마동,경상사고,0,0,1,0,차대사람 - 기타,안전운전불이행,건조,맑음,교차로 - 교차로부근,승용,기타불명,기타불명,기타불명,보행자,남,19세,경상
2014100800100590,2014년 10월 8일 20시,수요일,대전광역시 중구 옥계동,경상사고,0,0,1,0,차대차 - 측면직각충돌,중앙선침범,건조,맑음,단일로 - 기타,승용,남,53세,상해없음,원동기,남,44세,경상
2014100800100591,2014년 10월 8일 20시,수요일,대전광역시 서구 월평동,경상사고,0,0,1,1,차대차 - 기타,안전거리미확보,건조,맑음,단일로 - 기타,승용,남,38세,상해없음,승용,남,50세,경상
2014100800100640,2014년 10월 8일 21시,수요일,대전광역시 중구 문화동,중상사고,0,1,0,0,차대차 - 측면직각충돌,신호위반,건조,맑음,교차로 - 교차로안,승용,남,28세,상해없음,원동기,남,22세,중상
2014100800100672,2014년 10월 8일 22시,수요일,대전광역시 서구 월평동,중상사고,0,1,0,0,차대사람 - 기타,안전운전불이행,건조,맑음,단일로 - 횡단보도부근,승용,남,53세,상해없음,보행자,여,27세,중상
2014100800100698,2014년 10월 8일 23시,수요일,대전광역시 서구 갈마동,경상사고,0,0,1,0,차대차 - 기타,안전거리미확보,건조,맑음,단일로 - 기타,승용,여,30세,상해없음,이륜,남,29세,경상
2014100900100114,2014년 10월 9일 05시,목요일,대전광역시 중구 오류동,중상사고,0,1,0,0,차대차 - 측면직각충돌,신호위반,건조,맑음,교차로 - 교차로안,승용,남,25세,상해없음,승용,남,67세,중상
2014100900100218,2014년 10월 9일 10시,목요일,대전광역시 서구 도안동,경상사고,0,0,2,0,차대차 - 추돌 - 주정차중,안전운전불이행,건조,맑음,단일로 - 기타,승용,여,28세,상해없음,승용,남,40세,경상
2014100900100219,2014년 10월 9일 10시,목요일,대전광역시 유성구 궁동,중상사고,0,1,0,0,차대사람 - 횡단중,안전운전불이행,건조,맑음,단일로 - 기타,승용,남,45세,상해없음,보행자,남,19세,중상
2014100900100254,2014년 10월 9일 11시,목요일,대전광역시 서구 변동,중상사고,0,1,0,0,차대차 - 측면직각충돌,신호위반,건조,맑음,교차로 - 교차로안,승용,남,73세,상해없음,이륜,남,44세,중상
2014100900100255,2014년 10월 9일 11시,목요일,대전광역시 유성구 궁동,경상사고,0,0,3,0,차대차 - 추돌 - 주정차중,안전거리미확보,건조,맑음,교차로 - 교차로안,화물,남,45세,상해없음,승용,남,27세,경상
2014100900100343,2014년 10월 9일 14시,목요일,대전광역시 서구 도마동,경상사고,0,0,1,0,차대사람 - 횡단중,안전운전불이행,건조,맑음,단일로 - 기타,승용,남,63세,상해없음,보행자,남,9세,경상
2014100900100490,2014년 10월 9일 18시,목요일,대전광역시 대덕구 읍내동,경상사고,0,0,4,0,차대차 - 추돌 - 주정차중,안전운전불이행,건조,맑음,교차로 - 교차로안,승용,여,44세,상해없음,승용,남,32세,경상
2014100900100491,2014년 10월 9일 18시,목요일,대전광역시 대덕구 덕암동,경상사고,0,0,1,0,차대사람 - 기타,안전운전불이행,건조,맑음,단일로 - 기타,화물,남,71세,상해없음,보행자,남,2세,경상
2014100900100492,2014년 10월 9일 18시,목요일,대전광역시 유성구 복용동,경상사고,0,0,4,0,차대차 - 기타,교차로운행방법위반,건조,맑음,교차로 - 교차로안,승용,여,34세,경상,승용,남,29세,상해없음
2014100900100493,2014년 10월 9일 18시,목요일,대전광역시 유성구 장대동,경상사고,0,0,3,0,차대차 - 추돌 - 주정차중,안전운전불이행,건조,맑음,단일로 - 기타,승용,여,57세,상해없음,승용,남,27세,경상
2014100900100594,2014년 10월 9일 21시,목요일,대전광역시 대덕구 중리동,중상사고,0,1,0,0,차대차 - 기타,안전거리미확보,건조,맑음,단일로 - 기타,승용,남,63세,상해없음,승합,남,53세,상해없음
2014100900100595,2014년 10월 9일 21시,목요일,대전광역시 유성구 구암동,경상사고,0,0,3,0,차대차 - 추돌 - 주정차중,안전운전불이행,건조,맑음,단일로 - 기타,승용,여,32세,상해없음,승용,여,44세,경상
2014100900100631,2014년 10월 9일 23시,목요일,대전광역시 중구 석교동,경상사고,0,0,1,0,차대차 - 추돌 - 주정차중,안전운전불이행,건조,맑음,교차로 - 교차로부근,화물,남,51세,상해없음,승용,남,42세,경상
2014101000100021,2014년 10월 10일 01시,금요일,대전광역시 중구 선화동,중상사고,0,1,0,0,차대차 - 기타,신호위반,건조,맑음,교차로 - 교차로안,승용,남,32세,상해없음,승용,남,65세,중상
2014101000100042,2014년 10월 10일 03시,금요일,대전광역시 서구 갈마동,중상사고,0,1,3,1,차대차 - 측면직각충돌,신호위반,건조,맑음,교차로 - 교차로안,승용,남,25세,상해없음,승용,남,55세,중상
2014101000100047,2014년 10월 10일 04시,금요일,대전광역시 서구 변동,부상신고사고,0,0,0,2,차대차 - 기타,안전운전불이행,건조,맑음,단일로 - 기타,승용,남,20세,상해없음,승용,남,54세,상해없음
2014101000100077,2014년 10월 10일 06시,금요일,대전광역시 유성구 탑립동,사망사고,1,0,0,0,차량단독 - 기타,안전운전불이행,건조,맑음,단일로 - 기타,승용,남,21세,사망,,,,
2014101000100084,2014년 10월 10일 06시,금요일,대전광역시 서구 가장동,경상사고,0,0,1,0,차대차 - 기타,안전운전불이행,건조,맑음,단일로 - 기타,승용,남,50세,상해없음,승용,여,25세,경상
2014101000100085,2014년 10월 10일 06시,금요일,대전광역시 서구 둔산동,경상사고,0,0,1,0,차대차 - 추돌 - 주정차중,안전운전불이행,건조,맑음,단일로 - 기타,승용,여,27세,상해없음,승용,남,39세,상해없음
2014101000100121,2014년 10월 10일 07시,금요일,대전광역시 유성구 구암동,중상사고,0,1,0,0,차대차 - 측면직각충돌,안전운전불이행,건조,맑음,단일로 - 기타,승용,남,42세,상해없음,자전거,남,76세,중상
2014101000100169,2014년 10월 10일 08시,금요일,대전광역시 동구 대동,경상사고,0,0,1,0,차대차 - 측면직각충돌,안전운전불이행,건조,맑음,단일로 - 기타,승용,여,43세,상해없음,자전거,남,55세,경상
2014101000100312,2014년 10월 10일 12시,금요일,대전광역시 서구 둔산동,중상사고,0,1,0,0,차대차 - 측면직각충돌,교차로운행방법위반,건조,맑음,교차로 - 교차로안,승용,남,43세,상해없음,자전거,남,70세,중상
2014101000100313,2014년 10월 10일 12시,금요일,대전광역시 서구 만년동,중상사고,0,1,0,0,차대사람 - 기타,안전운전불이행,건조,맑음,기타 - 기타,승용,여,59세,상해없음,보행자,여,79세,중상
2014101000100377,2014년 10월 10일 14시,금요일,대전광역시 동구 판암동,경상사고,0,0,2,0,차대차 - 추돌 - 주정차중,안전운전불이행,건조,맑음,단일로 - 횡단보도부근,화물,남,58세,상해없음,승용,여,44세,경상
2014101000100423,2014년 10월 10일 15시,금요일,대전광역시 서구 복수동,중상사고,0,1,0,0,차대사람 - 횡단중,안전운전불이행,건조,맑음,교차로 - 교차로안,승합,남,41세,상해없음,보행자,남,20세,중상
2014101000100513,2014년 10월 10일 17시,금요일,대전광역시 서구 내동,경상사고,0,0,1,0,차대차 - 측면직각충돌,교차로운행방법위반,건조,맑음,교차로 - 교차로안,승용,여,27세,상해없음,승용,남,50세,경상
2014101000100514,2014년 10월 10일 17시,금요일,대전광역시 유성구 구암동,경상사고,0,0,1,0,차대차 - 측면직각충돌,신호위반,건조,맑음,교차로 - 교차로안,승용,남,53세,상해없음,이륜,남,55세,경상
2014101000100570,2014년 10월 10일 18시,금요일,대전광역시 서구 둔산동,경상사고,0,0,1,0,차대차 - 추돌 - 진행중,안전운전불이행,건조,맑음,교차로 - 교차로안,승용,남,27세,상해없음,승용,남,49세,경상
2014101000100622,2014년 10월 10일 19시,금요일,대전광역시 대덕구 송촌동,경상사고,0,0,1,0,차대사람 - 횡단중,안전운전불이행,건조,맑음,교차로 - 교차로안,승용,여,44세,상해없음,보행자,여,36세,경상
2014101000100623,2014년 10월 10일 19시,금요일,대전광역시 유성구 신성동,중상사고,0,1,0,0,차대사람 - 기타,안전운전불이행,건조,맑음,단일로 - 기타,기타불명,기타불명,기타불명,기타불명,보행자,여,16세,중상
2014101000100686,2014년 10월 10일 21시,금요일,대전광역시 유성구 구암동,경상사고,0,0,3,0,차대차 - 정면충돌,신호위반,건조,맑음,단일로 - 기타,승용,남,57세,상해없음,승용,남,53세,경상
2014101000100718,2014년 10월 10일 22시,금요일,대전광역시 중구 대흥동,경상사고,0,0,1,0,차대차 - 추돌 - 진행중,안전운전불이행,건조,맑음,교차로 - 교차로부근,승용,남,55세,상해없음,승용,남,55세,경상
2014101000100719,2014년 10월 10일 22시,금요일,대전광역시 유성구 도룡동,경상사고,0,0,2,0,차대차 - 정면충돌,신호위반,건조,맑음,교차로 - 교차로안,승용,남,32세,상해없음,승용,남,41세,경상
2014101100100023,2014년 10월 11일 00시,토요일,대전광역시 서구 가수원동,경상사고,0,0,1,0,차대차 - 추돌 - 주정차중,안전운전불이행,건조,맑음,교차로 - 교차로부근,승용,여,51세,상해없음,승용,남,34세,경상
2014101100100088,2014년 10월 11일 05시,토요일,대전광역시 유성구 장대동,중상사고,0,1,0,0,차대사람 - 횡단중,안전운전불이행,건조,맑음,단일로 - 교량,승용,여,27세,상해없음,보행자,여,68세,중상
2014101100100245,2014년 10월 11일 11시,토요일,대전광역시 대덕구 오정동,경상사고,0,0,2,0,차대차 - 추돌 - 진행중,안전운전불이행,건조,맑음,단일로 - 기타,승용,남,36세,상해없음,승용,여,55세,경상
2014101100100270,2014년 10월 11일 12시,토요일,대전광역시 유성구 덕명동,중상사고,0,4,2,0,차대차 - 정면충돌,신호위반,건조,맑음,교차로 - 교차로안,승용,여,64세,중상,승용,남,31세,중상
2014101100100308,2014년 10월 11일 13시,토요일,대전광역시 중구 대흥동,중상사고,0,1,0,0,차대차 - 기타,안전운전불이행,건조,맑음,단일로 - 기타,자전거,여,66세,중상,화물,남,61세,상해없음
2014101100100309,2014년 10월 11일 13시,토요일,대전광역시 중구 대사동,중상사고,0,1,0,0,차대사람 - 횡단중,보행자보호의무위반,건조,맑음,교차로 - 교차로안,승용,여,44세,상해없음,보행자,여,67세,중상
2014101100100342,2014년 10월 11일 14시,토요일,대전광역시 동구 원동,경상사고,0,0,1,0,차대사람 - 기타,안전운전불이행,건조,맑음,단일로 - 기타,승합,남,53세,상해없음,보행자,여,20세,경상
2014101100100343,2014년 10월 11일 14시,토요일,대전광역시 유성구 복용동,경상사고,0,0,3,0,차대차 - 추돌 - 주정차중,안전운전불이행,건조,맑음,교차로 - 교차로부근,승용,여,46세,상해없음,승용,남,34세,경상
2014101100100437,2014년 10월 11일 16시,토요일,대전광역시 중구 유천동,경상사고,0,0,1,0,차대사람 - 길가장자리구역통행중,안전운전불이행,건조,맑음,단일로 - 기타,승용,여,55세,상해없음,보행자,남,54세,경상
2014101100100438,2014년 10월 11일 16시,토요일,대전광역시 동구 판암동,중상사고,0,1,0,0,차량단독 - 기타,안전운전불이행,건조,맑음,단일로 - 기타,승합,남,47세,상해없음,,,,
2014101100100480,2014년 10월 11일 17시,토요일,대전광역시 동구 중동,중상사고,0,1,0,0,차대차 - 추돌 - 주정차중,안전거리미확보,건조,맑음,단일로 - 기타,승용,남,27세,상해없음,승용,여,34세,중상
2014101100100605,2014년 10월 11일 20시,토요일,대전광역시 서구 관저동,중상사고,0,1,0,0,차대사람 - 횡단중,신호위반,건조,맑음,교차로 - 교차로안,이륜,남,18세,상해없음,보행자,남,33세,중상
2014101100100635,2014년 10월 11일 21시,토요일,대전광역시 유성구 구암동,경상사고,0,0,5,0,차대차 - 추돌 - 주정차중,안전운전불이행,건조,맑음,교차로 - 교차로부근,승용,남,25세,상해없음,승용,남,43세,경상
2014101100100664,2014년 10월 11일 22시,토요일,대전광역시 서구 도마동,경상사고,0,0,2,0,차대차 - 추돌 - 주정차중,안전운전불이행,건조,맑음,단일로 - 기타,승용,남,29세,상해없음,승용,남,57세,경상
2014101100100665,2014년 10월 11일 22시,토요일,대전광역시 서구 용문동,중상사고,0,1,1,0,차대차 - 추돌 - 주정차중,안전운전불이행,건조,맑음,단일로 - 기타,승용,여,32세,상해없음,승용,남,36세,경상
2014101200100020,2014년 10월 12일 00시,일요일,대전광역시 중구 대흥동,중상사고,0,1,1,0,차대차 - 측면직각충돌,신호위반,건조,맑음,교차로 - 교차로안,승용,남,31세,상해없음,승용,남,34세,중상
2014101200100039,2014년 10월 12일 01시,일요일,대전광역시 동구 낭월동,중상사고,0,1,2,0,차대사람 - 횡단중,보행자보호의무위반,건조,맑음,단일로 - 횡단보도상,승용,남,49세,상해없음,보행자,남,52세,중상
2014101200100052,2014년 10월 12일 02시,일요일,대전광역시 중구 태평동,경상사고,0,0,1,0,차대차 - 측면직각충돌,신호위반,건조,맑음,교차로 - 교차로안,승용,남,27세,상해없음,승용,남,49세,경상
2014101200100086,2014년 10월 12일 05시,일요일,대전광역시 동구 성남동,경상사고,0,0,3,0,차대차 - 측면직각충돌,신호위반,건조,맑음,교차로 - 교차로안,승용,남,29세,상해없음,승용,남,35세,경상
2014101200100087,2014년 10월 12일 05시,일요일,대전광역시 유성구 용산동,중상사고,0,3,1,0,차대차 - 추돌 - 진행중,신호위반,건조,맑음,교차로 - 교차로안,승용,여,43세,중상,승용,남,46세,중상
2014101200100188,2014년 10월 12일 11시,일요일,대전광역시 동구 홍도동,중상사고,0,6,2,1,차대차 - 추돌 - 진행중,안전운전불이행,건조,맑음,단일로 - 기타,승용,남,23세,부상신고,승용,남,55세,경상
2014101200100216,2014년 10월 12일 12시,일요일,대전광역시 중구 산성동,경상사고,0,0,1,0,차대사람 - 기타,안전운전불이행,건조,맑음,교차로 - 교차로부근,원동기,남,48세,상해없음,보행자,여,12세,경상
2014101200100271,2014년 10월 12일 14시,일요일,대전광역시 유성구 교촌동,경상사고,0,0,1,0,차대차 - 기타,신호위반,건조,맑음,교차로 - 교차로안,승용,남,56세,상해없음,원동기,남,49세,경상
2014101200100371,2014년 10월 12일 17시,일요일,대전광역시 서구 갈마동,경상사고,0,0,1,0,차대차 - 기타,안전거리미확보,건조,맑음,단일로 - 기타,승용,남,34세,상해없음,승합,남,52세,경상
2014101200100426,2014년 10월 12일 18시,일요일,대전광역시 서구 변동,중상사고,0,1,0,0,차대차 - 기타,안전운전불이행,건조,맑음,단일로 - 횡단보도상,화물,남,48세,상해없음,자전거,여,75세,중상
2014101200100427,2014년 10월 12일 18시,일요일,대전광역시 대덕구 대화동,중상사고,0,2,0,0,차대차 - 정면충돌,신호위반,건조,맑음,교차로 - 교차로안,화물,남,66세,상해없음,화물,남,64세,중상