사고번호,사고일시,요일,시군구,사고내용,사망자수,중상자수,경상자수,부상신고자수,사고유형,법규위반,노면상태,기상상태,도로형태,가해운전자 차종,가해운전자 성별,가해운전자 연령,가해운전자 상해정도,피해운전자 차종,피해운전자 성별,피해운전자 연령,피해운전자 상해정도
2014101200100479,2014년 10월 12일 19시,일요일,대전광역시 서구 둔산동,경상사고,0,0,1,0,차대사람 - 기타,안전운전불이행,건조,맑음,단일로 - 기타,원동기,남,38세,상해없음,보행자,남,15세,경상
2014101200100480,2014년 10월 12일 19시,일요일,대전광역시 유성구 용계동,경상사고,0,0,1,0,차대차 - 추돌 - 진행중,안전운전불이행,건조,맑음,단일로 - 기타,승용,여,38세,상해없음,승용,여,50세,경상
2014101200100512,2014년 10월 12일 20시,일요일,대전광역시 서구 둔산동,경상사고,0,0,3,0,차대차 - 추돌 - 진행중,안전운전불이행,건조,맑음,단일로 - 기타,승용,여,59세,기타불명,승용,남,52세,경상
2014101200100584,2014년 10월 12일 22시,일요일,대전광역시 서구 용문동,경상사고,0,0,2,0,차대차 - 기타,안전운전불이행,건조,맑음,교차로 - 교차로안,승용,남,23세,상해없음,승용,여,49세,경상
2014101300100074,2014년 10월 13일 05시,월요일,대전광역시 대덕구 중리동,경상사고,0,0,1,0,차대사람 - 기타,안전운전불이행,습기,비,단일로 - 기타,승용,남,54세,상해없음,보행자,남,53세,경상
2014101300100100,2014년 10월 13일 06시,월요일,대전광역시 서구 둔산동,경상사고,0,0,1,0,차대차 - 측면직각충돌,교차로운행방법위반,건조,맑음,교차로 - 교차로안,승용,여,43세,기타불명,승용,남,56세,경상
2014101300100134,2014년 10월 13일 07시,월요일,대전광역시 대덕구 송촌동,경상사고,0,0,1,0,차대차 - 기타,교차로운행방법위반,건조,맑음,교차로 - 교차로안,승합,남,65세,상해없음,승용,여,62세,경상
2014101300100135,2014년 10월 13일 07시,월요일,대전광역시 대덕구 상서동,경상사고,0,0,4,0,차대차 - 측면직각충돌,안전운전불이행,건조,맑음,단일로 - 기타,승용,여,53세,상해없음,승용,남,41세,경상
2014101300100193,2014년 10월 13일 08시,월요일,대전광역시 서구 월평동,경상사고,0,0,1,0,차대차 - 기타,교차로운행방법위반,건조,맑음,교차로 - 교차로안,승용,남,50세,상해없음,승용,남,60세,경상
2014101300100228,2014년 10월 13일 09시,월요일,대전광역시 유성구 장대동,경상사고,0,0,1,0,차대차 - 기타,안전운전불이행,건조,맑음,교차로 - 교차로부근,화물,남,49세,상해없음,승용,남,59세,경상
2014101300100254,2014년 10월 13일 10시,월요일,대전광역시 서구 둔산동,경상사고,0,0,2,0,차대차 - 추돌 - 진행중,신호위반,건조,맑음,교차로 - 교차로안,승용,남,22세,상해없음,승용,남,54세,경상
2014101300100331,2014년 10월 13일 12시,월요일,대전광역시 중구 문화동,중상사고,0,2,0,0,차대차 - 측면직각충돌,중앙선침범,건조,맑음,단일로 - 기타,승용,여,39세,상해없음,승용,남,68세,중상
2014101300100332,2014년 10월 13일 12시,월요일,대전광역시 유성구 전민동,중상사고,0,1,0,0,차대사람 - 기타,안전운전불이행,건조,맑음,단일로 - 기타,승용,남,30세,상해없음,보행자,여,85세,중상
2014101300100372,2014년 10월 13일 13시,월요일,대전광역시 동구 용전동,경상사고,0,0,1,0,차대사람 - 길가장자리구역통행중,안전운전불이행,건조,맑음,교차로 - 교차로안,화물,남,67세,상해없음,보행자,여,73세,경상
2014101300100404,2014년 10월 13일 14시,월요일,대전광역시 서구 갈마동,경상사고,0,0,1,0,차대사람 - 길가장자리구역통행중,안전운전불이행,건조,맑음,단일로 - 기타,승용,남,55세,상해없음,보행자,여,26세,경상
2014101300100453,2014년 10월 13일 15시,월요일,대전광역시 중구 오류동,경상사고,0,0,1,0,차대차 - 추돌 - 진행중,안전거리미확보,건조,맑음,단일로 - 기타,승용,여,29세,상해없음,화물,남,33세,경상
2014101300100454,2014년 10월 13일 15시,월요일,대전광역시 대덕구 오정동,경상사고,0,0,1,0,차대차 - 추돌 - 진행중,안전운전불이행,건조,맑음,교차로 - 교차로부근,승용,남,58세,상해없음,승용,여,42세,경상
2014101300100455,2014년 10월 13일 15시,월요일,대전광역시 서구 갈마동,경상사고,0,0,1,0,차대차 - 추돌 - 진행중,안전거리미확보,건조,맑음,단일로 - 기타,승용,여,57세,상해없음,승용,남,36세,경상
2014101300100490,2014년 10월 13일 16시,월요일,대전광역시 서구 관저동,경상사고,0,0,1,0,차대차 - 측면직각충돌,안전운전불이행,건조,맑음,단일로 - 횡단보도상,승용,여,44세,상해없음,자전거,남,84세,경상
2014101300100616,2014년 10월 13일 19시,월요일,대전광역시 대덕구 오정동,경상사고,0,0,1,0,차대차 - 측면직각충돌,안전운전불이행,건조,맑음,교차로 - 교차로안,승용,남,21세,상해없음,승용,여,63세,경상
2014101300100647,2014년 10월 13일 20시,월요일,대전광역시 중구 용두동,경상사고,0,0,1,0,차대사람 - 길가장자리구역통행중,안전운전불이행,건조,맑음,교차로 - 교차로안,화물,남,45세,상해없음,보행자,남,38세,경상
2014101300100674,2014년 10월 13일 21시,월요일,대전광역시 동구 자양동,경상사고,0,0,3,0,차대차 - 측면직각충돌,교차로운행방법위반,건조,맑음,교차로 - 교차로안,승합,남,43세,상해없음,승용,남,66세,경상
2014101400100019,2014년 10월 14일 00시,화요일,대전광역시 대덕구 읍내동,경상사고,0,0,2,0,차대차 - 추돌 - 주정차중,안전운전불이행,건조,맑음,단일로 - 기타,화물,남,35세,상해없음,승용,남,28세,경상
2014101400100020,2014년 10월 14일 00시,화요일,대전광역시 서구 만년동,경상사고,0,0,1,0,차대차 - 기타,안전운전불이행,건조,맑음,단일로 - 기타,승용,남,56세,상해없음,승용,남,58세,경상
2014101400100072,2014년 10월 14일 05시,화요일,대전광역시 중구 태평동,경상사고,0,0,1,0,차대차 - 추돌 - 주정차중,안전운전불이행,건조,맑음,교차로 - 교차로부근,승용,남,73세,상해없음,원동기,남,34세,경상
2014101400100161,2014년 10월 14일 08시,화요일,대전광역시 동구 가양동,중상사고,0,1,3,0,차대차 - 측면직각충돌,신호위반,건조,맑음,교차로 - 교차로안,승용,여,40세,경상,승용,여,36세,중상
2014101400100162,2014년 10월 14일 08시,화요일,대전광역시 동구 삼성동,경상사고,0,0,10,0,차대차 - 추돌 - 진행중,안전운전불이행,건조,맑음,교차로 - 교차로부근,승합,남,47세,상해없음,화물,남,47세,경상
2014101400100163,2014년 10월 14일 08시,화요일,대전광역시 서구 괴정동,경상사고,0,0,1,0,차대차 - 측면직각충돌,안전운전불이행,건조,맑음,단일로 - 횡단보도상,승용,여,41세,상해없음,자전거,남,14세,경상
2014101400100164,2014년 10월 14일 08시,화요일,대전광역시 서구 갈마동,경상사고,0,0,1,0,차대차 - 기타,안전운전불이행,건조,맑음,교차로 - 교차로안,승용,남,33세,상해없음,승용,남,45세,경상
2014101400100165,2014년 10월 14일 08시,화요일,대전광역시 서구 갈마동,경상사고,0,0,1,0,차대사람 - 기타,기타,건조,맑음,기타 - 기타,승합,남,50세,상해없음,보행자,여,58세,경상
2014101400100208,2014년 10월 14일 09시,화요일,대전광역시 중구 오류동,중상사고,0,1,2,0,차대차 - 기타,안전운전불이행,건조,맑음,단일로 - 기타,승용,남,48세,상해없음,승합,남,39세,중상
2014101400100233,2014년 10월 14일 10시,화요일,대전광역시 대덕구 오정동,경상사고,0,0,1,0,차대차 - 추돌 - 진행중,교차로운행방법위반,건조,맑음,교차로 - 교차로안,승용,여,52세,상해없음,원동기,여,45세,경상
2014101400100234,2014년 10월 14일 10시,화요일,대전광역시 유성구 지족동,경상사고,0,0,1,0,차대차 - 측면직각충돌,기타,건조,맑음,단일로 - 기타,이륜,남,36세,상해없음,자전거,남,18세,경상
2014101400100265,2014년 10월 14일 11시,화요일,대전광역시 유성구 용계동,경상사고,0,0,2,0,차대차 - 기타,신호위반,건조,맑음,교차로 - 교차로안,이륜,남,27세,상해없음,승용,남,42세,경상
2014101400100287,2014년 10월 14일 12시,화요일,대전광역시 중구 오류동,경상사고,0,0,3,0,차대차 - 기타,안전운전불이행,건조,맑음,교차로 - 교차로안,승용,남,51세,상해없음,승용,남,59세,경상
2014101400100321,2014년 10월 14일 13시,화요일,대전광역시 서구 둔산동,경상사고,0,0,1,0,차대사람 - 횡단중,안전운전불이행,건조,맑음,교차로 - 교차로부근,기타불명,기타불명,기타불명,기타불명,보행자,여,39세,경상
2014101400100346,2014년 10월 14일 14시,화요일,대전광역시 중구 유천동,경상사고,0,0,2,0,차대차 - 기타,안전운전불이행,건조,맑음,단일로 - 기타,승용,여,39세,상해없음,승용,여,24세,경상
2014101400100347,2014년 10월 14일 14시,화요일,대전광역시 서구 도안동,중상사고,0,1,1,0,차대차 - 추돌 - 주정차중,안전운전불이행,건조,맑음,교차로 - 교차로부근,승용,남,65세,상해없음,승합,남,48세,경상
2014101400100389,2014년 10월 14일 15시,화요일,대전광역시 동구 자양동,중상사고,0,1,0,0,차대차 - 기타,안전거리미확보,건조,맑음,단일로 - 기타,승용,남,80세,상해없음,원동기,여,47세,중상
2014101400100429,2014년 10월 14일 16시,화요일,대전광역시 동구 중동,중상사고,0,1,0,0,차량단독 - 기타,안전운전불이행,건조,맑음,단일로 - 기타,승합,남,50세,상해없음,,,,
2014101400100532,2014년 10월 14일 18시,화요일,대전광역시 서구 둔산동,경상사고,0,0,1,0,차대차 - 추돌 - 진행중,안전운전불이행,건조,맑음,교차로 - 교차로안,승용,여,27세,상해없음,화물,남,63세,경상
2014101400100570,2014년 10월 14일 19시,화요일,대전광역시 서구 도마동,경상사고,0,0,1,0,차대차 - 측면직각충돌,안전운전불이행,건조,맑음,단일로 - 기타,이륜,남,23세,상해없음,승용,여,47세,경상
2014101400100571,2014년 10월 14일 19시,화요일,대전광역시 서구 둔산동,경상사고,0,0,1,0,차대차 - 추돌 - 진행중,신호위반,건조,맑음,교차로 - 교차로안,승용,남,36세,상해없음,이륜,남,35세,경상
2014101400100610,2014년 10월 14일 20시,화요일,대전광역시 중구 태평동,경상사고,0,0,1,0,차대차 - 추돌 - 주정차중,안전운전불이행,건조,맑음,단일로 - 기타,승용,남,53세,상해없음,승용,남,58세,경상
2014101400100659,2014년 10월 14일 22시,화요일,대전광역시 중구 문화동,중상사고,0,2,3,0,차대차 - 정면충돌,중앙선침범,건조,맑음,교차로 - 교차로안,승용,남,40세,상해없음,승용,남,64세,경상
2014101400100660,2014년 10월 14일 22시,화요일,대전광역시 유성구 봉명동,중상사고,0,1,0,0,차대차 - 기타,안전운전불이행,건조,맑음,교차로 - 교차로안,자전거,여,51세,중상,승용,남,25세,상해없음
2014101400100661,2014년 10월 14일 22시,화요일,대전광역시 서구 갈마동,경상사고,0,0,1,0,차대차 - 기타,안전운전불이행,건조,맑음,교차로 - 교차로부근,승용,남,31세,상해없음,승용,남,37세,상해없음
2014101500100048,2014년 10월 15일 02시,수요일,대전광역시 서구 둔산동,중상사고,0,1,0,0,차대차 - 정면충돌,신호위반,건조,맑음,교차로 - 교차로안,승용,남,55세,상해없음,이륜,남,27세,중상
2014101500100073,2014년 10월 15일 05시,수요일,대전광역시 동구 삼성동,중상사고,0,1,0,0,차대사람 - 횡단중,안전운전불이행,건조,맑음,교차로 - 교차로부근,승용,남,37세,상해없음,보행자,여,64세,중상
2014101500100157,2014년 10월 15일 08시,수요일,대전광역시 서구 둔산동,경상사고,0,0,1,0,차대차 - 추돌 - 진행중,안전운전불이행,건조,맑음,교차로 - 교차로안,승용,여,49세,상해없음,승용,남,25세,경상
2014101500100270,2014년 10월 15일 12시,수요일,대전광역시 서구 도마동,중상사고,0,1,0,0,차량단독 - 기타,안전운전불이행,건조,맑음,단일로 - 기타,승합,남,55세,상해없음,,,,
2014101500100293,2014년 10월 15일 13시,수요일,대전광역시 대덕구 오정동,경상사고,0,0,1,0,차대차 - 기타,안전운전불이행,건조,맑음,교차로 - 교차로안,승용,남,57세,상해없음,이륜,남,41세,경상
2014101500100325,2014년 10월 15일 14시,수요일,대전광역시 중구 산성동,중상사고,0,1,0,0,차대사람 - 차도통행중,안전운전불이행,건조,맑음,단일로 - 기타,승용,여,29세,상해없음,보행자,남,76세,중상
2014101500100326,2014년 10월 15일 14시,수요일,대전광역시 중구 문화동,경상사고,0,0,1,0,차대차 - 기타,안전운전불이행,건조,맑음,단일로 - 횡단보도상,승용,여,29세,상해없음,자전거,남,10세,경상
2014101500100327,2014년 10월 15일 14시,수요일,대전광역시 서구 월평동,경상사고,0,0,1,0,차대차 - 추돌 - 주정차중,안전운전불이행,건조,맑음,단일로 - 기타,승용,남,29세,상해없음,승용,여,37세,경상
2014101500100405,2014년 10월 15일 16시,수요일,대전광역시 중구 대흥동,경상사고,0,0,1,0,차대차 - 측면직각충돌,안전운전불이행,건조,맑음,교차로 - 교차로안,승용,남,65세,상해없음,승용,남,61세,경상
2014101500100406,2014년 10월 15일 16시,수요일,대전광역시 대덕구 오정동,중상사고,0,1,1,0,차대차 - 기타,안전운전불이행,건조,맑음,단일로 - 기타,승용,남,43세,경상,승용,여,43세,중상
2014101500100494,2014년 10월 15일 18시,수요일,대전광역시 동구 가양동,중상사고,0,1,0,0,차대차 - 측면직각충돌,기타,건조,맑음,단일로 - 기타,승용,남,50세,상해없음,자전거,남,11세,중상
2014101500100495,2014년 10월 15일 18시,수요일,대전광역시 서구 둔산동,경상사고,0,0,1,0,차대차 - 측면직각충돌,직진우회전진행방해,건조,맑음,교차로 - 교차로안,승용,남,60세,상해없음,승용,여,26세,경상
2014101600100138,2014년 10월 16일 07시,목요일,대전광역시 유성구 하기동,경상사고,0,0,1,0,차대사람 - 횡단중,신호위반,건조,맑음,단일로 - 횡단보도상,승용,남,19세,상해없음,보행자,남,29세,경상
2014101600100179,2014년 10월 16일 08시,목요일,대전광역시 중구 태평동,경상사고,0,0,1,1,차대차 - 기타,안전거리미확보,습기,비,교차로 - 교차로안,화물,남,37세,상해없음,승용,남,58세,상해없음
2014101600100180,2014년 10월 16일 08시,목요일,대전광역시 중구 석교동,경상사고,0,0,4,0,차대차 - 추돌 - 진행중,안전거리미확보,건조,맑음,단일로 - 기타,승용,남,65세,상해없음,승용,여,58세,경상
2014101600100211,2014년 10월 16일 09시,목요일,대전광역시 서구 가장동,경상사고,0,0,5,0,차대차 - 기타,안전운전불이행,건조,맑음,단일로 - 기타,승용,남,60세,상해없음,승용,여,55세,경상
2014101600100212,2014년 10월 16일 09시,목요일,대전광역시 유성구 화암동,경상사고,0,0,1,0,차대차 - 측면직각충돌,신호위반,건조,흐림,교차로 - 교차로안,승용,남,44세,상해없음,이륜,남,30세,경상
2014101600100240,2014년 10월 16일 10시,목요일,대전광역시 서구 월평동,경상사고,0,0,1,0,차대차 - 추돌 - 주정차중,안전운전불이행,건조,맑음,교차로 - 교차로부근,승용,여,46세,상해없음,승용,남,44세,경상
2014101600100269,2014년 10월 16일 11시,목요일,대전광역시 중구 선화동,중상사고,0,1,0,0,차대차 - 측면직각충돌,신호위반,건조,맑음,교차로 - 교차로안,승용,남,63세,상해없음,원동기,남,24세,중상
2014101600100297,2014년 10월 16일 12시,목요일,대전광역시 동구 자양동,경상사고,0,0,1,0,차대사람 - 길가장자리구역통행중,안전운전불이행,건조,맑음,단일로 - 기타,승용,남,53세,상해없음,보행자,여,22세,경상
2014101600100323,2014년 10월 16일 13시,목요일,대전광역시 서구 갈마동,경상사고,0,0,1,0,차대차 - 추돌 - 진행중,안전운전불이행,건조,맑음,단일로 - 기타,승용,남,62세,상해없음,승용,남,44세,경상
2014101600100356,2014년 10월 16일 14시,목요일,대전광역시 중구 중촌동,경상사고,0,0,1,0,차대차 - 추돌 - 주정차중,안전운전불이행,건조,맑음,단일로 - 기타,승용,남,39세,상해없음,승용,남,29세,경상
2014101600100453,2014년 10월 16일 16시,목요일,대전광역시 서구 관저동,중상사고,0,1,0,0,차대차 - 기타,중앙선침범,건조,맑음,단일로 - 기타,승용,남,48세,상해없음,승용,여,50세,중상
2014101600100557,2014년 10월 16일 18시,목요일,대전광역시 중구 용두동,중상사고,0,1,0,0,차대차 - 측면직각충돌,안전거리미확보,건조,맑음,단일로 - 기타,승합,남,52세,상해없음,원동기,남,61세,중상
2014101600100558,2014년 10월 16일 18시,목요일,대전광역시 동구 용전동,경상사고,0,0,4,0,차대차 - 측면직각충돌,중앙선침범,건조,맑음,단일로 - 기타,화물,남,64세,상해없음,승용,남,30세,경상
2014101600100680,2014년 10월 16일 22시,목요일,대전광역시 서구 둔산동,경상사고,0,0,1,0,차대차 - 측면직각충돌,중앙선침범,건조,맑음,단일로 - 기타,승용,남,48세,상해없음,승용,여,41세,경상
2014101700100024,2014년 10월 17일 00시,금요일,대전광역시 유성구 궁동,중상사고,0,1,1,0,차대차 - 추돌 - 주정차중,안전운전불이행,건조,맑음,교차로 - 교차로부근,승용,남,60세,상해없음,승용,남,60세,경상
2014101700100067,2014년 10월 17일 03시,금요일,대전광역시 동구 가양동,경상사고,0,0,2,0,차대차 - 측면직각충돌,안전거리미확보,건조,맑음,단일로 - 기타,승용,남,28세,상해없음,승용,남,22세,경상
2014101700100068,2014년 10월 17일 03시,금요일,대전광역시 대덕구 신탄진동,중상사고,0,1,0,0,차대사람 - 기타,안전운전불이행,건조,맑음,교차로 - 교차로안,승용,남,49세,상해없음,보행자,여,46세,중상
2014101700100089,2014년 10월 17일 05시,금요일,대전광역시 동구 용전동,중상사고,0,1,0,0,차대차 - 추돌 - 진행중,안전운전불이행,건조,맑음,교차로 - 교차로부근,승용,남,54세,상해없음,자전거,남,28세,중상
2014101700100150,2014년 10월 17일 07시,금요일,대전광역시 중구 선화동,경상사고,0,0,1,0,차대사람 - 횡단중,안전운전불이행,건조,맑음,단일로 - 기타,승용,남,37세,상해없음,보행자,남,53세,경상
2014101700100151,2014년 10월 17일 07시,금요일,대전광역시 유성구 봉명동,경상사고,0,0,1,0,차대차 - 추돌 - 주정차중,안전운전불이행,건조,맑음,단일로 - 기타,승용,남,44세,상해없음,승용,여,32세,경상
2014101700100321,2014년 10월 17일 11시,금요일,대전광역시 동구 중동,중상사고,0,1,0,0,차대사람 - 기타,안전운전불이행,건조,맑음,단일로 - 기타,승합,남,38세,상해없음,보행자,남,84세,중상
2014101700100389,2014년 10월 17일 13시,금요일,대전광역시 중구 오류동,경상사고,0,0,2,0,차대차 - 추돌 - 진행중,안전운전불이행,건조,맑음,단일로 - 기타,승용,남,19세,상해없음,승용,여,42세,경상
2014101700100390,2014년 10월 17일 13시,금요일,대전광역시 유성구 관평동,경상사고,0,0,2,0,차대차 - 기타,안전운전불이행,건조,맑음,교차로 - 교차로안,승용,여,50세,상해없음,승용,남,41세,경상
2014101700100425,2014년 10월 17일 14시,금요일,대전광역시 동구 대별동,경상사고,0,0,1,0,차대차 - 추돌 - 진행중,안전거리미확보,건조,맑음,교차로 - 교차로부근,건설기계,남,55세,상해없음,승용,남,67세,경상
2014101700100457,2014년 10월 17일 15시,금요일,대전광역시 대덕구 법동,경상사고,0,0,1,0,차대사람 - 기타,안전운전불이행,건조,맑음,단일로 - 기타,이륜,남,53세,상해없음,보행자,남,7세,경상
2014101700100499,2014년 10월 17일 16시,금요일,대전광역시 서구 월평동,경상사고,0,0,6,0,차대차 - 추돌 - 진행중,안전운전불이행,건조,맑음,단일로 - 기타,승용,여,51세,상해없음,승합,남,41세,경상
2014101700100619,2014년 10월 17일 18시,금요일,대전광역시 동구 삼성동,중상사고,0,1,0,0,차대사람 - 보도통행중,안전운전불이행,건조,맑음,단일로 - 기타,화물,남,33세,상해없음,보행자,남,56세,중상
2014101700100620,2014년 10월 17일 18시,금요일,대전광역시 서구 가수원동,경상사고,0,0,1,0,차대차 - 측면직각충돌,신호위반,건조,맑음,교차로 - 교차로안,승용,남,50세,상해없음,승용,남,39세,경상
2014101700100621,2014년 10월 17일 18시,금요일,대전광역시 대덕구 오정동,중상사고,0,1,0,0,차대사람 - 차도통행중,안전운전불이행,건조,맑음,단일로 - 기타,승용,기타불명,기타불명,기타불명,보행자,남,22세,중상
2014101700100622,2014년 10월 17일 18시,금요일,대전광역시 대덕구 중리동,경상사고,0,0,1,0,차대차 - 추돌 - 주정차중,안전운전불이행,건조,맑음,단일로 - 기타,승합,남,51세,상해없음,승용,남,45세,경상
2014101700100692,2014년 10월 17일 19시,금요일,대전광역시 유성구 원신흥동,경상사고,0,0,1,0,차대차 - 측면직각충돌,교차로운행방법위반,건조,맑음,교차로 - 교차로안,승용,남,36세,상해없음,승용,남,44세,경상
2014101700100693,2014년 10월 17일 19시,금요일,대전광역시 유성구 봉명동,중상사고,0,1,1,0,차대차 - 측면직각충돌,교차로운행방법위반,건조,맑음,교차로 - 교차로안,이륜,남,42세,중상,승용,남,66세,경상
2014101700100726,2014년 10월 17일 20시,금요일,대전광역시 중구 산성동,경상사고,0,0,2,0,차대차 - 측면직각충돌,안전운전불이행,건조,맑음,교차로 - 교차로안,승용,여,50세,상해없음,승용,남,44세,경상
2014101700100773,2014년 10월 17일 21시,금요일,대전광역시 유성구 구암동,경상사고,0,0,3,0,차대차 - 추돌 - 주정차중,안전운전불이행,건조,맑음,교차로 - 교차로부근,승용,여,53세,상해없음,승용,여,52세,경상
2014101700100800,2014년 10월 17일 22시,금요일,대전광역시 서구 괴정동,경상사고,0,0,2,0,차대차 - 기타,안전운전불이행,건조,맑음,단일로 - 기타,승용,남,44세,상해없음,승용,남,46세,경상
2014101700100828,2014년 10월 17일 23시,금요일,대전광역시 중구 태평동,경상사고,0,0,1,0,차대차 - 측면직각충돌,안전운전불이행,건조,맑음,단일로 - 기타,승용,남,28세,상해없음,승용,남,21세,경상
2014101700100829,2014년 10월 17일 23시,금요일,대전광역시 서구 괴정동,중상사고,0,2,3,1,차대차 - 기타,교차로운행방법위반,건조,맑음,교차로 - 교차로안,승용,남,26세,경상,승용,남,28세,부상신고
2014101700100830,2014년 10월 17일 23시,금요일,대전광역시 대덕구 송촌동,중상사고,0,1,0,0,차대사람 - 차도통행중,안전운전불이행,건조,맑음,단일로 - 기타,승용,남,52세,상해없음,보행자,여,50세,중상
2014101700100831,2014년 10월 17일 23시,금요일,대전광역시 서구 둔산동,경상사고,0,0,3,0,차대차 - 측면직각충돌,중앙선침범,건조,맑음,단일로 - 기타,승용,남,24세,상해없음,승용,여,53세,경상
2014101700100832,2014년 10월 17일 23시,금요일,대전광역시 서구 갈마동,경상사고,0,0,1,0,차량단독 - 기타,안전운전불이행,건조,맑음,단일로 - 기타,승용,남,55세,상해없음,,,,
2014101800100069,2014년 10월 18일 02시,토요일,대전광역시 유성구 화암동,경상사고,0,0,1,0,차대차 - 추돌 - 진행중,안전운전불이행,건조,맑음,교차로 - 교차로안,승용,남,40세,상해없음,승용,남,62세,경상
2014101800100076,2014년 10월 18일 03시,토요일,대전광역시 서구 도마동,경상사고,0,0,1,0,차대차 - 기타,중앙선침범,건조,맑음,단일로 - 기타,승용,남,39세,상해없음,화물,남,57세,경상
2014101800100077,2014년 10월 18일 03시,토요일,대전광역시 대덕구 법동,경상사고,0,0,2,0,차대차 - 추돌 - 진행중,안전운전불이행,건조,맑음,교차로 - 교차로부근,승용,남,42세,기타불명,승용,남,43세,경상
2014101800100090,2014년 10월 18일 04시,토요일,대전광역시 유성구 장대동,중상사고,0,1,0,0,차대차 - 기타,안전운전불이행,건조,맑음,교차로 - 교차로안,승용,남,23세,상해없음,승용,남,52세,상해없음
2014101800100120,2014년 10월 18일 06시,토요일,대전광역시 중구 부사동,중상사고,0,1,0,0,차대차 - 측면직각충돌,신호위반,건조,맑음,교차로 - 교차로안,승용,여,67세,상해없음,승용,남,61세,중상
2014101800100167,2014년 10월 18일 08시,토요일,대전광역시 동구 성남동,중상사고,0,1,1,0,차대차 - 측면직각충돌,안전운전불이행,건조,맑음,교차로 - 교차로안,승용,남,30세,상해없음,화물,남,57세,중상
2014101800100264,2014년 10월 18일 11시,토요일,대전광역시 중구 오류동,경상사고,0,0,1,0,차대차 - 기타,안전운전불이행,건조,맑음,단일로 - 기타,승용,여,38세,상해없음,승용,여,48세,경상
2014101800100265,2014년 10월 18일 11시,토요일,대전광역시 대덕구 법동,경상사고,0,0,1,0,차대사람 - 기타,기타,건조,맑음,교차로 - 교차로부근,승용,남,52세,기타불명,보행자,여,65세,경상
2014101800100266,2014년 10월 18일 11시,토요일,대전광역시 유성구 반석동,경상사고,0,0,4,0,차대차 - 기타,안전운전불이행,건조,맑음,단일로 - 기타,승용,여,46세,상해없음,승용,남,38세,경상
2014101800100304,2014년 10월 18일 12시,토요일,대전광역시 서구 월평동,경상사고,0,0,2,0,차대차 - 기타,안전거리미확보,건조,맑음,단일로 - 기타,승용,남,39세,상해없음,승용,여,33세,경상
2014101800100335,2014년 10월 18일 13시,토요일,대전광역시 동구 소제동,경상사고,0,0,2,0,차대차 - 정면충돌,중앙선침범,건조,맑음,단일로 - 기타,승용,남,42세,상해없음,승용,남,56세,경상
2014101800100336,2014년 10월 18일 13시,토요일,대전광역시 동구 가오동,경상사고,0,0,5,0,차대차 - 측면직각충돌,교차로운행방법위반,건조,맑음,교차로 - 교차로안,승용,여,63세,경상,화물,남,29세,경상
2014101800100337,2014년 10월 18일 13시,토요일,대전광역시 서구 둔산동,경상사고,0,0,4,0,차대차 - 측면직각충돌,신호위반,건조,맑음,교차로 - 교차로안,승용,여,36세,상해없음,승용,남,45세,경상
2014101800100359,2014년 10월 18일 14시,토요일,대전광역시 동구 비룡동,중상사고,0,2,0,0,차대차 - 기타,안전운전불이행,건조,맑음,단일로 - 기타,화물,남,50세,상해없음,승용,남,44세,중상
2014101800100427,2014년 10월 18일 15시,토요일,대전광역시 서구 변동,경상사고,0,0,1,0,차대차 - 측면직각충돌,안전운전불이행,건조,맑음,단일로 - 기타,승용,남,45세,상해없음,자전거,남,77세,경상
2014101800100428,2014년 10월 18일 15시,토요일,대전광역시 대덕구 중리동,경상사고,0,0,4,0,차대차 - 추돌 - 주정차중,안전운전불이행,건조,맑음,단일로 - 기타,화물,남,52세,상해없음,승용,여,36세,경상
2014101800100429,2014년 10월 18일 15시,토요일,대전광역시 서구 둔산동,경상사고,0,0,1,0,차대차 - 측면직각충돌,교차로운행방법위반,건조,맑음,교차로 - 교차로안,승용,여,52세,상해없음,승용,남,49세,상해없음
2014101800100473,2014년 10월 18일 16시,토요일,대전광역시 중구 문화동,경상사고,0,0,1,0,차대사람 - 횡단중,보행자보호의무위반,건조,맑음,교차로 - 교차로안,승용,여,57세,상해없음,보행자,여,6세,경상
2014101800100516,2014년 10월 18일 17시,토요일,대전광역시 중구 목동,사망사고,1,0,0,0,차량단독 - 기타,안전운전불이행,건조,맑음,단일로 - 기타,원동기,남,72세,상해없음,,,,
2014101800100517,2014년 10월 18일 17시,토요일,대전광역시 중구 산성동,중상사고,0,1,0,0,차대차 - 측면직각충돌,안전운전불이행,건조,흐림,단일로 - 기타,승용,여,55세,상해없음,원동기,남,86세,중상
2014101800100518,2014년 10월 18일 17시,토요일,대전광역시 서구 가수원동,경상사고,0,0,1,0,차대사람 - 기타,기타,건조,맑음,단일로 - 기타,승합,남,38세,기타불명,보행자,남,21세,경상
2014101800100519,2014년 10월 18일 17시,토요일,대전광역시 대덕구 읍내동,경상사고,0,0,1,0,차대차 - 기타,안전운전불이행,건조,맑음,단일로 - 기타,승용,남,27세,상해없음,승용,남,65세,경상
2014101800100576,2014년 10월 18일 18시,토요일,대전광역시 동구 삼성동,중상사고,0,1,0,0,차대사람 - 횡단중,안전운전불이행,건조,맑음,단일로 - 기타,승용,남,44세,상해없음,보행자,여,64세,중상