사고번호,사고일시,요일,시군구,사고내용,사망자수,중상자수,경상자수,부상신고자수,사고유형,법규위반,노면상태,기상상태,도로형태,가해운전자 차종,가해운전자 성별,가해운전자 연령,가해운전자 상해정도,피해운전자 차종,피해운전자 성별,피해운전자 연령,피해운전자 상해정도
2014111800100665,2014년 11월 18일 23시,화요일,대전광역시 서구 둔산동,경상사고,0,0,2,0,차대차 - 추돌 - 주정차중,안전운전불이행,건조,맑음,교차로 - 교차로부근,승용,여,43세,상해없음,화물,여,51세,경상
2014111900100018,2014년 11월 19일 00시,수요일,대전광역시 동구 신흥동,중상사고,0,1,0,0,차대차 - 측면직각충돌,중앙선침범,건조,맑음,단일로 - 기타,승용,남,33세,상해없음,승용,여,55세,중상
2014111900100053,2014년 11월 19일 03시,수요일,대전광역시 중구 오류동,경상사고,0,0,2,0,차대차 - 측면직각충돌,신호위반,건조,맑음,교차로 - 교차로안,승용,여,40세,상해없음,승용,여,55세,경상
2014111900100069,2014년 11월 19일 05시,수요일,대전광역시 서구 변동,경상사고,0,0,1,0,차대사람 - 횡단중,안전운전불이행,건조,맑음,단일로 - 횡단보도부근,화물,남,58세,상해없음,보행자,남,52세,경상
2014111900100095,2014년 11월 19일 06시,수요일,대전광역시 중구 사정동,중상사고,0,2,0,0,차대차 - 측면직각충돌,신호위반,건조,맑음,교차로 - 교차로안,승용,남,52세,상해없음,승용,남,33세,중상
2014111900100122,2014년 11월 19일 07시,수요일,대전광역시 서구 도마동,경상사고,0,0,1,0,차대차 - 측면직각충돌,신호위반,건조,맑음,교차로 - 교차로안,화물,남,56세,상해없음,승용,여,46세,경상
2014111900100123,2014년 11월 19일 07시,수요일,대전광역시 유성구 자운동,경상사고,0,0,1,0,차대사람 - 기타,안전운전불이행,건조,맑음,단일로 - 기타,승용,남,30세,상해없음,보행자,남,32세,경상
2014111900100179,2014년 11월 19일 08시,수요일,대전광역시 서구 도마동,경상사고,0,0,1,0,차대차 - 추돌 - 진행중,안전거리미확보,건조,맑음,단일로 - 기타,승용,남,49세,상해없음,승용,여,60세,상해없음
2014111900100180,2014년 11월 19일 08시,수요일,대전광역시 서구 만년동,경상사고,0,0,1,0,차대차 - 추돌 - 진행중,안전운전불이행,건조,맑음,단일로 - 기타,승용,여,34세,상해없음,승용,남,44세,경상
2014111900100208,2014년 11월 19일 09시,수요일,대전광역시 중구 태평동,경상사고,0,0,1,0,차량단독 - 공작물충돌,기타,건조,맑음,단일로 - 기타,승합,남,44세,상해없음,,,,
2014111900100209,2014년 11월 19일 09시,수요일,대전광역시 서구 오동,경상사고,0,0,3,0,차대차 - 측면직각충돌,안전운전불이행,건조,맑음,교차로 - 교차로안,화물,여,54세,상해없음,승용,남,57세,경상
2014111900100210,2014년 11월 19일 09시,수요일,대전광역시 서구 월평동,경상사고,0,0,4,0,차대차 - 추돌 - 주정차중,안전운전불이행,건조,맑음,교차로 - 교차로부근,승용,남,32세,상해없음,승용,여,40세,경상
2014111900100240,2014년 11월 19일 10시,수요일,대전광역시 중구 문화동,경상사고,0,0,3,0,차대차 - 기타,신호위반,건조,맑음,교차로 - 교차로안,화물,남,35세,상해없음,승합,남,50세,경상
2014111900100264,2014년 11월 19일 11시,수요일,대전광역시 유성구 장대동,경상사고,0,0,1,0,차대사람 - 횡단중,보행자보호의무위반,건조,맑음,교차로 - 교차로안,화물,남,56세,상해없음,보행자,여,65세,경상
2014111900100294,2014년 11월 19일 12시,수요일,대전광역시 중구 태평동,중상사고,0,1,0,0,차대사람 - 기타,신호위반,건조,맑음,단일로 - 횡단보도상,화물,남,57세,상해없음,보행자,여,70세,중상
2014111900100295,2014년 11월 19일 12시,수요일,대전광역시 유성구 봉명동,경상사고,0,0,2,0,차대차 - 추돌 - 진행중,안전운전불이행,건조,맑음,단일로 - 기타,승용,남,60세,상해없음,승용,남,46세,경상
2014111900100389,2014년 11월 19일 15시,수요일,대전광역시 중구 대사동,중상사고,0,1,0,0,차대차 - 기타,안전운전불이행,건조,맑음,교차로 - 교차로안,승용,여,59세,상해없음,자전거,남,57세,중상
2014111900100531,2014년 11월 19일 18시,수요일,대전광역시 중구 용두동,중상사고,0,1,0,0,차대사람 - 기타,신호위반,건조,맑음,단일로 - 횡단보도상,승용,남,53세,상해없음,보행자,남,70세,중상
2014111900100532,2014년 11월 19일 18시,수요일,대전광역시 동구 인동,중상사고,0,1,0,0,차대사람 - 횡단중,안전운전불이행,건조,맑음,단일로 - 기타,승용,남,35세,상해없음,보행자,여,19세,중상
2014111900100533,2014년 11월 19일 18시,수요일,대전광역시 동구 낭월동,경상사고,0,0,1,0,차대차 - 측면직각충돌,신호위반,건조,맑음,교차로 - 교차로안,승합,남,72세,상해없음,승용,여,40세,경상
2014111900100577,2014년 11월 19일 19시,수요일,대전광역시 유성구 관평동,경상사고,0,0,1,0,차대사람 - 보도통행중,신호위반,건조,흐림,교차로 - 교차로안,승용,여,58세,상해없음,보행자,남,16세,경상
2014111900100613,2014년 11월 19일 20시,수요일,대전광역시 대덕구 오정동,경상사고,0,0,2,0,차대차 - 추돌 - 주정차중,안전운전불이행,건조,맑음,단일로 - 기타,승용,남,48세,상해없음,승용,남,38세,경상
2014112000100014,2014년 11월 20일 00시,목요일,대전광역시 대덕구 오정동,경상사고,0,0,1,0,차대차 - 추돌 - 진행중,안전운전불이행,건조,맑음,단일로 - 기타,승용,남,52세,상해없음,승용,남,41세,경상
2014112000100098,2014년 11월 20일 07시,목요일,대전광역시 동구 대성동,중상사고,0,1,0,0,차대차 - 측면직각충돌,안전거리미확보,건조,맑음,단일로 - 기타,화물,남,51세,기타불명,승용,남,39세,중상
2014112000100150,2014년 11월 20일 08시,목요일,대전광역시 서구 둔산동,경상사고,0,0,2,0,차대차 - 기타,안전거리미확보,건조,맑음,교차로 - 교차로안,승용,여,55세,상해없음,승용,남,56세,경상
2014112000100217,2014년 11월 20일 10시,목요일,대전광역시 서구 복수동,경상사고,0,0,1,0,차대차 - 측면직각충돌,안전운전불이행,건조,맑음,교차로 - 교차로안,승용,남,73세,상해없음,자전거,남,71세,경상
2014112000100218,2014년 11월 20일 10시,목요일,대전광역시 유성구 탑립동,경상사고,0,0,1,0,차대차 - 측면직각충돌,중앙선침범,건조,맑음,단일로 - 기타,승용,남,28세,상해없음,승용,여,37세,경상
2014112000100256,2014년 11월 20일 11시,목요일,대전광역시 유성구 봉명동,중상사고,0,1,0,0,차대사람 - 기타,보행자보호의무위반,건조,맑음,교차로 - 교차로안,승용,남,53세,상해없음,보행자,남,40세,중상
2014112000100257,2014년 11월 20일 11시,목요일,대전광역시 유성구 장대동,경상사고,0,0,2,0,차대차 - 추돌 - 주정차중,안전거리미확보,건조,맑음,교차로 - 교차로부근,승용,여,32세,상해없음,승용,남,38세,경상
2014112000100319,2014년 11월 20일 13시,목요일,대전광역시 서구 가수원동,경상사고,0,0,5,0,차대차 - 측면직각충돌,신호위반,건조,맑음,단일로 - 기타,승용,여,51세,상해없음,승합,남,57세,경상
2014112000100365,2014년 11월 20일 14시,목요일,대전광역시 서구 용문동,경상사고,0,0,1,0,차대차 - 추돌 - 진행중,안전운전불이행,건조,맑음,단일로 - 기타,승용,남,32세,상해없음,승용,남,61세,경상
2014112000100507,2014년 11월 20일 17시,목요일,대전광역시 중구 유천동,중상사고,0,1,0,0,차대사람 - 횡단중,신호위반,건조,맑음,교차로 - 교차로안,승용,여,31세,상해없음,보행자,여,51세,중상
2014112000100570,2014년 11월 20일 18시,목요일,대전광역시 서구 괴정동,경상사고,0,0,1,0,차대사람 - 차도통행중,안전운전불이행,건조,맑음,단일로 - 횡단보도상,승용,여,39세,상해없음,보행자,여,16세,경상
2014112000100615,2014년 11월 20일 19시,목요일,대전광역시 중구 산성동,경상사고,0,0,2,0,차대차 - 기타,안전운전불이행,건조,맑음,교차로 - 교차로안,화물,남,29세,경상,승용,남,50세,경상
2014112000100616,2014년 11월 20일 19시,목요일,대전광역시 유성구 신성동,중상사고,0,1,0,0,차대차 - 기타,안전운전불이행,건조,맑음,단일로 - 기타,승용,여,48세,상해없음,이륜,남,50세,중상
2014112000100617,2014년 11월 20일 19시,목요일,대전광역시 유성구 학하동,경상사고,0,0,1,0,차대차 - 추돌 - 진행중,안전운전불이행,건조,맑음,교차로 - 교차로부근,승용,여,44세,상해없음,승용,남,48세,경상
2014112000100650,2014년 11월 20일 20시,목요일,대전광역시 동구 효동,경상사고,0,0,2,0,차대차 - 추돌 - 진행중,안전거리미확보,건조,맑음,단일로 - 기타,승용,남,43세,상해없음,승용,여,31세,경상
2014112000100687,2014년 11월 20일 21시,목요일,대전광역시 서구 갈마동,경상사고,0,0,2,0,차대차 - 기타,안전운전불이행,건조,맑음,교차로 - 교차로부근,승용,여,46세,상해없음,승용,여,23세,경상
2014112000100722,2014년 11월 20일 22시,목요일,대전광역시 서구 괴정동,경상사고,0,0,1,0,차대차 - 측면직각충돌,안전운전불이행,건조,맑음,단일로 - 기타,승용,여,36세,상해없음,승합,남,56세,상해없음
2014112100100034,2014년 11월 21일 01시,금요일,대전광역시 서구 갈마동,중상사고,0,1,0,0,차대사람 - 기타,안전운전불이행,건조,맑음,단일로 - 기타,승용,여,28세,상해없음,보행자,남,29세,중상
2014112100100042,2014년 11월 21일 02시,금요일,대전광역시 서구 둔산동,경상사고,0,0,2,0,차대차 - 추돌 - 진행중,신호위반,건조,맑음,교차로 - 교차로안,승용,남,52세,상해없음,승용,남,52세,상해없음
2014112100100101,2014년 11월 21일 07시,금요일,대전광역시 중구 용두동,경상사고,0,0,1,0,차대차 - 기타,안전거리미확보,건조,맑음,단일로 - 기타,승용,여,43세,상해없음,승합,남,36세,상해없음
2014112100100168,2014년 11월 21일 09시,금요일,대전광역시 서구 월평동,부상신고사고,0,0,0,1,차대사람 - 기타,안전운전불이행,건조,맑음,교차로 - 교차로안,승용,기타불명,기타불명,기타불명,보행자,남,22세,부상신고
2014112100100199,2014년 11월 21일 10시,금요일,대전광역시 유성구 궁동,경상사고,0,0,2,0,차대차 - 기타,안전운전불이행,건조,맑음,교차로 - 교차로부근,승용,여,47세,상해없음,화물,남,28세,경상
2014112100100262,2014년 11월 21일 13시,금요일,대전광역시 서구 둔산동,중상사고,0,1,1,0,차대차 - 기타,신호위반,건조,맑음,교차로 - 교차로안,승합,남,32세,상해없음,승용,여,46세,중상
2014112100100287,2014년 11월 21일 14시,금요일,대전광역시 유성구 용산동,경상사고,0,0,4,0,차대차 - 측면직각충돌,신호위반,건조,맑음,교차로 - 교차로안,승용,여,37세,상해없음,승용,남,34세,경상
2014112100100328,2014년 11월 21일 15시,금요일,대전광역시 중구 문화동,경상사고,0,0,2,0,차대차 - 측면직각충돌,안전거리미확보,건조,맑음,단일로 - 기타,승용,여,42세,상해없음,승용,남,37세,경상
2014112100100357,2014년 11월 21일 16시,금요일,대전광역시 대덕구 중리동,경상사고,0,0,1,0,차대차 - 추돌 - 진행중,안전운전불이행,건조,맑음,단일로 - 횡단보도부근,승합,남,45세,상해없음,승용,남,56세,상해없음
2014112100100404,2014년 11월 21일 17시,금요일,대전광역시 동구 판암동,경상사고,0,0,1,0,차대차 - 측면직각충돌,교차로운행방법위반,건조,맑음,교차로 - 교차로안,승용,남,41세,상해없음,원동기,남,28세,경상
2014112100100405,2014년 11월 21일 17시,금요일,대전광역시 동구 용전동,경상사고,0,0,1,0,차대차 - 추돌 - 진행중,안전운전불이행,건조,맑음,단일로 - 기타,승합,남,44세,상해없음,승용,여,28세,경상
2014112100100476,2014년 11월 21일 18시,금요일,대전광역시 동구 가양동,경상사고,0,0,2,0,차대차 - 추돌 - 주정차중,안전거리미확보,건조,맑음,단일로 - 기타,승용,남,58세,상해없음,승용,남,37세,경상
2014112100100477,2014년 11월 21일 18시,금요일,대전광역시 대덕구 오정동,경상사고,0,0,2,0,차대차 - 추돌 - 진행중,안전운전불이행,건조,맑음,단일로 - 기타,승용,남,59세,상해없음,승용,여,41세,경상
2014112100100478,2014년 11월 21일 18시,금요일,대전광역시 서구 탄방동,중상사고,0,1,4,1,차대차 - 추돌 - 진행중,안전운전불이행,건조,맑음,단일로 - 기타,승용,남,65세,상해없음,승용,남,64세,경상
2014112100100518,2014년 11월 21일 19시,금요일,대전광역시 유성구 송강동,사망사고,1,0,0,0,차대차 - 측면직각충돌,신호위반,건조,맑음,교차로 - 교차로부근,승합,남,42세,상해없음,이륜,남,21세,사망
2014112100100519,2014년 11월 21일 19시,금요일,대전광역시 유성구 궁동,경상사고,0,0,1,0,차대차 - 측면직각충돌,안전운전불이행,건조,맑음,교차로 - 교차로안,승용,남,28세,상해없음,자전거,남,22세,경상
2014112100100612,2014년 11월 21일 22시,금요일,대전광역시 중구 문화동,경상사고,0,0,1,0,차대차 - 추돌 - 진행중,안전운전불이행,건조,맑음,교차로 - 교차로부근,승용,남,54세,상해없음,승용,남,42세,경상
2014112200100026,2014년 11월 22일 00시,토요일,대전광역시 서구 탄방동,경상사고,0,0,1,0,차대차 - 추돌 - 주정차중,안전운전불이행,건조,맑음,교차로 - 교차로부근,승용,여,42세,상해없음,승용,남,49세,경상
2014112200100027,2014년 11월 22일 00시,토요일,대전광역시 서구 둔산동,부상신고사고,0,0,0,1,차대사람 - 횡단중,안전운전불이행,건조,맑음,교차로 - 교차로안,승용,남,22세,상해없음,보행자,남,19세,부상신고
2014112200100042,2014년 11월 22일 01시,토요일,대전광역시 서구 둔산동,경상사고,0,0,1,0,차대차 - 추돌 - 진행중,안전운전불이행,건조,맑음,기타 - 기타,승용,남,55세,상해없음,승용,남,28세,경상
2014112200100055,2014년 11월 22일 02시,토요일,대전광역시 서구 복수동,경상사고,0,0,1,0,차대차 - 측면직각충돌,교차로운행방법위반,건조,맑음,교차로 - 교차로안,승용,남,27세,상해없음,승용,남,32세,경상
2014112200100056,2014년 11월 22일 02시,토요일,대전광역시 서구 탄방동,중상사고,0,3,0,0,차대차 - 측면직각충돌,신호위반,건조,맑음,교차로 - 교차로안,화물,남,45세,상해없음,승용,남,53세,중상
2014112200100082,2014년 11월 22일 04시,토요일,대전광역시 중구 유천동,사망사고,1,0,0,0,차대사람 - 보도통행중,안전운전불이행,건조,흐림,교차로 - 교차로안,승용,남,65세,상해없음,보행자,여,66세,사망
2014112200100083,2014년 11월 22일 04시,토요일,대전광역시 동구 효동,경상사고,0,0,1,0,차대차 - 측면직각충돌,신호위반,습기,흐림,교차로 - 교차로안,승용,여,43세,상해없음,승용,남,46세,경상
2014112200100153,2014년 11월 22일 07시,토요일,대전광역시 유성구 원내동,경상사고,0,0,2,0,차대차 - 기타,기타,건조,맑음,단일로 - 기타,승합,남,47세,상해없음,승용,남,61세,상해없음
2014112200100307,2014년 11월 22일 11시,토요일,대전광역시 중구 문화동,경상사고,0,0,1,0,차대차 - 측면직각충돌,안전운전불이행,건조,맑음,단일로 - 기타,화물,남,51세,상해없음,자전거,남,55세,경상
2014112200100308,2014년 11월 22일 11시,토요일,대전광역시 동구 가양동,경상사고,0,0,1,0,차대차 - 추돌 - 주정차중,안전운전불이행,건조,맑음,단일로 - 횡단보도부근,승용,여,54세,상해없음,승용,남,58세,경상
2014112200100309,2014년 11월 22일 11시,토요일,대전광역시 유성구 교촌동,경상사고,0,0,1,0,차대사람 - 기타,안전운전불이행,건조,흐림,교차로 - 교차로안,승용,남,45세,상해없음,보행자,남,80세,경상
2014112200100352,2014년 11월 22일 12시,토요일,대전광역시 유성구 상대동,경상사고,0,0,1,0,차대사람 - 길가장자리구역통행중,안전운전불이행,건조,맑음,단일로 - 기타,승용,남,39세,상해없음,보행자,남,21세,경상
2014112200100427,2014년 11월 22일 14시,토요일,대전광역시 중구 산성동,경상사고,0,0,1,0,차대사람 - 기타,안전운전불이행,습기,비,단일로 - 기타,승용,여,43세,상해없음,보행자,남,40세,경상
2014112200100428,2014년 11월 22일 14시,토요일,대전광역시 대덕구 신대동,중상사고,0,1,0,0,차대사람 - 횡단중,안전운전불이행,건조,맑음,단일로 - 기타,화물,남,56세,상해없음,보행자,여,77세,중상
2014112200100470,2014년 11월 22일 15시,토요일,대전광역시 서구 둔산동,경상사고,0,0,2,0,차대차 - 측면직각충돌,교차로운행방법위반,건조,맑음,교차로 - 교차로안,승용,남,52세,상해없음,승용,여,45세,경상
2014112200100471,2014년 11월 22일 15시,토요일,대전광역시 유성구 노은동,경상사고,0,0,7,1,차대차 - 추돌 - 주정차중,안전운전불이행,건조,맑음,단일로 - 기타,승용,남,57세,상해없음,승용,남,46세,경상
2014112200100472,2014년 11월 22일 15시,토요일,대전광역시 서구 둔산동,경상사고,0,0,1,0,차대차 - 측면직각충돌,기타,건조,맑음,단일로 - 기타,승용,남,52세,상해없음,이륜,남,35세,경상
2014112200100611,2014년 11월 22일 18시,토요일,대전광역시 동구 용전동,경상사고,0,0,1,0,차대차 - 측면직각충돌,신호위반,건조,맑음,교차로 - 교차로안,승용,남,62세,상해없음,원동기,남,73세,경상
2014112200100686,2014년 11월 22일 20시,토요일,대전광역시 동구 용전동,경상사고,0,0,1,0,차대차 - 측면직각충돌,직진우회전진행방해,건조,맑음,교차로 - 교차로안,승용,여,43세,기타불명,승용,여,42세,경상
2014112200100687,2014년 11월 22일 20시,토요일,대전광역시 대덕구 중리동,중상사고,0,1,0,0,차대사람 - 횡단중,신호위반,건조,맑음,단일로 - 횡단보도상,승용,남,24세,상해없음,보행자,남,77세,중상
2014112200100715,2014년 11월 22일 21시,토요일,대전광역시 중구 산성동,중상사고,0,1,0,0,차대사람 - 차도통행중,안전운전불이행,습기,비,교차로 - 교차로안,승용,남,39세,상해없음,보행자,여,71세,중상
2014112200100716,2014년 11월 22일 21시,토요일,대전광역시 서구 탄방동,경상사고,0,0,1,0,차대차 - 측면직각충돌,신호위반,건조,맑음,교차로 - 교차로안,이륜,남,23세,상해없음,자전거,남,21세,경상
2014112200100756,2014년 11월 22일 22시,토요일,대전광역시 대덕구 중리동,경상사고,0,0,1,0,차대사람 - 기타,안전운전불이행,건조,맑음,교차로 - 교차로안,승용,기타불명,30세,기타불명,보행자,남,50세,경상
2014112200100757,2014년 11월 22일 22시,토요일,대전광역시 유성구 도룡동,중상사고,0,1,0,0,차량단독 - 공작물충돌,안전운전불이행,건조,맑음,교차로 - 교차로안,화물,남,50세,중상,,,,
2014112200100758,2014년 11월 22일 22시,토요일,대전광역시 서구 갈마동,경상사고,0,0,1,0,차대사람 - 기타,안전운전불이행,건조,맑음,단일로 - 기타,기타불명,기타불명,기타불명,기타불명,보행자,남,23세,경상
2014112200100785,2014년 11월 22일 23시,토요일,대전광역시 동구 용전동,경상사고,0,0,2,0,차대차 - 측면직각충돌,차로위반,건조,맑음,교차로 - 교차로부근,승용,남,61세,상해없음,승용,남,29세,경상
2014112300100027,2014년 11월 23일 00시,일요일,대전광역시 유성구 봉명동,경상사고,0,0,1,0,차대차 - 기타,안전운전불이행,건조,맑음,단일로 - 기타,승용,남,39세,상해없음,승용,남,29세,상해없음
2014112300100095,2014년 11월 23일 05시,일요일,대전광역시 동구 자양동,경상사고,0,0,1,0,차대차 - 추돌 - 진행중,안전거리미확보,건조,맑음,단일로 - 기타,승용,남,27세,상해없음,승용,남,75세,경상
2014112300100195,2014년 11월 23일 11시,일요일,대전광역시 동구 삼성동,경상사고,0,0,2,0,차대차 - 기타,안전거리미확보,건조,맑음,교차로 - 교차로부근,화물,남,52세,상해없음,화물,남,56세,경상
2014112300100242,2014년 11월 23일 13시,일요일,대전광역시 유성구 구암동,중상사고,0,1,0,0,차대차 - 기타,교차로운행방법위반,건조,맑음,교차로 - 교차로안,이륜,남,48세,중상,승용,여,49세,상해없음
2014112300100271,2014년 11월 23일 14시,일요일,대전광역시 중구 대흥동,경상사고,0,0,1,0,차대차 - 측면직각충돌,안전운전불이행,건조,맑음,단일로 - 기타,화물,남,55세,상해없음,자전거,남,83세,경상
2014112300100298,2014년 11월 23일 15시,일요일,대전광역시 중구 선화동,경상사고,0,0,4,0,차대차 - 기타,안전운전불이행,건조,맑음,단일로 - 기타,화물,남,64세,상해없음,승용,남,35세,경상
2014112300100317,2014년 11월 23일 16시,일요일,대전광역시 서구 탄방동,경상사고,0,0,1,0,차대차 - 측면직각충돌,안전거리미확보,건조,맑음,단일로 - 기타,승용,남,36세,상해없음,이륜,남,26세,경상
2014112300100363,2014년 11월 23일 17시,일요일,대전광역시 대덕구 덕암동,경상사고,0,0,2,0,차대차 - 측면직각충돌,안전운전불이행,건조,맑음,교차로 - 교차로안,특수,남,43세,상해없음,승용,남,31세,경상
2014112300100414,2014년 11월 23일 18시,일요일,대전광역시 서구 둔산동,경상사고,0,0,3,0,차대차 - 측면직각충돌,교차로운행방법위반,건조,흐림,교차로 - 교차로안,승용,남,43세,경상,승용,남,71세,상해없음
2014112300100456,2014년 11월 23일 19시,일요일,대전광역시 대덕구 대화동,경상사고,0,0,1,0,차대차 - 추돌 - 진행중,안전운전불이행,건조,맑음,단일로 - 기타,승용,남,39세,상해없음,승용,남,40세,상해없음
2014112300100457,2014년 11월 23일 19시,일요일,대전광역시 서구 둔산동,경상사고,0,0,1,0,차대차 - 추돌 - 진행중,안전운전불이행,건조,맑음,교차로 - 교차로안,승용,남,33세,상해없음,원동기,남,48세,경상
2014112300100489,2014년 11월 23일 20시,일요일,대전광역시 서구 복수동,중상사고,0,1,0,0,차대사람 - 기타,안전운전불이행,건조,맑음,단일로 - 기타,승용,남,58세,상해없음,보행자,여,15세,중상
2014112300100490,2014년 11월 23일 20시,일요일,대전광역시 서구 변동,경상사고,0,0,3,0,차대차 - 기타,안전운전불이행,건조,맑음,단일로 - 기타,화물,남,27세,상해없음,승용,남,65세,경상
2014112300100522,2014년 11월 23일 21시,일요일,대전광역시 서구 가수원동,중상사고,0,1,0,0,차대차 - 기타,안전운전불이행,건조,맑음,단일로 - 기타,승용,남,53세,상해없음,이륜,남,49세,중상
2014112300100523,2014년 11월 23일 21시,일요일,대전광역시 서구 도마동,경상사고,0,0,1,0,차대사람 - 길가장자리구역통행중,안전운전불이행,건조,맑음,단일로 - 기타,승용,남,56세,상해없음,보행자,남,21세,경상
2014112300100524,2014년 11월 23일 21시,일요일,대전광역시 서구 탄방동,중상사고,0,1,0,0,차대차 - 측면직각충돌,신호위반,습기,흐림,교차로 - 교차로안,승용,남,50세,상해없음,이륜,남,31세,중상
2014112300100538,2014년 11월 23일 22시,일요일,대전광역시 대덕구 오정동,중상사고,0,1,0,0,차대사람 - 횡단중,안전운전불이행,건조,맑음,교차로 - 교차로안,승용,여,26세,상해없음,보행자,여,84세,중상
2014112400100012,2014년 11월 24일 00시,월요일,대전광역시 대덕구 문평동,중상사고,0,1,0,0,차대사람 - 기타,안전운전불이행,건조,맑음,기타 - 기타,특수,남,50세,상해없음,보행자,여,27세,중상
2014112400100032,2014년 11월 24일 02시,월요일,대전광역시 중구 목동,경상사고,0,0,1,0,차대차 - 측면직각충돌,안전운전불이행,습기,비,단일로 - 기타,승용,남,23세,상해없음,승합,남,55세,상해없음
2014112400100049,2014년 11월 24일 05시,월요일,대전광역시 유성구 반석동,경상사고,0,0,1,0,차대차 - 추돌 - 진행중,신호위반,습기,흐림,교차로 - 교차로안,승용,남,56세,상해없음,승용,남,66세,경상
2014112400100145,2014년 11월 24일 08시,월요일,대전광역시 유성구 봉명동,중상사고,0,1,0,0,차대차 - 측면직각충돌,신호위반,습기,비,교차로 - 교차로안,승용,여,47세,상해없음,승용,여,34세,중상
2014112400100146,2014년 11월 24일 08시,월요일,대전광역시 서구 탄방동,경상사고,0,0,2,0,차대차 - 기타,안전운전불이행,습기,비,단일로 - 기타,승용,남,36세,상해없음,승용,남,40세,경상
2014112400100210,2014년 11월 24일 10시,월요일,대전광역시 동구 홍도동,경상사고,0,0,1,0,차대사람 - 길가장자리구역통행중,안전운전불이행,습기,비,단일로 - 기타,승용,남,64세,상해없음,보행자,여,41세,경상
2014112400100211,2014년 11월 24일 10시,월요일,대전광역시 유성구 원내동,중상사고,0,1,1,0,차대차 - 기타,안전운전불이행,습기,비,교차로 - 교차로안,승용,여,58세,경상,승용,여,59세,중상
2014112400100263,2014년 11월 24일 12시,월요일,대전광역시 중구 유천동,중상사고,0,1,0,0,차대사람 - 기타,기타,습기,비,교차로 - 교차로부근,승용,여,48세,상해없음,보행자,남,40세,중상
2014112400100264,2014년 11월 24일 12시,월요일,대전광역시 유성구 봉명동,경상사고,0,0,1,0,차대차 - 추돌 - 진행중,안전운전불이행,습기,비,단일로 - 기타,승용,남,21세,상해없음,승용,남,62세,경상
2014112400100265,2014년 11월 24일 12시,월요일,대전광역시 대덕구 목상동,경상사고,0,0,1,0,차대사람 - 기타,안전운전불이행,건조,맑음,단일로 - 기타,승용,남,53세,상해없음,보행자,남,44세,경상
2014112400100266,2014년 11월 24일 12시,월요일,대전광역시 유성구 봉명동,경상사고,0,0,1,0,차대차 - 추돌 - 진행중,신호위반,습기,비,교차로 - 교차로안,승용,여,46세,상해없음,승용,남,64세,경상
2014112400100307,2014년 11월 24일 13시,월요일,대전광역시 서구 월평동,경상사고,0,0,1,0,차대차 - 기타,안전운전불이행,습기,비,교차로 - 교차로부근,승용,남,22세,상해없음,승용,남,52세,경상
2014112400100308,2014년 11월 24일 13시,월요일,대전광역시 유성구 장대동,경상사고,0,0,2,0,차대차 - 추돌 - 주정차중,안전거리미확보,습기,비,단일로 - 기타,화물,남,62세,상해없음,승용,남,50세,경상
2014112400100344,2014년 11월 24일 14시,월요일,대전광역시 중구 태평동,경상사고,0,0,2,0,차대차 - 측면직각충돌,신호위반,습기,비,교차로 - 교차로안,승용,여,58세,상해없음,승용,여,37세,경상
2014112400100375,2014년 11월 24일 15시,월요일,대전광역시 동구 인동,경상사고,0,0,1,0,차대차 - 추돌 - 진행중,안전운전불이행,습기,비,단일로 - 기타,승용,남,54세,상해없음,이륜,남,29세,경상
2014112400100376,2014년 11월 24일 15시,월요일,대전광역시 서구 가장동,경상사고,0,0,1,0,차대차 - 기타,안전운전불이행,습기,비,단일로 - 기타,승용,남,57세,상해없음,승용,여,64세,경상
2014112400100420,2014년 11월 24일 16시,월요일,대전광역시 서구 정림동,부상신고사고,0,0,0,1,차대차 - 측면직각충돌,안전운전불이행,습기,비,교차로 - 교차로안,승용,남,44세,상해없음,이륜,남,43세,부상신고
2014112400100489,2014년 11월 24일 17시,월요일,대전광역시 서구 도마동,중상사고,0,1,0,0,차대사람 - 기타,보행자보호의무위반,습기,비,단일로 - 기타,승용,남,54세,상해없음,보행자,여,40세,중상
2014112400100490,2014년 11월 24일 17시,월요일,대전광역시 서구 둔산동,경상사고,0,0,1,0,차대사람 - 횡단중,안전운전불이행,습기,비,단일로 - 기타,승용,남,27세,상해없음,보행자,여,63세,경상
2014112400100565,2014년 11월 24일 18시,월요일,대전광역시 서구 둔산동,경상사고,0,0,1,0,차대사람 - 횡단중,보행자보호의무위반,습기,비,교차로 - 교차로부근,승용,남,38세,상해없음,보행자,여,22세,경상
2014112400100632,2014년 11월 24일 19시,월요일,대전광역시 서구 갈마동,경상사고,0,0,2,0,차대차 - 추돌 - 주정차중,안전거리미확보,습기,비,단일로 - 기타,화물,남,43세,상해없음,승용,남,24세,경상
2014112400100660,2014년 11월 24일 20시,월요일,대전광역시 중구 오류동,중상사고,0,1,0,0,차대차 - 추돌 - 주정차중,안전운전불이행,습기,비,교차로 - 교차로부근,승용,남,19세,상해없음,화물,남,53세,중상
2014112400100661,2014년 11월 24일 20시,월요일,대전광역시 서구 가장동,경상사고,0,0,1,0,차대사람 - 기타,기타,건조,맑음,단일로 - 횡단보도부근,기타불명,기타불명,기타불명,기타불명,보행자,여,17세,경상