사고번호,사고일시,요일,시군구,사고내용,사망자수,중상자수,경상자수,부상신고자수,사고유형,법규위반,노면상태,기상상태,도로형태,가해운전자 차종,가해운전자 성별,가해운전자 연령,가해운전자 상해정도,피해운전자 차종,피해운전자 성별,피해운전자 연령,피해운전자 상해정도
2014112400100662,2014년 11월 24일 20시,월요일,대전광역시 유성구 장대동,경상사고,0,0,2,0,차대차 - 추돌 - 주정차중,안전운전불이행,건조,맑음,단일로 - 기타,승용,남,67세,상해없음,승용,남,41세,경상
2014112400100745,2014년 11월 24일 22시,월요일,대전광역시 서구 가장동,경상사고,0,0,1,0,차대차 - 기타,안전운전불이행,습기,비,교차로 - 교차로안,승용,기타불명,기타불명,기타불명,승용,남,50세,경상
2014112400100788,2014년 11월 24일 23시,월요일,대전광역시 동구 용운동,중상사고,0,1,0,0,차대차 - 기타,교차로운행방법위반,습기,흐림,교차로 - 교차로안,화물,남,28세,상해없음,원동기,남,22세,중상
2014112400100789,2014년 11월 24일 23시,월요일,대전광역시 서구 탄방동,경상사고,0,0,1,0,차대차 - 추돌 - 주정차중,안전거리미확보,건조,맑음,교차로 - 교차로부근,승용,남,44세,상해없음,승용,남,29세,경상
2014112500100036,2014년 11월 25일 00시,화요일,대전광역시 동구 성남동,경상사고,0,0,1,0,차대차 - 추돌 - 진행중,안전운전불이행,습기,비,단일로 - 기타,승합,남,36세,상해없음,승용,남,52세,경상
2014112500100037,2014년 11월 25일 00시,화요일,대전광역시 유성구 도룡동,경상사고,0,0,1,0,차대차 - 기타,안전운전불이행,건조,맑음,단일로 - 기타,화물,남,55세,상해없음,승용,남,36세,상해없음
2014112500100050,2014년 11월 25일 01시,화요일,대전광역시 서구 괴정동,경상사고,0,0,2,0,차대차 - 추돌 - 진행중,안전운전불이행,건조,맑음,단일로 - 기타,승용,남,45세,상해없음,승용,남,44세,경상
2014112500100084,2014년 11월 25일 05시,화요일,대전광역시 중구 대사동,경상사고,0,0,1,0,차대차 - 측면직각충돌,신호위반,건조,맑음,교차로 - 교차로안,승용,남,50세,상해없음,승용,남,47세,상해없음
2014112500100104,2014년 11월 25일 06시,화요일,대전광역시 중구 옥계동,경상사고,0,0,1,0,차대사람 - 횡단중,신호위반,건조,맑음,단일로 - 기타,승용,여,78세,상해없음,보행자,여,17세,경상
2014112500100120,2014년 11월 25일 07시,화요일,대전광역시 대덕구 오정동,중상사고,0,1,0,0,차대사람 - 기타,보행자보호의무위반,건조,맑음,교차로 - 교차로안,화물,남,47세,상해없음,보행자,여,23세,중상
2014112500100203,2014년 11월 25일 09시,화요일,대전광역시 동구 성남동,경상사고,0,0,2,0,차대차 - 측면직각충돌,안전운전불이행,건조,맑음,단일로 - 기타,화물,남,63세,상해없음,건설기계,남,66세,경상
2014112500100204,2014년 11월 25일 09시,화요일,대전광역시 서구 괴정동,경상사고,0,0,1,0,차대사람 - 기타,안전운전불이행,건조,맑음,교차로 - 교차로부근,승용,남,64세,상해없음,보행자,남,39세,경상
2014112500100226,2014년 11월 25일 10시,화요일,대전광역시 서구 용문동,경상사고,0,0,2,0,차대차 - 기타,안전운전불이행,건조,맑음,교차로 - 교차로안,승용,남,41세,상해없음,승용,여,26세,경상
2014112500100227,2014년 11월 25일 10시,화요일,대전광역시 서구 갈마동,경상사고,0,0,1,0,차량단독 - 기타,기타,건조,맑음,단일로 - 기타,승합,남,48세,상해없음,,,,
2014112500100310,2014년 11월 25일 13시,화요일,대전광역시 서구 갈마동,중상사고,0,1,0,0,차대사람 - 기타,안전운전불이행,건조,맑음,기타 - 기타,자전거,여,20세,상해없음,보행자,여,60세,중상
2014112500100343,2014년 11월 25일 14시,화요일,대전광역시 서구 도마동,경상사고,0,0,2,0,차대차 - 기타,중앙선침범,건조,맑음,단일로 - 터널,화물,남,72세,상해없음,승용,남,60세,경상
2014112500100344,2014년 11월 25일 14시,화요일,대전광역시 대덕구 비래동,중상사고,0,1,2,0,차대차 - 측면직각충돌,안전거리미확보,건조,맑음,단일로 - 기타,승용,남,68세,기타불명,승용,여,48세,경상
2014112500100384,2014년 11월 25일 15시,화요일,대전광역시 대덕구 오정동,경상사고,0,0,4,0,차대차 - 추돌 - 진행중,안전운전불이행,건조,맑음,단일로 - 기타,승용,남,40세,기타불명,승용,여,30세,경상
2014112500100385,2014년 11월 25일 15시,화요일,대전광역시 서구 월평동,경상사고,0,0,1,0,차대차 - 측면직각충돌,안전거리미확보,건조,맑음,단일로 - 기타,승용,남,53세,상해없음,승용,남,46세,경상
2014112500100418,2014년 11월 25일 16시,화요일,대전광역시 서구 도마동,경상사고,0,0,1,0,차대차 - 기타,안전운전불이행,건조,맑음,단일로 - 기타,화물,남,53세,상해없음,승용,여,49세,경상
2014112500100419,2014년 11월 25일 16시,화요일,대전광역시 유성구 원촌동,중상사고,0,1,0,0,차대차 - 기타,안전운전불이행,건조,맑음,교차로 - 교차로부근,화물,남,52세,상해없음,이륜,남,65세,중상
2014112500100469,2014년 11월 25일 17시,화요일,대전광역시 동구 판암동,경상사고,0,0,2,0,차대차 - 추돌 - 진행중,안전운전불이행,건조,맑음,단일로 - 기타,승용,남,36세,상해없음,승용,여,56세,경상
2014112500100531,2014년 11월 25일 18시,화요일,대전광역시 동구 홍도동,경상사고,0,0,1,0,차대사람 - 횡단중,보행자보호의무위반,건조,맑음,단일로 - 기타,승용,남,69세,상해없음,보행자,여,48세,경상
2014112500100532,2014년 11월 25일 18시,화요일,대전광역시 서구 둔산동,중상사고,0,1,0,0,차대차 - 추돌 - 주정차중,안전거리미확보,건조,맑음,단일로 - 기타,승용,남,62세,상해없음,승용,남,47세,중상
2014112500100533,2014년 11월 25일 18시,화요일,대전광역시 유성구 봉명동,중상사고,0,1,0,0,차대차 - 추돌 - 진행중,안전운전불이행,건조,맑음,단일로 - 기타,승용,여,44세,기타불명,승용,여,28세,중상
2014112500100589,2014년 11월 25일 20시,화요일,대전광역시 중구 부사동,경상사고,0,0,2,0,차대차 - 추돌 - 주정차중,안전운전불이행,건조,맑음,교차로 - 교차로부근,승용,여,23세,상해없음,승용,남,38세,경상
2014112600100033,2014년 11월 26일 01시,수요일,대전광역시 서구 관저동,경상사고,0,0,2,0,차대차 - 측면직각충돌,안전운전불이행,건조,맑음,단일로 - 기타,승용,여,49세,상해없음,승용,여,43세,경상
2014112600100060,2014년 11월 26일 04시,수요일,대전광역시 서구 월평동,경상사고,0,0,1,0,차대차 - 추돌 - 진행중,안전운전불이행,건조,맑음,단일로 - 기타,승용,남,51세,상해없음,이륜,남,49세,경상
2014112600100195,2014년 11월 26일 10시,수요일,대전광역시 서구 갈마동,경상사고,0,0,1,0,차대차 - 추돌 - 주정차중,안전운전불이행,건조,맑음,단일로 - 기타,승용,남,27세,기타불명,승용,남,52세,경상
2014112600100196,2014년 11월 26일 10시,수요일,대전광역시 서구 둔산동,경상사고,0,0,1,0,차대차 - 기타,신호위반,건조,맑음,교차로 - 교차로안,승용,여,63세,상해없음,승용,남,55세,경상
2014112600100254,2014년 11월 26일 12시,수요일,대전광역시 동구 삼성동,중상사고,0,1,0,0,차대차 - 기타,안전운전불이행,건조,맑음,단일로 - 기타,화물,남,56세,상해없음,화물,남,44세,중상
2014112600100373,2014년 11월 26일 16시,수요일,대전광역시 중구 대사동,경상사고,0,0,1,0,차대사람 - 기타,안전운전불이행,습기,맑음,단일로 - 기타,승용,남,64세,상해없음,보행자,남,71세,경상
2014112600100374,2014년 11월 26일 16시,수요일,대전광역시 서구 탄방동,중상사고,0,1,0,0,차대차 - 측면직각충돌,신호위반,건조,맑음,단일로 - 횡단보도상,승용,여,54세,상해없음,자전거,남,76세,중상
2014112600100428,2014년 11월 26일 17시,수요일,대전광역시 동구 가양동,경상사고,0,0,1,0,차대차 - 기타,안전운전불이행,건조,맑음,기타 - 기타,화물,여,50세,상해없음,자전거,남,75세,경상
2014112600100485,2014년 11월 26일 18시,수요일,대전광역시 중구 문화동,중상사고,0,1,0,0,차대차 - 측면직각충돌,중앙선침범,건조,맑음,교차로 - 교차로부근,승용,남,45세,상해없음,자전거,남,14세,중상
2014112600100486,2014년 11월 26일 18시,수요일,대전광역시 대덕구 중리동,중상사고,0,2,1,0,차대차 - 추돌 - 주정차중,안전운전불이행,건조,맑음,단일로 - 기타,승합,남,54세,상해없음,승용,남,62세,중상
2014112600100487,2014년 11월 26일 18시,수요일,대전광역시 서구 갈마동,경상사고,0,0,1,0,차대사람 - 기타,신호위반,건조,맑음,교차로 - 교차로부근,승용,여,48세,상해없음,보행자,남,35세,경상
2014112600100534,2014년 11월 26일 19시,수요일,대전광역시 동구 홍도동,중상사고,0,1,0,0,차대차 - 측면직각충돌,안전운전불이행,건조,맑음,단일로 - 기타,자전거,여,65세,중상,승용,여,50세,상해없음
2014112600100535,2014년 11월 26일 19시,수요일,대전광역시 유성구 복용동,부상신고사고,0,0,0,3,차대차 - 추돌 - 진행중,안전운전불이행,건조,맑음,교차로 - 교차로부근,승용,남,54세,상해없음,승용,남,54세,상해없음
2014112600100536,2014년 11월 26일 19시,수요일,대전광역시 서구 탄방동,경상사고,0,0,1,0,차대차 - 기타,안전운전불이행,건조,맑음,단일로 - 기타,승용,남,27세,상해없음,화물,남,47세,기타불명
2014112600100570,2014년 11월 26일 20시,수요일,대전광역시 서구 도마동,경상사고,0,0,1,0,차대사람 - 횡단중,신호위반,건조,맑음,교차로 - 교차로안,승용,남,34세,상해없음,보행자,여,58세,경상
2014112600100571,2014년 11월 26일 20시,수요일,대전광역시 유성구 구암동,중상사고,0,1,0,0,차대차 - 측면직각충돌,중앙선침범,건조,맑음,교차로 - 교차로부근,승용,남,28세,상해없음,승용,여,42세,중상
2014112600100614,2014년 11월 26일 21시,수요일,대전광역시 동구 용전동,중상사고,0,1,1,0,차대차 - 추돌 - 진행중,안전운전불이행,건조,맑음,교차로 - 교차로부근,승용,남,56세,상해없음,승용,남,54세,경상
2014112600100647,2014년 11월 26일 22시,수요일,대전광역시 서구 괴정동,경상사고,0,0,1,0,차대차 - 추돌 - 주정차중,안전운전불이행,건조,맑음,단일로 - 기타,승용,남,33세,상해없음,승용,남,31세,경상
2014112600100648,2014년 11월 26일 22시,수요일,대전광역시 서구 갈마동,경상사고,0,0,1,0,차량단독 - 기타,안전운전불이행,건조,맑음,단일로 - 기타,승합,남,44세,상해없음,,,,
2014112700100019,2014년 11월 27일 00시,목요일,대전광역시 서구 탄방동,경상사고,0,0,1,0,차대차 - 추돌 - 진행중,안전운전불이행,건조,맑음,교차로 - 교차로안,승용,남,30세,상해없음,승용,남,36세,경상
2014112700100020,2014년 11월 27일 00시,목요일,대전광역시 유성구 봉명동,중상사고,0,1,0,0,차량단독 - 기타,안전운전불이행,건조,맑음,교차로 - 교차로안,원동기,남,32세,기타불명,,,,
2014112700100021,2014년 11월 27일 00시,목요일,대전광역시 서구 둔산동,중상사고,0,2,4,0,차대차 - 추돌 - 진행중,안전운전불이행,건조,맑음,교차로 - 교차로안,승용,남,31세,상해없음,승용,남,68세,중상
2014112700100056,2014년 11월 27일 03시,목요일,대전광역시 유성구 용산동,중상사고,0,1,1,0,차대차 - 측면직각충돌,신호위반,건조,맑음,교차로 - 교차로안,승용,남,43세,중상,승용,남,27세,상해없음
2014112700100063,2014년 11월 27일 05시,목요일,대전광역시 서구 탄방동,경상사고,0,0,1,0,차대차 - 기타,안전운전불이행,건조,맑음,단일로 - 횡단보도부근,승용,남,58세,상해없음,승용,남,51세,경상
2014112700100088,2014년 11월 27일 06시,목요일,대전광역시 대덕구 법동,중상사고,0,1,0,0,차대차 - 추돌 - 진행중,안전운전불이행,건조,맑음,단일로 - 기타,승용,남,63세,상해없음,승용,남,50세,중상
2014112700100154,2014년 11월 27일 08시,목요일,대전광역시 서구 우명동,중상사고,0,1,0,0,차량단독 - 기타,안전운전불이행,건조,맑음,단일로 - 기타,승합,남,65세,상해없음,,,,
2014112700100155,2014년 11월 27일 08시,목요일,대전광역시 서구 관저동,경상사고,0,0,2,0,차대차 - 기타,안전거리미확보,건조,맑음,단일로 - 기타,승용,여,55세,경상,승용,여,29세,경상
2014112700100156,2014년 11월 27일 08시,목요일,대전광역시 대덕구 읍내동,중상사고,0,1,0,0,차대차 - 기타,안전운전불이행,건조,맑음,교차로 - 교차로안,승용,남,31세,상해없음,이륜,남,31세,중상
2014112700100181,2014년 11월 27일 09시,목요일,대전광역시 동구 용전동,경상사고,0,0,1,0,차대차 - 측면직각충돌,신호위반,건조,맑음,교차로 - 교차로안,승용,여,36세,상해없음,승용,여,42세,경상
2014112700100182,2014년 11월 27일 09시,목요일,대전광역시 유성구 구성동,중상사고,0,1,0,0,차대차 - 측면직각충돌,신호위반,건조,맑음,교차로 - 교차로안,승용,여,70세,상해없음,승용,남,36세,중상
2014112700100218,2014년 11월 27일 10시,목요일,대전광역시 유성구 구암동,중상사고,0,1,0,0,차대차 - 측면직각충돌,신호위반,건조,맑음,교차로 - 교차로안,승용,여,51세,상해없음,승용,여,55세,중상
2014112700100299,2014년 11월 27일 13시,목요일,대전광역시 동구 가오동,경상사고,0,0,1,0,차대차 - 측면직각충돌,안전운전불이행,건조,맑음,교차로 - 교차로안,승용,남,34세,상해없음,승용,남,26세,경상
2014112700100360,2014년 11월 27일 15시,목요일,대전광역시 서구 괴정동,경상사고,0,0,1,0,차대차 - 기타,안전운전불이행,건조,맑음,단일로 - 기타,화물,남,40세,상해없음,승용,여,48세,경상
2014112700100384,2014년 11월 27일 16시,목요일,대전광역시 대덕구 대화동,부상신고사고,0,0,0,1,차대차 - 추돌 - 주정차중,안전운전불이행,건조,맑음,단일로 - 기타,승용,남,46세,상해없음,승용,여,44세,부상신고
2014112700100430,2014년 11월 27일 17시,목요일,대전광역시 중구 안영동,경상사고,0,0,1,0,차대차 - 측면직각충돌,신호위반,건조,흐림,교차로 - 교차로안,화물,남,53세,상해없음,자전거,남,52세,경상
2014112700100431,2014년 11월 27일 17시,목요일,대전광역시 서구 용문동,경상사고,0,0,1,0,차대차 - 기타,안전운전불이행,건조,맑음,교차로 - 교차로부근,승합,남,41세,상해없음,승용,여,36세,경상
2014112700100521,2014년 11월 27일 19시,목요일,대전광역시 중구 오류동,중상사고,0,1,0,0,차량단독 - 기타,안전운전불이행,건조,맑음,단일로 - 기타,승합,남,45세,상해없음,,,,
2014112700100561,2014년 11월 27일 20시,목요일,대전광역시 유성구 봉명동,경상사고,0,0,2,0,차대차 - 기타,안전운전불이행,건조,맑음,단일로 - 기타,승용,남,47세,상해없음,승용,남,49세,경상
2014112700100562,2014년 11월 27일 20시,목요일,대전광역시 서구 둔산동,경상사고,0,0,1,0,차대사람 - 기타,안전운전불이행,건조,맑음,교차로 - 교차로부근,승용,여,51세,상해없음,보행자,남,29세,경상
2014112700100563,2014년 11월 27일 20시,목요일,대전광역시 서구 둔산동,중상사고,0,1,0,0,차대차 - 기타,안전운전불이행,건조,맑음,교차로 - 교차로안,승용,남,22세,상해없음,승용,남,35세,중상
2014112700100651,2014년 11월 27일 23시,목요일,대전광역시 서구 월평동,경상사고,0,0,1,0,차대사람 - 보도통행중,보행자보호의무위반,건조,맑음,단일로 - 횡단보도상,승용,남,31세,상해없음,보행자,여,17세,경상
2014112800100042,2014년 11월 28일 01시,금요일,대전광역시 서구 용문동,경상사고,0,0,1,0,차대차 - 추돌 - 주정차중,안전거리미확보,건조,맑음,단일로 - 기타,화물,남,35세,상해없음,승용,남,54세,경상
2014112800100052,2014년 11월 28일 02시,금요일,대전광역시 서구 탄방동,중상사고,0,1,1,0,차대차 - 기타,신호위반,건조,맑음,교차로 - 교차로안,승용,여,32세,상해없음,승용,남,48세,중상
2014112800100073,2014년 11월 28일 04시,금요일,대전광역시 동구 가오동,중상사고,0,1,0,0,차대차 - 측면직각충돌,신호위반,건조,맑음,교차로 - 교차로안,승용,남,43세,상해없음,이륜,남,60세,중상
2014112800100089,2014년 11월 28일 05시,금요일,대전광역시 동구 소제동,중상사고,0,1,1,0,차대차 - 추돌 - 진행중,안전거리미확보,건조,맑음,단일로 - 기타,승용,남,41세,상해없음,승용,남,60세,중상
2014112800100169,2014년 11월 28일 08시,금요일,대전광역시 대덕구 오정동,경상사고,0,0,1,0,차대사람 - 길가장자리구역통행중,안전운전불이행,건조,맑음,단일로 - 기타,승용,여,51세,기타불명,보행자,여,59세,경상
2014112800100170,2014년 11월 28일 08시,금요일,대전광역시 서구 탄방동,경상사고,0,0,1,0,차대사람 - 기타,안전운전불이행,건조,맑음,단일로 - 기타,기타불명,기타불명,기타불명,기타불명,보행자,여,25세,경상
2014112800100209,2014년 11월 28일 09시,금요일,대전광역시 중구 선화동,중상사고,0,1,0,0,차대사람 - 기타,안전운전불이행,건조,맑음,교차로 - 교차로안,화물,남,41세,상해없음,보행자,남,64세,중상
2014112800100210,2014년 11월 28일 09시,금요일,대전광역시 중구 선화동,경상사고,0,0,2,0,차대차 - 기타,안전운전불이행,건조,맑음,단일로 - 기타,승용,남,53세,상해없음,승용,남,37세,경상
2014112800100280,2014년 11월 28일 11시,금요일,대전광역시 중구 문화동,중상사고,0,1,0,0,차대사람 - 기타,안전운전불이행,습기,비,단일로 - 기타,승용,남,27세,상해없음,보행자,여,65세,중상
2014112800100339,2014년 11월 28일 13시,금요일,대전광역시 중구 선화동,경상사고,0,0,2,0,차대차 - 기타,교차로운행방법위반,습기,흐림,교차로 - 교차로안,승용,여,56세,경상,승용,여,49세,경상
2014112800100373,2014년 11월 28일 14시,금요일,대전광역시 중구 대사동,경상사고,0,0,3,0,차대차 - 정면충돌,중앙선침범,건조,맑음,교차로 - 교차로안,승용,남,45세,상해없음,승용,여,37세,경상
2014112800100374,2014년 11월 28일 14시,금요일,대전광역시 유성구 원내동,중상사고,0,1,0,0,차량단독 - 기타,안전운전불이행,습기,눈,단일로 - 기타,승합,남,41세,상해없음,,,,
2014112800100405,2014년 11월 28일 15시,금요일,대전광역시 유성구 장대동,경상사고,0,0,1,0,차대차 - 추돌 - 진행중,안전운전불이행,습기,기타,교차로 - 교차로부근,승용,남,26세,상해없음,승용,여,46세,경상
2014112800100442,2014년 11월 28일 16시,금요일,대전광역시 동구 가오동,경상사고,0,0,1,0,차대차 - 측면직각충돌,교차로운행방법위반,습기,비,교차로 - 교차로안,승용,남,56세,상해없음,승합,남,38세,경상
2014112800100502,2014년 11월 28일 17시,금요일,대전광역시 동구 추동,중상사고,0,1,0,0,차량단독 - 공작물충돌,안전운전불이행,건조,맑음,단일로 - 기타,승용,남,41세,상해없음,,,,
2014112800100575,2014년 11월 28일 18시,금요일,대전광역시 동구 신흥동,중상사고,0,1,0,0,차대차 - 측면직각충돌,안전운전불이행,건조,맑음,단일로 - 기타,승합,남,59세,상해없음,원동기,남,72세,중상
2014112800100576,2014년 11월 28일 18시,금요일,대전광역시 대덕구 읍내동,중상사고,0,1,0,0,차대차 - 기타,안전운전불이행,건조,맑음,교차로 - 교차로부근,승용,기타불명,기타불명,기타불명,원동기,여,53세,중상
2014112800100577,2014년 11월 28일 18시,금요일,대전광역시 서구 만년동,경상사고,0,0,1,0,차대차 - 기타,안전운전불이행,습기,안개,교차로 - 교차로부근,승용,남,32세,상해없음,자전거,남,37세,경상
2014112800100642,2014년 11월 28일 19시,금요일,대전광역시 서구 관저동,경상사고,0,0,4,0,차대차 - 기타,안전운전불이행,습기,흐림,단일로 - 기타,승용,남,35세,상해없음,승용,여,31세,경상
2014112800100695,2014년 11월 28일 20시,금요일,대전광역시 서구 월평동,경상사고,0,0,5,0,차대차 - 측면직각충돌,안전거리미확보,건조,맑음,교차로 - 교차로부근,승용,남,54세,상해없음,승용,여,50세,경상
2014112800100696,2014년 11월 28일 20시,금요일,대전광역시 유성구 봉명동,경상사고,0,0,2,0,차대차 - 기타,안전거리미확보,건조,맑음,단일로 - 기타,승용,남,59세,기타불명,승용,남,30세,경상
2014112900100020,2014년 11월 29일 00시,토요일,대전광역시 중구 중촌동,경상사고,0,0,2,0,차대차 - 측면직각충돌,중앙선침범,건조,맑음,교차로 - 교차로안,승용,남,40세,상해없음,승용,남,53세,경상
2014112900100021,2014년 11월 29일 00시,토요일,대전광역시 서구 갈마동,경상사고,0,0,4,0,차대차 - 기타,교차로운행방법위반,습기,비,교차로 - 교차로안,승용,남,42세,상해없음,승용,남,58세,경상
2014112900100046,2014년 11월 29일 01시,토요일,대전광역시 서구 월평동,중상사고,0,1,1,0,차대차 - 기타,중앙선침범,건조,흐림,단일로 - 기타,승용,남,45세,상해없음,승용,남,24세,중상
2014112900100177,2014년 11월 29일 09시,토요일,대전광역시 대덕구 오정동,경상사고,0,0,1,0,차대차 - 기타,안전운전불이행,건조,맑음,단일로 - 기타,자전거,기타불명,기타불명,기타불명,승합,남,44세,상해없음
2014112900100280,2014년 11월 29일 12시,토요일,대전광역시 중구 목동,경상사고,0,0,1,0,차대사람 - 횡단중,보행자보호의무위반,건조,맑음,교차로 - 교차로부근,승용,남,69세,상해없음,보행자,남,6세,경상
2014112900100281,2014년 11월 29일 12시,토요일,대전광역시 동구 신흥동,경상사고,0,0,1,0,차대차 - 측면직각충돌,안전운전불이행,건조,맑음,교차로 - 교차로부근,승용,여,48세,상해없음,화물,남,39세,경상
2014112900100323,2014년 11월 29일 13시,토요일,대전광역시 서구 복수동,경상사고,0,0,1,0,차대차 - 추돌 - 주정차중,교차로운행방법위반,건조,맑음,교차로 - 교차로안,승용,남,36세,상해없음,원동기,남,36세,경상
2014112900100363,2014년 11월 29일 14시,토요일,대전광역시 중구 유천동,경상사고,0,0,2,0,차대차 - 정면충돌,신호위반,건조,맑음,교차로 - 교차로안,승용,남,26세,상해없음,승용,남,26세,경상
2014112900100364,2014년 11월 29일 14시,토요일,대전광역시 서구 가수원동,경상사고,0,0,2,0,차대차 - 추돌 - 주정차중,안전운전불이행,건조,맑음,단일로 - 기타,화물,남,41세,상해없음,승용,남,56세,경상
2014112900100365,2014년 11월 29일 14시,토요일,대전광역시 서구 갈마동,경상사고,0,0,1,0,차대차 - 측면직각충돌,안전거리미확보,건조,맑음,단일로 - 기타,승용,여,35세,상해없음,이륜,남,33세,경상
2014112900100409,2014년 11월 29일 15시,토요일,대전광역시 중구 부사동,경상사고,0,0,1,0,차량단독 - 공작물충돌,안전운전불이행,건조,흐림,단일로 - 기타,승합,남,38세,상해없음,,,,
2014112900100410,2014년 11월 29일 15시,토요일,대전광역시 중구 유천동,중상사고,0,1,0,0,차대사람 - 보도통행중,보행자보호의무위반,건조,흐림,교차로 - 교차로부근,승용,여,45세,상해없음,보행자,남,67세,중상
2014112900100411,2014년 11월 29일 15시,토요일,대전광역시 유성구 봉명동,중상사고,0,1,0,0,차대차 - 추돌 - 진행중,안전운전불이행,건조,맑음,교차로 - 교차로부근,승용,남,59세,상해없음,원동기,남,55세,중상
2014112900100412,2014년 11월 29일 15시,토요일,대전광역시 유성구 지족동,경상사고,0,0,4,0,차대차 - 기타,안전거리미확보,건조,맑음,단일로 - 기타,기타불명,기타불명,기타불명,기타불명,승용,남,37세,경상
2014112900100499,2014년 11월 29일 17시,토요일,대전광역시 동구 용전동,경상사고,0,0,1,0,차대차 - 측면직각충돌,차로위반,건조,맑음,교차로 - 교차로안,화물,남,44세,상해없음,승용,남,66세,상해없음
2014112900100584,2014년 11월 29일 19시,토요일,대전광역시 동구 가양동,중상사고,0,1,0,0,차대차 - 측면직각충돌,안전운전불이행,건조,맑음,교차로 - 교차로안,승용,남,46세,상해없음,원동기,남,56세,중상
2014112900100585,2014년 11월 29일 19시,토요일,대전광역시 유성구 교촌동,중상사고,0,4,0,0,차대차 - 기타,중앙선침범,건조,맑음,단일로 - 기타,승용,남,57세,상해없음,승용,여,36세,중상
2014112900100619,2014년 11월 29일 20시,토요일,대전광역시 서구 둔산동,중상사고,0,1,1,0,차대차 - 기타,신호위반,건조,맑음,교차로 - 교차로안,승용,여,59세,경상,승용,여,53세,중상
2014112900100651,2014년 11월 29일 21시,토요일,대전광역시 중구 선화동,중상사고,0,1,0,0,차대사람 - 기타,신호위반,건조,맑음,단일로 - 횡단보도상,화물,남,38세,상해없음,보행자,남,58세,중상
2014112900100679,2014년 11월 29일 22시,토요일,대전광역시 중구 오류동,경상사고,0,0,4,0,차대차 - 측면직각충돌,중앙선침범,건조,맑음,단일로 - 기타,승용,남,45세,상해없음,승용,남,33세,경상
2014112900100680,2014년 11월 29일 22시,토요일,대전광역시 유성구 봉명동,경상사고,0,0,2,0,차대차 - 기타,안전운전불이행,건조,맑음,교차로 - 교차로부근,승합,남,45세,상해없음,승용,남,31세,경상
2014112900100681,2014년 11월 29일 22시,토요일,대전광역시 유성구 전민동,경상사고,0,0,1,0,차량단독 - 공작물충돌,안전운전불이행,건조,맑음,단일로 - 기타,승합,남,48세,상해없음,,,,
2014112900100682,2014년 11월 29일 22시,토요일,대전광역시 서구 탄방동,경상사고,0,0,1,0,차대차 - 기타,안전운전불이행,건조,맑음,교차로 - 교차로안,승용,남,47세,상해없음,승용,남,38세,상해없음
2014112900100715,2014년 11월 29일 23시,토요일,대전광역시 서구 갈마동,경상사고,0,0,1,0,차대차 - 추돌 - 주정차중,안전거리미확보,습기,비,단일로 - 기타,승용,남,26세,상해없음,승용,여,47세,경상
2014113000100041,2014년 11월 30일 01시,일요일,대전광역시 대덕구 중리동,경상사고,0,0,1,0,차대차 - 측면직각충돌,안전거리미확보,건조,맑음,교차로 - 교차로부근,승용,남,43세,상해없음,원동기,남,35세,경상
2014113000100068,2014년 11월 30일 03시,일요일,대전광역시 중구 문화동,중상사고,0,1,0,0,차대사람 - 기타,보행자보호의무위반,건조,맑음,단일로 - 횡단보도상,승용,여,58세,상해없음,보행자,여,74세,중상
2014113000100109,2014년 11월 30일 06시,일요일,대전광역시 서구 둔산동,경상사고,0,0,3,0,차대차 - 측면직각충돌,안전운전불이행,건조,맑음,단일로 - 기타,승용,남,49세,상해없음,승용,남,24세,경상
2014113000100121,2014년 11월 30일 07시,일요일,대전광역시 중구 오류동,중상사고,0,2,0,0,차대차 - 기타,안전운전불이행,습기,흐림,단일로 - 기타,화물,남,25세,상해없음,승용,남,55세,중상
2014113000100157,2014년 11월 30일 09시,일요일,대전광역시 대덕구 송촌동,중상사고,0,1,0,0,차량단독 - 기타,안전운전불이행,습기,맑음,단일로 - 기타,승합,남,53세,기타불명,,,,
2014113000100180,2014년 11월 30일 10시,일요일,대전광역시 서구 갈마동,경상사고,0,0,1,0,차대사람 - 기타,보행자보호의무위반,건조,흐림,단일로 - 횡단보도상,승용,기타불명,기타불명,기타불명,보행자,여,19세,경상
2014113000100255,2014년 11월 30일 13시,일요일,대전광역시 중구 대흥동,경상사고,0,0,1,0,차대사람 - 차도통행중,안전운전불이행,습기,비,단일로 - 기타,승용,남,61세,상해없음,보행자,여,45세,경상
2014113000100324,2014년 11월 30일 16시,일요일,대전광역시 유성구 하기동,중상사고,0,1,0,0,차대차 - 측면직각충돌,교차로운행방법위반,습기,비,교차로 - 교차로안,이륜,남,45세,중상,승용,여,52세,상해없음
2014113000100464,2014년 11월 30일 19시,일요일,대전광역시 중구 대흥동,경상사고,0,0,3,0,차대차 - 측면직각충돌,안전운전불이행,습기,비,단일로 - 기타,승용,남,31세,경상,승용,남,33세,경상
2014113000100465,2014년 11월 30일 19시,일요일,대전광역시 서구 괴정동,중상사고,0,1,0,0,차대사람 - 차도통행중,안전운전불이행,습기,비,교차로 - 교차로안,이륜,남,32세,상해없음,보행자,남,53세,중상