사고번호,사고일시,요일,시군구,사고내용,사망자수,중상자수,경상자수,부상신고자수,사고유형,법규위반,노면상태,기상상태,도로형태,가해운전자 차종,가해운전자 성별,가해운전자 연령,가해운전자 상해정도,피해운전자 차종,피해운전자 성별,피해운전자 연령,피해운전자 상해정도
2014113000100466,2014년 11월 30일 19시,일요일,대전광역시 서구 도마동,중상사고,0,1,0,0,차대차 - 기타,안전운전불이행,습기,비,단일로 - 기타,승용,남,35세,기타불명,원동기,남,25세,중상
2014113000100467,2014년 11월 30일 19시,일요일,대전광역시 서구 변동,중상사고,0,1,0,0,차대사람 - 기타,안전운전불이행,습기,비,교차로 - 교차로안,승용,남,56세,상해없음,보행자,남,67세,중상
2014113000100498,2014년 11월 30일 20시,일요일,대전광역시 중구 용두동,경상사고,0,0,2,0,차대차 - 측면직각충돌,안전거리미확보,건조,흐림,교차로 - 교차로부근,승용,남,56세,상해없음,승용,남,21세,경상
2014113000100527,2014년 11월 30일 21시,일요일,대전광역시 유성구 장대동,중상사고,0,1,3,0,차대차 - 추돌 - 진행중,안전운전불이행,건조,맑음,교차로 - 교차로안,승용,남,58세,상해없음,승용,남,44세,경상
2014113000100528,2014년 11월 30일 21시,일요일,대전광역시 유성구 구암동,중상사고,0,1,4,0,차대차 - 추돌 - 진행중,안전운전불이행,습기,흐림,단일로 - 기타,승용,남,48세,상해없음,승용,여,50세,경상
2014113000100550,2014년 11월 30일 22시,일요일,대전광역시 서구 가수원동,경상사고,0,0,1,0,차대차 - 기타,신호위반,건조,맑음,교차로 - 교차로안,승용,남,57세,상해없음,승용,여,40세,경상
2014113000100570,2014년 11월 30일 23시,일요일,대전광역시 중구 석교동,경상사고,0,0,1,0,차대차 - 측면직각충돌,안전운전불이행,습기,비,단일로 - 기타,승용,여,49세,상해없음,승용,남,21세,경상
2014113000100571,2014년 11월 30일 23시,일요일,대전광역시 중구 유천동,중상사고,0,2,0,0,차대차 - 측면직각충돌,안전거리미확보,습기,흐림,단일로 - 기타,승용,남,64세,상해없음,이륜,남,19세,중상
2014120100100068,2014년 12월 1일 06시,월요일,대전광역시 대덕구 석봉동,중상사고,0,1,0,0,차대차 - 추돌 - 주정차중,안전운전불이행,건조,맑음,교차로 - 교차로부근,화물,남,76세,상해없음,원동기,남,40세,중상
2014120100100123,2014년 12월 1일 08시,월요일,대전광역시 서구 용문동,경상사고,0,0,1,0,차대사람 - 길가장자리구역통행중,안전운전불이행,건조,맑음,단일로 - 기타,승용,남,28세,기타불명,보행자,여,24세,경상
2014120100100124,2014년 12월 1일 08시,월요일,대전광역시 대덕구 법동,중상사고,0,1,0,0,차대차 - 추돌 - 진행중,안전운전불이행,건조,맑음,단일로 - 기타,승용,여,43세,기타불명,승용,남,28세,중상
2014120100100125,2014년 12월 1일 08시,월요일,대전광역시 서구 둔산동,중상사고,0,1,1,0,차대차 - 기타,안전운전불이행,건조,맑음,단일로 - 기타,승용,남,35세,상해없음,승합,남,55세,중상
2014120100100183,2014년 12월 1일 10시,월요일,대전광역시 동구 용전동,경상사고,0,0,1,0,차대사람 - 횡단중,안전운전불이행,건조,맑음,단일로 - 기타,승용,남,65세,상해없음,보행자,여,19세,경상
2014120100100213,2014년 12월 1일 11시,월요일,대전광역시 동구 정동,경상사고,0,0,1,0,차대사람 - 기타,안전운전불이행,건조,맑음,교차로 - 교차로안,화물,남,41세,상해없음,보행자,남,72세,경상
2014120100100250,2014년 12월 1일 12시,월요일,대전광역시 중구 문화동,경상사고,0,0,2,0,차대차 - 추돌 - 주정차중,안전운전불이행,습기,눈,미분류 - 미분류,원동기,남,18세,상해없음,승용,여,39세,경상
2014120100100251,2014년 12월 1일 12시,월요일,대전광역시 서구 괴정동,경상사고,0,0,2,0,차대차 - 추돌 - 주정차중,안전거리미확보,습기,비,단일로 - 기타,승합,남,43세,상해없음,승용,여,72세,경상
2014120100100436,2014년 12월 1일 17시,월요일,대전광역시 서구 월평동,경상사고,0,0,1,0,차대사람 - 기타,보행자보호의무위반,건조,맑음,단일로 - 횡단보도상,기타불명,기타불명,기타불명,기타불명,보행자,여,59세,경상
2014120100100498,2014년 12월 1일 18시,월요일,대전광역시 대덕구 석봉동,경상사고,0,0,2,0,차대차 - 측면직각충돌,교차로운행방법위반,습기,눈,교차로 - 교차로안,승용,남,51세,상해없음,승용,남,34세,경상
2014120100100499,2014년 12월 1일 18시,월요일,대전광역시 대덕구 비래동,경상사고,0,0,2,0,차대차 - 기타,차로위반,습기,눈,단일로 - 기타,화물,남,56세,상해없음,승용,남,63세,경상
2014120100100500,2014년 12월 1일 18시,월요일,대전광역시 대덕구 대화동,경상사고,0,0,3,0,차대차 - 추돌 - 진행중,안전운전불이행,건조,맑음,단일로 - 기타,승용,남,62세,상해없음,승용,남,33세,경상
2014120100100542,2014년 12월 1일 19시,월요일,대전광역시 서구 둔산동,경상사고,0,0,3,0,차대차 - 추돌 - 진행중,안전운전불이행,건조,맑음,단일로 - 기타,승용,남,49세,상해없음,승용,남,78세,경상
2014120100100600,2014년 12월 1일 21시,월요일,대전광역시 유성구 구암동,경상사고,0,0,1,0,차대차 - 추돌 - 주정차중,안전운전불이행,건조,맑음,교차로 - 교차로안,승용,여,42세,상해없음,승용,여,39세,경상
2014120100100657,2014년 12월 1일 23시,월요일,대전광역시 중구 문화동,경상사고,0,0,1,0,차대차 - 추돌 - 진행중,안전운전불이행,건조,흐림,단일로 - 기타,승용,남,46세,상해없음,승용,남,48세,경상
2014120200100015,2014년 12월 2일 00시,화요일,대전광역시 동구 대동,중상사고,0,1,0,0,차대사람 - 길가장자리구역통행중,안전운전불이행,건조,맑음,단일로 - 기타,승합,남,47세,상해없음,보행자,남,21세,중상
2014120200100086,2014년 12월 2일 07시,화요일,대전광역시 대덕구 목상동,경상사고,0,0,2,0,차대차 - 측면직각충돌,안전거리미확보,건조,맑음,단일로 - 기타,화물,남,40세,상해없음,승용,여,34세,경상
2014120200100155,2014년 12월 2일 09시,화요일,대전광역시 서구 괴정동,경상사고,0,0,1,0,차대차 - 추돌 - 주정차중,안전운전불이행,건조,맑음,교차로 - 교차로부근,승용,남,34세,상해없음,승용,여,32세,경상
2014120200100328,2014년 12월 2일 15시,화요일,대전광역시 서구 둔산동,경상사고,0,0,2,0,차대차 - 기타,안전운전불이행,습기,흐림,단일로 - 기타,승용,여,30세,상해없음,화물,남,43세,경상
2014120200100364,2014년 12월 2일 16시,화요일,대전광역시 중구 태평동,경상사고,0,0,1,0,차대차 - 측면직각충돌,안전거리미확보,건조,맑음,단일로 - 기타,승용,남,55세,경상,승용,여,54세,상해없음
2014120200100365,2014년 12월 2일 16시,화요일,대전광역시 서구 도안동,경상사고,0,0,1,0,차대차 - 측면직각충돌,안전운전불이행,건조,맑음,교차로 - 교차로안,화물,남,39세,상해없음,화물,남,38세,경상
2014120200100366,2014년 12월 2일 16시,화요일,대전광역시 서구 갈마동,경상사고,0,0,1,0,차대차 - 기타,안전운전불이행,건조,맑음,단일로 - 기타,승용,남,52세,상해없음,이륜,남,22세,경상
2014120200100448,2014년 12월 2일 18시,화요일,대전광역시 중구 선화동,경상사고,0,0,2,0,차대차 - 측면직각충돌,중앙선침범,건조,맑음,교차로 - 교차로부근,원동기,남,50세,상해없음,승용,남,44세,경상
2014120200100449,2014년 12월 2일 18시,화요일,대전광역시 유성구 지족동,경상사고,0,0,1,0,차대차 - 측면직각충돌,안전운전불이행,적설,흐림,교차로 - 교차로안,승용,남,25세,경상,승합,남,43세,상해없음
2014120200100496,2014년 12월 2일 19시,화요일,대전광역시 중구 선화동,중상사고,0,1,0,0,차대차 - 측면직각충돌,안전운전불이행,건조,맑음,단일로 - 기타,승용,남,43세,상해없음,승용,남,30세,중상
2014120200100497,2014년 12월 2일 19시,화요일,대전광역시 대덕구 대화동,중상사고,0,1,0,0,차대사람 - 횡단중,보행자보호의무위반,건조,맑음,교차로 - 교차로안,승용,남,57세,상해없음,보행자,남,46세,중상
2014120300100093,2014년 12월 3일 04시,수요일,대전광역시 동구 자양동,경상사고,0,0,1,0,차대차 - 추돌 - 주정차중,안전운전불이행,결빙,눈,단일로 - 기타,승합,남,53세,상해없음,화물,남,51세,상해없음
2014120300100102,2014년 12월 3일 05시,수요일,대전광역시 동구 용전동,중상사고,0,1,0,0,차대사람 - 횡단중,보행자보호의무위반,결빙,맑음,교차로 - 교차로안,승용,남,39세,상해없음,보행자,여,54세,중상
2014120300100122,2014년 12월 3일 06시,수요일,대전광역시 중구 중촌동,중상사고,0,1,0,0,차대차 - 측면직각충돌,안전운전불이행,결빙,눈,교차로 - 교차로부근,승합,남,49세,상해없음,원동기,남,62세,중상
2014120300100159,2014년 12월 3일 07시,수요일,대전광역시 중구 용두동,경상사고,0,0,1,0,차대차 - 추돌 - 주정차중,안전운전불이행,결빙,눈,단일로 - 기타,승용,여,53세,상해없음,승용,남,73세,경상
2014120300100201,2014년 12월 3일 08시,수요일,대전광역시 동구 삼성동,경상사고,0,0,1,0,차대차 - 측면직각충돌,교차로운행방법위반,건조,맑음,교차로 - 교차로안,승용,남,76세,상해없음,특수,남,31세,상해없음
2014120300100386,2014년 12월 3일 16시,수요일,대전광역시 서구 월평동,중상사고,0,1,0,0,차대사람 - 기타,안전운전불이행,습기,눈,단일로 - 기타,이륜,남,44세,상해없음,보행자,남,19세,중상
2014120300100419,2014년 12월 3일 17시,수요일,대전광역시 서구 월평동,중상사고,0,1,0,0,차대사람 - 기타,신호위반,습기,비,단일로 - 횡단보도상,승용,남,56세,상해없음,보행자,남,31세,중상
2014120300100478,2014년 12월 3일 18시,수요일,대전광역시 서구 도마동,경상사고,0,0,1,0,차대사람 - 횡단중,보행자보호의무위반,습기,눈,교차로 - 교차로안,승용,남,53세,상해없음,보행자,여,29세,경상
2014120300100523,2014년 12월 3일 19시,수요일,대전광역시 중구 부사동,중상사고,0,1,0,0,차대차 - 측면직각충돌,안전거리미확보,습기,눈,단일로 - 기타,화물,남,49세,상해없음,이륜,남,19세,중상
2014120300100524,2014년 12월 3일 19시,수요일,대전광역시 동구 삼성동,중상사고,0,1,0,0,차대사람 - 횡단중,보행자보호의무위반,습기,눈,단일로 - 횡단보도상,승용,남,52세,상해없음,보행자,여,69세,중상
2014120300100525,2014년 12월 3일 19시,수요일,대전광역시 대덕구 송촌동,경상사고,0,0,1,0,차대사람 - 기타,안전운전불이행,결빙,비,단일로 - 기타,승용,여,47세,상해없음,보행자,남,17세,경상
2014120300100561,2014년 12월 3일 20시,수요일,대전광역시 서구 둔산동,경상사고,0,0,1,0,차대차 - 추돌 - 주정차중,안전운전불이행,습기,눈,교차로 - 교차로부근,승용,남,53세,상해없음,승용,남,32세,경상
2014120300100632,2014년 12월 3일 22시,수요일,대전광역시 서구 둔산동,경상사고,0,0,1,0,차대사람 - 기타,안전운전불이행,습기,눈,기타 - 기타,승용,남,37세,상해없음,보행자,여,43세,경상
2014120300100657,2014년 12월 3일 23시,수요일,대전광역시 대덕구 오정동,경상사고,0,0,2,0,차대차 - 추돌 - 진행중,안전운전불이행,습기,흐림,단일로 - 기타,승용,남,49세,상해없음,승용,남,33세,경상
2014120400100031,2014년 12월 4일 00시,목요일,대전광역시 대덕구 와동,경상사고,0,0,1,1,차량단독 - 공작물충돌,안전운전불이행,결빙,눈,단일로 - 기타,승용,남,56세,상해없음,,,,
2014120400100046,2014년 12월 4일 01시,목요일,대전광역시 서구 도마동,경상사고,0,0,2,0,차대차 - 추돌 - 진행중,안전운전불이행,건조,맑음,교차로 - 교차로부근,승용,남,63세,상해없음,화물,남,57세,상해없음
2014120400100047,2014년 12월 4일 01시,목요일,대전광역시 대덕구 와동,중상사고,0,1,0,0,차량단독 - 공작물충돌,안전운전불이행,결빙,맑음,단일로 - 기타,승용,남,70세,상해없음,,,,
2014120400100136,2014년 12월 4일 07시,목요일,대전광역시 유성구 죽동,중상사고,0,2,2,0,차대차 - 측면직각충돌,신호위반,습기,눈,교차로 - 교차로안,승합,남,61세,상해없음,승용,남,29세,중상
2014120400100179,2014년 12월 4일 08시,목요일,대전광역시 서구 탄방동,경상사고,0,0,1,0,차대차 - 기타,교차로운행방법위반,건조,맑음,교차로 - 교차로안,승용,여,56세,상해없음,승용,여,24세,경상
2014120400100287,2014년 12월 4일 12시,목요일,대전광역시 중구 은행동,중상사고,0,1,0,0,차대차 - 측면직각충돌,중앙선침범,습기,눈,단일로 - 기타,승용,여,34세,상해없음,원동기,남,42세,중상
2014120400100319,2014년 12월 4일 13시,목요일,대전광역시 유성구 장대동,경상사고,0,0,1,0,차대차 - 추돌 - 진행중,중앙선침범,건조,맑음,단일로 - 기타,승용,여,31세,상해없음,승용,여,52세,경상
2014120400100377,2014년 12월 4일 15시,목요일,대전광역시 유성구 봉명동,중상사고,0,1,0,0,차대사람 - 기타,보행자보호의무위반,건조,맑음,교차로 - 교차로안,기타불명,기타불명,기타불명,기타불명,보행자,남,62세,중상
2014120400100476,2014년 12월 4일 17시,목요일,대전광역시 중구 안영동,경상사고,0,0,2,0,차대차 - 측면직각충돌,안전운전불이행,결빙,눈,미분류 - 미분류,승용,남,55세,상해없음,화물,여,59세,경상
2014120400100477,2014년 12월 4일 17시,목요일,대전광역시 중구 안영동,경상사고,0,0,1,0,차대차 - 추돌 - 진행중,안전운전불이행,결빙,흐림,미분류 - 미분류,승용,여,51세,상해없음,승용,여,52세,경상
2014120400100478,2014년 12월 4일 17시,목요일,대전광역시 유성구 봉명동,경상사고,0,0,3,0,차대차 - 추돌 - 진행중,안전거리미확보,건조,맑음,단일로 - 기타,승합,남,41세,상해없음,화물,남,48세,경상
2014120400100547,2014년 12월 4일 18시,목요일,대전광역시 중구 오류동,경상사고,0,0,2,0,차대사람 - 보도통행중,보행자보호의무위반,습기,흐림,단일로 - 횡단보도상,승용,남,60세,상해없음,보행자,남,62세,경상
2014120400100548,2014년 12월 4일 18시,목요일,대전광역시 중구 부사동,경상사고,0,0,1,0,차대사람 - 횡단중,신호위반,건조,맑음,단일로 - 횡단보도상,승용,남,48세,상해없음,보행자,여,22세,경상
2014120400100549,2014년 12월 4일 18시,목요일,대전광역시 동구 성남동,경상사고,0,0,1,0,차대차 - 기타,안전거리미확보,결빙,눈,미분류 - 미분류,승용,남,66세,상해없음,원동기,남,36세,경상
2014120400100550,2014년 12월 4일 18시,목요일,대전광역시 대덕구 중리동,중상사고,0,1,0,0,차대사람 - 횡단중,보행자보호의무위반,건조,맑음,교차로 - 교차로안,승용,남,38세,상해없음,보행자,남,57세,중상
2014120400100590,2014년 12월 4일 19시,목요일,대전광역시 중구 문창동,경상사고,0,0,1,0,차대차 - 정면충돌,중앙선침범,결빙,맑음,단일로 - 기타,승용,남,30세,상해없음,화물,남,39세,경상
2014120400100591,2014년 12월 4일 19시,목요일,대전광역시 유성구 장대동,경상사고,0,0,3,0,차대차 - 추돌 - 주정차중,안전운전불이행,습기,흐림,교차로 - 교차로부근,승용,남,64세,상해없음,승합,남,40세,상해없음
2014120400100696,2014년 12월 4일 22시,목요일,대전광역시 대덕구 신일동,경상사고,0,0,1,0,차대차 - 추돌 - 진행중,안전운전불이행,건조,맑음,단일로 - 기타,승용,남,53세,상해없음,승용,여,31세,경상
2014120400100728,2014년 12월 4일 23시,목요일,대전광역시 서구 관저동,경상사고,0,0,1,0,차대차 - 측면직각충돌,신호위반,적설,눈,교차로 - 교차로안,승합,남,39세,상해없음,승용,남,54세,경상
2014120500100228,2014년 12월 5일 10시,금요일,대전광역시 서구 둔산동,중상사고,0,1,0,0,차대차 - 기타,안전운전불이행,건조,맑음,단일로 - 기타,승용,여,33세,상해없음,승합,남,51세,상해없음
2014120500100271,2014년 12월 5일 11시,금요일,대전광역시 서구 만년동,경상사고,0,0,1,0,차대사람 - 횡단중,보행자보호의무위반,건조,맑음,교차로 - 교차로안,승용,여,30세,상해없음,보행자,남,73세,경상
2014120500100454,2014년 12월 5일 16시,금요일,대전광역시 유성구 송강동,경상사고,0,0,3,0,차대차 - 측면직각충돌,교차로운행방법위반,건조,맑음,교차로 - 교차로안,승용,남,29세,경상,화물,남,42세,경상
2014120500100497,2014년 12월 5일 17시,금요일,대전광역시 서구 정림동,경상사고,0,0,2,0,차대차 - 추돌 - 진행중,안전운전불이행,습기,맑음,단일로 - 기타,화물,남,46세,상해없음,승용,남,69세,경상
2014120500100498,2014년 12월 5일 17시,금요일,대전광역시 대덕구 법동,중상사고,0,2,0,0,차량단독 - 전도전복,안전운전불이행,결빙,기타,기타 - 기타,승용,남,57세,중상,,,,
2014120500100555,2014년 12월 5일 18시,금요일,대전광역시 중구 문화동,중상사고,0,2,0,0,차대차 - 추돌 - 진행중,안전거리미확보,건조,맑음,교차로 - 교차로부근,승용,남,37세,상해없음,승용,여,28세,중상
2014120500100556,2014년 12월 5일 18시,금요일,대전광역시 서구 내동,중상사고,0,1,0,0,차대차 - 추돌 - 주정차중,안전운전불이행,건조,맑음,단일로 - 기타,승용,남,56세,상해없음,이륜,남,29세,중상
2014120500100594,2014년 12월 5일 19시,금요일,대전광역시 서구 둔산동,경상사고,0,0,1,0,차대차 - 기타,안전운전불이행,건조,맑음,단일로 - 기타,승용,여,51세,상해없음,승용,남,24세,경상
2014120500100634,2014년 12월 5일 20시,금요일,대전광역시 중구 오류동,경상사고,0,0,1,0,차대차 - 측면직각충돌,안전거리미확보,건조,맑음,교차로 - 교차로부근,화물,남,29세,상해없음,승용,남,65세,경상
2014120500100635,2014년 12월 5일 20시,금요일,대전광역시 동구 용전동,경상사고,0,0,2,0,차대차 - 추돌 - 주정차중,안전운전불이행,건조,맑음,단일로 - 기타,화물,남,44세,상해없음,승용,남,56세,경상
2014120500100636,2014년 12월 5일 20시,금요일,대전광역시 서구 괴정동,경상사고,0,0,1,0,차대사람 - 기타,안전운전불이행,건조,맑음,미분류 - 미분류,승용,여,49세,상해없음,보행자,여,24세,경상
2014120500100696,2014년 12월 5일 21시,금요일,대전광역시 서구 변동,경상사고,0,0,1,0,차대차 - 추돌 - 주정차중,안전거리미확보,건조,맑음,단일로 - 기타,승용,남,42세,상해없음,승용,남,31세,경상
2014120500100744,2014년 12월 5일 22시,금요일,대전광역시 대덕구 중리동,중상사고,0,1,0,0,차대차 - 측면직각충돌,신호위반,건조,맑음,교차로 - 교차로안,승용,남,52세,상해없음,원동기,남,23세,중상
2014120600100086,2014년 12월 6일 02시,토요일,대전광역시 서구 도마동,경상사고,0,0,1,0,차대차 - 기타,신호위반,습기,맑음,교차로 - 교차로안,승용,기타불명,기타불명,기타불명,승용,남,37세,경상
2014120600100087,2014년 12월 6일 02시,토요일,대전광역시 서구 둔산동,부상신고사고,0,0,0,1,차대차 - 추돌 - 진행중,안전운전불이행,건조,맑음,교차로 - 교차로부근,승용,남,39세,상해없음,승용,남,55세,부상신고
2014120600100104,2014년 12월 6일 03시,토요일,대전광역시 서구 괴정동,경상사고,0,0,1,0,차대차 - 추돌 - 주정차중,안전거리미확보,건조,맑음,교차로 - 교차로부근,승용,남,23세,상해없음,승용,여,49세,경상
2014120600100141,2014년 12월 6일 06시,토요일,대전광역시 대덕구 읍내동,중상사고,0,1,0,0,차대차 - 정면충돌,중앙선침범,건조,맑음,단일로 - 기타,승용,여,43세,상해없음,승용,남,52세,중상
2014120600100158,2014년 12월 6일 07시,토요일,대전광역시 중구 대사동,경상사고,0,0,1,0,차대차 - 추돌 - 진행중,안전운전불이행,건조,맑음,교차로 - 교차로안,승용,남,44세,상해없음,승용,여,42세,경상
2014120600100238,2014년 12월 6일 10시,토요일,대전광역시 대덕구 법동,경상사고,0,0,1,0,차대차 - 추돌 - 주정차중,안전운전불이행,건조,맑음,교차로 - 교차로안,건설기계,남,44세,상해없음,승용,여,57세,경상
2014120600100257,2014년 12월 6일 11시,토요일,대전광역시 유성구 장대동,경상사고,0,0,1,0,차대차 - 추돌 - 주정차중,안전운전불이행,건조,맑음,단일로 - 기타,승용,여,45세,상해없음,승용,남,66세,상해없음
2014120600100266,2014년 12월 6일 11시,토요일,대전광역시 유성구 봉명동,경상사고,0,0,1,0,차대차 - 기타,안전운전불이행,건조,맑음,교차로 - 교차로안,이륜,남,53세,경상,화물,남,44세,상해없음
2014120600100333,2014년 12월 6일 13시,토요일,대전광역시 서구 도안동,중상사고,0,1,0,0,차량단독 - 기타,안전운전불이행,건조,맑음,단일로 - 기타,승합,남,46세,상해없음,,,,
2014120600100334,2014년 12월 6일 13시,토요일,대전광역시 서구 정림동,경상사고,0,0,1,0,차량단독 - 기타,안전운전불이행,건조,맑음,단일로 - 기타,승합,남,55세,상해없음,,,,
2014120600100361,2014년 12월 6일 14시,토요일,대전광역시 대덕구 신대동,경상사고,0,0,1,0,차대차 - 추돌 - 주정차중,안전운전불이행,건조,맑음,교차로 - 교차로부근,승용,여,59세,기타불명,승용,여,31세,경상
2014120600100362,2014년 12월 6일 14시,토요일,대전광역시 유성구 봉명동,경상사고,0,0,2,0,차대차 - 기타,안전운전불이행,건조,맑음,기타 - 기타,승용,남,40세,상해없음,승용,여,31세,경상
2014120600100396,2014년 12월 6일 15시,토요일,대전광역시 동구 중동,경상사고,0,0,2,0,차대차 - 측면직각충돌,안전운전불이행,건조,맑음,단일로 - 기타,승용,여,22세,상해없음,승용,남,31세,경상
2014120600100397,2014년 12월 6일 15시,토요일,대전광역시 서구 내동,경상사고,0,0,1,0,차량단독 - 기타,안전운전불이행,건조,맑음,단일로 - 기타,승용,남,41세,상해없음,,,,
2014120600100474,2014년 12월 6일 17시,토요일,대전광역시 유성구 화암동,경상사고,0,0,2,0,차대차 - 추돌 - 진행중,안전운전불이행,건조,맑음,단일로 - 기타,건설기계,남,55세,상해없음,승용,남,62세,경상
2014120600100676,2014년 12월 6일 22시,토요일,대전광역시 서구 탄방동,경상사고,0,0,1,0,차대차 - 측면직각충돌,신호위반,건조,맑음,교차로 - 교차로부근,승용,남,60세,상해없음,자전거,남,22세,경상
2014120600100705,2014년 12월 6일 23시,토요일,대전광역시 서구 갈마동,경상사고,0,0,1,0,차대사람 - 횡단중,보행자보호의무위반,건조,맑음,단일로 - 횡단보도상,승용,남,32세,상해없음,보행자,여,26세,경상
2014120700100090,2014년 12월 7일 04시,일요일,대전광역시 중구 석교동,사망사고,1,0,0,0,차대사람 - 횡단중,안전운전불이행,건조,맑음,단일로 - 횡단보도상,승용,남,27세,상해없음,보행자,남,29세,사망
2014120700100114,2014년 12월 7일 06시,일요일,대전광역시 서구 월평동,경상사고,0,0,2,0,차대차 - 추돌 - 진행중,안전운전불이행,건조,맑음,교차로 - 교차로부근,승용,남,26세,상해없음,승용,남,56세,경상
2014120700100140,2014년 12월 7일 09시,일요일,대전광역시 동구 판암동,경상사고,0,0,1,0,차대차 - 추돌 - 진행중,안전운전불이행,건조,맑음,단일로 - 기타,승용,남,38세,상해없음,승용,여,39세,경상
2014120700100141,2014년 12월 7일 09시,일요일,대전광역시 서구 만년동,중상사고,0,1,0,0,차대사람 - 횡단중,안전운전불이행,건조,맑음,단일로 - 기타,승용,남,37세,상해없음,보행자,여,7세,중상
2014120700100174,2014년 12월 7일 11시,일요일,대전광역시 중구 문화동,경상사고,0,0,1,0,차대차 - 기타,안전운전불이행,건조,맑음,단일로 - 기타,승용,여,41세,상해없음,승용,남,54세,경상
2014120700100196,2014년 12월 7일 12시,일요일,대전광역시 유성구 전민동,경상사고,0,0,1,0,차대사람 - 기타,안전운전불이행,건조,맑음,교차로 - 교차로안,승용,남,39세,상해없음,보행자,여,52세,경상
2014120700100218,2014년 12월 7일 13시,일요일,대전광역시 동구 가양동,경상사고,0,0,1,0,차대차 - 측면직각충돌,안전운전불이행,건조,맑음,단일로 - 기타,승용,남,51세,상해없음,원동기,남,25세,경상
2014120700100245,2014년 12월 7일 14시,일요일,대전광역시 유성구 구암동,중상사고,0,1,1,0,차대사람 - 횡단중,보행자보호의무위반,건조,맑음,단일로 - 횡단보도상,승용,남,30세,상해없음,보행자,남,38세,중상
2014120700100339,2014년 12월 7일 17시,일요일,대전광역시 서구 용문동,경상사고,0,0,6,0,차대차 - 추돌 - 진행중,안전운전불이행,건조,맑음,단일로 - 기타,승용,여,30세,상해없음,승용,남,59세,경상
2014120700100340,2014년 12월 7일 17시,일요일,대전광역시 유성구 봉명동,경상사고,0,0,2,0,차대차 - 추돌 - 진행중,안전운전불이행,건조,맑음,교차로 - 교차로부근,승용,남,32세,상해없음,승용,여,50세,경상
2014120700100383,2014년 12월 7일 18시,일요일,대전광역시 중구 유천동,경상사고,0,0,3,0,차대차 - 기타,교차로운행방법위반,건조,맑음,교차로 - 교차로안,승용,남,68세,경상,승용,남,25세,경상
2014120700100468,2014년 12월 7일 21시,일요일,대전광역시 서구 도마동,경상사고,0,0,1,0,차대사람 - 보도통행중,안전운전불이행,건조,맑음,교차로 - 교차로부근,이륜,기타불명,기타불명,기타불명,보행자,여,52세,경상
2014120700100469,2014년 12월 7일 21시,일요일,대전광역시 유성구 원내동,중상사고,0,1,0,0,차대사람 - 횡단중,보행자보호의무위반,건조,맑음,단일로 - 횡단보도상,승용,남,36세,상해없음,보행자,여,67세,중상
2014120700100509,2014년 12월 7일 23시,일요일,대전광역시 중구 오류동,중상사고,0,1,0,0,차대사람 - 횡단중,보행자보호의무위반,건조,맑음,단일로 - 횡단보도상,승용,남,53세,상해없음,보행자,남,37세,중상
2014120800100019,2014년 12월 8일 00시,월요일,대전광역시 대덕구 중리동,중상사고,0,1,0,0,차대사람 - 횡단중,안전운전불이행,건조,맑음,교차로 - 교차로안,승용,남,55세,상해없음,보행자,남,53세,중상
2014120800100040,2014년 12월 8일 02시,월요일,대전광역시 동구 용전동,경상사고,0,0,3,0,차대차 - 측면직각충돌,직진우회전진행방해,건조,맑음,교차로 - 교차로안,승용,남,59세,상해없음,승용,남,24세,경상
2014120800100041,2014년 12월 8일 02시,월요일,대전광역시 서구 탄방동,중상사고,0,2,3,0,차대차 - 기타,신호위반,습기,눈,교차로 - 교차로안,승용,여,19세,경상,승용,남,46세,중상
2014120800100067,2014년 12월 8일 05시,월요일,대전광역시 서구 갈마동,중상사고,0,2,0,0,차대차 - 기타,중앙선침범,건조,맑음,교차로 - 교차로부근,승용,남,26세,상해없음,승용,여,25세,중상
2014120800100068,2014년 12월 8일 05시,월요일,대전광역시 서구 둔산동,경상사고,0,0,1,0,차대차 - 추돌 - 주정차중,안전운전불이행,결빙,눈,교차로 - 교차로부근,승용,남,24세,상해없음,승용,남,26세,경상
2014120800100093,2014년 12월 8일 06시,월요일,대전광역시 유성구 봉명동,경상사고,0,0,1,0,차대차 - 기타,신호위반,적설,눈,교차로 - 교차로안,승용,남,61세,상해없음,승용,남,59세,경상
2014120800100126,2014년 12월 8일 07시,월요일,대전광역시 유성구 죽동,경상사고,0,0,1,0,차대차 - 추돌 - 주정차중,안전운전불이행,결빙,눈,단일로 - 기타,승용,남,51세,상해없음,승용,남,54세,경상
2014120800100215,2014년 12월 8일 09시,월요일,대전광역시 유성구 용계동,경상사고,0,0,1,0,차대차 - 기타,신호위반,건조,맑음,교차로 - 교차로안,승용,남,55세,상해없음,승용,남,36세,경상
2014120800100291,2014년 12월 8일 12시,월요일,대전광역시 서구 괴정동,경상사고,0,0,2,0,차대차 - 측면직각충돌,중앙선침범,습기,흐림,단일로 - 기타,승용,남,36세,상해없음,승용,남,37세,경상
2014120800100323,2014년 12월 8일 13시,월요일,대전광역시 동구 자양동,경상사고,0,0,1,0,차대사람 - 횡단중,안전운전불이행,건조,맑음,단일로 - 기타,화물,남,45세,상해없음,보행자,남,67세,경상
2014120800100324,2014년 12월 8일 13시,월요일,대전광역시 유성구 봉명동,경상사고,0,0,1,0,차대차 - 추돌 - 진행중,안전운전불이행,건조,맑음,교차로 - 교차로안,화물,남,53세,상해없음,승용,남,62세,경상
2014120800100325,2014년 12월 8일 13시,월요일,대전광역시 유성구 봉명동,경상사고,0,0,2,0,차대사람 - 횡단중,신호위반,건조,맑음,교차로 - 교차로안,승용,남,27세,상해없음,보행자,남,25세,경상